true_label	predicted_label	bonafide_prob
spoof	spoof	0.0009980148803773398
spoof	spoof	0.0009836681606721466
spoof	spoof	0.0011540255395537096
spoof	spoof	0.0011994598585664078
spoof	spoof	0.0018977539988813614
bonafide	bonafide	0.9975700888967566
spoof	spoof	0.001271333074846466
bonafide	bonafide	0.997650232096808
spoof	spoof	0.0011602657114618878
spoof	spoof	0.0008689920139341649
spoof	spoof	0.0012128208826742107
spoof	spoof	0.0017218326146841221
spoof	spoof	0.0012089904071110717
spoof	spoof	0.0011001607198468707
spoof	spoof	0.0014050928749135435
bonafide	bonafide	0.9976223276202763
spoof	spoof	0.0009528867103144334
bonafide	bonafide	0.997657050435467
spoof	spoof	0.0009363024435644482
spoof	spoof	0.0014506674125186712
spoof	spoof	0.0011781638232482268
spoof	spoof	0.0011913032286683415
spoof	spoof	0.0012584005486190849
spoof	spoof	0.0011825698914809447
spoof	spoof	0.0011905820219665385
spoof	spoof	0.0011125742399056213
spoof	spoof	0.000835010680757055
spoof	spoof	0.00107029267957683
spoof	spoof	0.001262095227566975
spoof	spoof	0.0010446600903671129
spoof	spoof	0.0012896706332662594
spoof	spoof	0.0015192652596167909
spoof	spoof	0.0014257252546477214
spoof	spoof	0.0012498046219383235
spoof	spoof	0.0017241405683625858
spoof	spoof	0.0010140641003048743
spoof	spoof	0.0012568445365057745
spoof	spoof	0.0013640543246635057
spoof	spoof	0.0011770381719710477
bonafide	bonafide	0.9977489989255596
spoof	spoof	0.0011738102108096865
spoof	bonafide	0.9961784836654215
spoof	spoof	0.0014080166858722735
spoof	spoof	0.0014215762738219522
spoof	spoof	0.0012888276534247286
bonafide	bonafide	0.9976531651155597
spoof	spoof	0.001305568753067022
spoof	spoof	0.001081496553702359
bonafide	bonafide	0.9976774938716683
spoof	spoof	0.0011285658745371519
spoof	spoof	0.0013123204066746866
bonafide	bonafide	0.9970536356479022
spoof	spoof	0.001254959298580374
spoof	spoof	0.0012151213958299456
spoof	spoof	0.001090660826994835
spoof	spoof	0.0008918614809656249
spoof	spoof	0.002469338070839678
spoof	spoof	0.0015680779976586835
spoof	spoof	0.0014790841120127364
spoof	spoof	0.0010384999503607057
spoof	spoof	0.0011438902409394486
spoof	spoof	0.001021283276644828
spoof	spoof	0.0011163385604360102
spoof	spoof	0.0012166594235437627
spoof	spoof	0.0011481521487313098
spoof	spoof	0.0010305949788530964
spoof	spoof	0.001081672230699866
spoof	spoof	0.0010035370636207316
spoof	spoof	0.0022651064911477395
spoof	spoof	0.0009620067702131363
bonafide	bonafide	0.9976627941163014
spoof	bonafide	0.5500421514722355
spoof	spoof	0.0012624940900654322
spoof	spoof	0.0015087464262023397
spoof	spoof	0.0009328137385207243
spoof	spoof	0.0009146234904880239
spoof	spoof	0.0012317114173953513
spoof	spoof	0.001102897404513023
bonafide	bonafide	0.9976720498236719
spoof	spoof	0.0013479965851126935
spoof	spoof	0.0008503464630159422
spoof	spoof	0.0011529440654759941
spoof	spoof	0.0013965060511204606
spoof	spoof	0.003357186938173183
spoof	spoof	0.01340660271759862
spoof	spoof	0.0012228895330342487
bonafide	bonafide	0.9972942906741843
bonafide	bonafide	0.9976661922788721
spoof	spoof	0.002218230607708055
spoof	bonafide	0.9946220590611641
spoof	spoof	0.0010778611461514838
spoof	spoof	0.000874530364161801
bonafide	bonafide	0.9976261582895263
spoof	spoof	0.0019494865532678743
spoof	spoof	0.0009910723751433005
spoof	spoof	0.0012303629697282908
bonafide	bonafide	0.9976940466889388
spoof	spoof	0.0010658786930787423
spoof	spoof	0.0009173008043684911
spoof	spoof	0.001338935784167403
spoof	spoof	0.0013084221880816647
spoof	spoof	0.0030940211615597428
spoof	spoof	0.001184955866619408
spoof	spoof	0.0009175003174000389
spoof	spoof	0.002127313767605933
spoof	spoof	0.0011138457288410474
spoof	spoof	0.0011939558428784572
spoof	spoof	0.0014858528306442244
spoof	spoof	0.001110118886183049
spoof	spoof	0.0009535751298949031
spoof	spoof	0.0014484566924008353
spoof	spoof	0.0015090104395548442
spoof	spoof	0.001285655917487879
bonafide	bonafide	0.9976256003751746
spoof	bonafide	0.9968792736455427
spoof	spoof	0.0012142981687632117
spoof	spoof	0.0011043724437094658
spoof	spoof	0.0012259387249456727
spoof	spoof	0.0015862453070913797
spoof	bonafide	0.9964728797436033
bonafide	bonafide	0.9977234801833178
spoof	spoof	0.0010487230056889507
spoof	spoof	0.001209214699876641
spoof	spoof	0.000779001335729583
spoof	spoof	0.002780729253682312
spoof	spoof	0.0011906160447223673
bonafide	bonafide	0.9976656470830555
spoof	spoof	0.0010904299334875218
spoof	spoof	0.0010603731354320693
spoof	spoof	0.0009743325024389668
spoof	spoof	0.001534278374756377
spoof	spoof	0.001280594846170678
spoof	spoof	0.0011502126214379977
spoof	spoof	0.0011400534838338532
spoof	spoof	0.001176947078817862
spoof	spoof	0.0012504791748663708
spoof	spoof	0.001066268684715921
spoof	spoof	0.001120758939179906
spoof	spoof	0.0011845651106807777
spoof	spoof	0.0014382390675067357
bonafide	bonafide	0.9977252448851073
spoof	spoof	0.0016558521658222886
spoof	spoof	0.001138679977663165
spoof	spoof	0.0011295655937894682
spoof	spoof	0.0016392291574968136
spoof	spoof	0.001185743412126952
spoof	spoof	0.001098875785997556
spoof	spoof	0.004526538452732852
spoof	spoof	0.0010223911242174223
spoof	spoof	0.001238813546486439
bonafide	bonafide	0.9977164370397688
spoof	spoof	0.0010177867958073188
bonafide	bonafide	0.9976190894402835
spoof	spoof	0.0011613097954895678
spoof	spoof	0.0017148496915877806
spoof	spoof	0.0009304005172717338
spoof	spoof	0.0008322877913854229
spoof	spoof	0.001039009596782871
bonafide	bonafide	0.9977084593051894
bonafide	bonafide	0.997392085364804
spoof	spoof	0.0008782656076489716
spoof	spoof	0.001071495228852541
spoof	spoof	0.0010101615480133477
spoof	spoof	0.0011603005267839597
bonafide	bonafide	0.9976898555350813
spoof	spoof	0.0016001543448488792
bonafide	bonafide	0.997533107338506
spoof	spoof	0.0011624323259029957
spoof	spoof	0.0012720531562803769
spoof	spoof	0.0013199731453888374
spoof	spoof	0.0009303943119776712
spoof	spoof	0.00094884864480592
spoof	spoof	0.000925115787087504
spoof	spoof	0.0010241775939459203
spoof	spoof	0.0009643135278733703
spoof	spoof	0.0012086659903483704
spoof	spoof	0.0013062643440947944
spoof	spoof	0.0008858415864904434
bonafide	bonafide	0.9977209709838308
spoof	spoof	0.0012249337357252133
spoof	spoof	0.0010210707032889917
spoof	spoof	0.0013121919873832284
spoof	spoof	0.0017739466086898188
spoof	spoof	0.0011687802476916345
spoof	spoof	0.0011079757827809915
spoof	spoof	0.0009739190366725156
spoof	spoof	0.0010874495913714669
bonafide	bonafide	0.9977178744401196
spoof	bonafide	0.9959451864556583
spoof	spoof	0.0010917710438941115
spoof	spoof	0.001300897660498
spoof	spoof	0.0011608944821359425
spoof	spoof	0.001172589859308153
spoof	spoof	0.0009478384724206904
spoof	spoof	0.0014118656156522033
bonafide	bonafide	0.9977302052494065
bonafide	bonafide	0.997715709035258
spoof	spoof	0.001524715611163936
spoof	spoof	0.0007715703877410972
spoof	spoof	0.0011381263761865929
spoof	spoof	0.0011709828205979768
spoof	spoof	0.0011573843597489624
spoof	spoof	0.0011597831017733492
spoof	spoof	0.0013617030507619588
spoof	spoof	0.0022078367135355327
spoof	spoof	0.0011567858621599277
spoof	spoof	0.0011667085012725118
spoof	spoof	0.0011137478500858177
spoof	spoof	0.0013978519448745506
spoof	spoof	0.0026671097961634108
spoof	spoof	0.000869484408298843
spoof	spoof	0.001448938512176734
bonafide	bonafide	0.9977072025200221
spoof	spoof	0.000950564240856393
spoof	spoof	0.0009460360737348632
spoof	spoof	0.0011570737747517569
spoof	spoof	0.0010218037084799095
spoof	spoof	0.0008510875693567743
spoof	spoof	0.0011593271964206258
spoof	spoof	0.0009788754288175482
spoof	spoof	0.0010776522084056347
spoof	spoof	0.002716092158975242
spoof	spoof	0.0015703218480730633
spoof	spoof	0.0013456969836094467
spoof	spoof	0.001190456429702197
spoof	spoof	0.0009416081778652852
spoof	spoof	0.0010435577139919273
bonafide	bonafide	0.9977136231621602
bonafide	bonafide	0.9976675402878261
spoof	spoof	0.0012222257700877355
spoof	spoof	0.0011088796394173991
spoof	spoof	0.0009867939085757575
spoof	spoof	0.0013490073271703602
spoof	spoof	0.001171643340308986
spoof	spoof	0.2885932928464596
spoof	spoof	0.0010434051191793873
spoof	spoof	0.002970893383893004
spoof	spoof	0.002043662690036777
spoof	spoof	0.0013524745675593914
spoof	spoof	0.0011502323436045105
spoof	spoof	0.0009829201097101062
spoof	spoof	0.0009496144441477985
spoof	spoof	0.0012027273385274097
bonafide	bonafide	0.9974590285231496
spoof	spoof	0.0015045918766644455
spoof	spoof	0.001423232926476293
spoof	spoof	0.0020263137234189355
spoof	spoof	0.0011659149807773071
spoof	spoof	0.0012711820244970498
spoof	spoof	0.0012585282053540414
spoof	spoof	0.0008553804726712102
spoof	spoof	0.0009947536343016536
spoof	spoof	0.0014297910117090687
spoof	spoof	0.0029240391685207067
spoof	spoof	0.001137227414826853
spoof	spoof	0.001157468427680374
bonafide	bonafide	0.9977000451236592
spoof	spoof	0.005510773801518808
spoof	spoof	0.001075274353758097
spoof	spoof	0.001134046390413158
spoof	spoof	0.0013076002813988054
spoof	spoof	0.0033252103644436405
spoof	spoof	0.0024095455718560156
spoof	spoof	0.0013088051316048868
bonafide	bonafide	0.9977368378167754
spoof	spoof	0.0016313034616754706
spoof	spoof	0.0011399989136276177
spoof	spoof	0.0010572245427000239
spoof	spoof	0.0013950754224727729
spoof	spoof	0.0010347868427619507
spoof	spoof	0.0010458206683285464
spoof	spoof	0.0014151501487275247
spoof	spoof	0.0008740319916855561
spoof	spoof	0.0017015597315530647
spoof	spoof	0.001214892826469312
spoof	spoof	0.0009576287289082455
spoof	spoof	0.0011483982589315129
spoof	spoof	0.0012599143826673965
spoof	spoof	0.0012876114301492469
spoof	spoof	0.001140093666549146
spoof	spoof	0.0010750349364986953
spoof	spoof	0.0015717818638796277
spoof	spoof	0.0013836358464830389
spoof	spoof	0.0014374093054047854
spoof	spoof	0.0016552185222907675
spoof	spoof	0.0020416870317705354
spoof	spoof	0.001247633995828276
spoof	spoof	0.0011967804959827982
spoof	spoof	0.001145262933420469
bonafide	bonafide	0.9967232126783183
spoof	spoof	0.0009821419816320475
spoof	spoof	0.0012073277915668214
spoof	spoof	0.0012369081942978175
spoof	spoof	0.0010981911184533121
spoof	spoof	0.0011730632655005298
spoof	spoof	0.0011674341679933477
spoof	spoof	0.0012956261095972896
spoof	spoof	0.0010360376277879929
spoof	spoof	0.0013551990084271761
spoof	spoof	0.0010053306090685437
spoof	spoof	0.020137044833568506
spoof	spoof	0.001310704051878089
spoof	spoof	0.0010668564803191067
spoof	spoof	0.001363946829268311
spoof	spoof	0.0010799692116102893
spoof	spoof	0.0012374649945994102
spoof	spoof	0.0010978320804380971
spoof	spoof	0.0010931216119563739
spoof	spoof	0.0011306938261154535
spoof	spoof	0.0013819041380009622
spoof	spoof	0.0011336483753822272
spoof	spoof	0.0012580200524649606
spoof	spoof	0.001965334742419355
spoof	spoof	0.0012022720364483098
spoof	spoof	0.0010319333564765346
bonafide	bonafide	0.9976843561230466
spoof	spoof	0.001295244241429612
spoof	spoof	0.0011134874124333987
spoof	spoof	0.0011764146751269966
spoof	spoof	0.0030434060678436793
spoof	spoof	0.0010838151022808814
spoof	spoof	0.0009087310201009743
spoof	spoof	0.0014230201494380538
bonafide	bonafide	0.9977379648599213
spoof	spoof	0.0009865908567563912
spoof	spoof	0.0011979469706737242
spoof	spoof	0.000866575915624924
spoof	spoof	0.0021249222117115814
spoof	spoof	0.0012428484823947192
spoof	spoof	0.0008614758711302218
bonafide	bonafide	0.9975618522395918
spoof	spoof	0.001092964640841764
bonafide	bonafide	0.9976933894753383
spoof	spoof	0.0014964976275226207
spoof	spoof	0.0011555911701983633
spoof	spoof	0.001243901621542439
spoof	spoof	0.0009297626964658712
bonafide	bonafide	0.9976910031748348
spoof	spoof	0.0012910092955129954
spoof	spoof	0.001273494238140293
spoof	spoof	0.0014746041929065822
spoof	spoof	0.001239402191718831
spoof	spoof	0.0012216231639554248
spoof	spoof	0.0023971390646231345
spoof	spoof	0.0013788936279425035
spoof	spoof	0.0011881323873633748
spoof	spoof	0.03844669073169406
spoof	spoof	0.001721947365313448
bonafide	bonafide	0.9976972423163396
spoof	spoof	0.0012696471110676994
spoof	spoof	0.0008491806845954521
spoof	spoof	0.00087565560867645
bonafide	bonafide	0.9976644913143055
spoof	spoof	0.0010061656729140021
spoof	spoof	0.0010608222546802993
spoof	spoof	0.0009078435283952143
spoof	spoof	0.0010456587773456873
spoof	spoof	0.001458721448337239
spoof	spoof	0.0011649264042862223
spoof	spoof	0.0012448821342778322
spoof	spoof	0.0011183409390904087
spoof	spoof	0.001039475424191904
spoof	spoof	0.0023624124527639547
spoof	spoof	0.0011337099316773504
spoof	spoof	0.0011890856985112793
spoof	spoof	0.0011304057400233285
spoof	spoof	0.0013472515351530938
spoof	spoof	0.0015833985630008492
spoof	spoof	0.0010911846089836368
spoof	spoof	0.0011846680771910743
spoof	spoof	0.0010535629864465968
spoof	spoof	0.0010812395293468896
spoof	spoof	0.0011271205623388527
bonafide	bonafide	0.9977249586198507
spoof	spoof	0.0025352668663978137
spoof	spoof	0.0012253970256930998
spoof	spoof	0.0012930126561089984
spoof	spoof	0.0014079938907789664
bonafide	bonafide	0.9977399328811869
bonafide	bonafide	0.9977229808389432
spoof	spoof	0.0010526374819217997
spoof	spoof	0.0015456573243607832
spoof	spoof	0.0009900043254886268
bonafide	bonafide	0.9976244711584694
spoof	spoof	0.001370228517543697
spoof	spoof	0.0011840915798533957
spoof	bonafide	0.5165995691054015
bonafide	bonafide	0.9976819638071085
spoof	spoof	0.0011265669403165307
spoof	spoof	0.001534763123658424
spoof	spoof	0.0011714142919736466
spoof	bonafide	0.9907839292183428
spoof	spoof	0.001226709365398603
spoof	spoof	0.0011292296561762143
spoof	spoof	0.0009679203884678242
spoof	spoof	0.0012362751013476525
spoof	spoof	0.000892506064434472
spoof	spoof	0.0009521602310635493
spoof	spoof	0.0012708954110935311
bonafide	bonafide	0.9976781743814337
spoof	spoof	0.0013414371858750367
spoof	spoof	0.0010617971784932787
bonafide	bonafide	0.9974241628771255
spoof	spoof	0.0011913437970938374
spoof	spoof	0.0012698161209301762
spoof	spoof	0.001939814398743677
spoof	spoof	0.0008593938159365602
spoof	spoof	0.0014063475852503734
spoof	spoof	0.0011620758321039878
spoof	spoof	0.001051824260901767
spoof	spoof	0.0011026271591919271
spoof	spoof	0.0011616530525065114
spoof	spoof	0.0012023816941002475
spoof	spoof	0.0011070246779916885
spoof	spoof	0.0012081258725382777
spoof	spoof	0.001242998538035769
spoof	spoof	0.001613139609988311
spoof	spoof	0.001010088408868889
spoof	spoof	0.0012176782196745362
spoof	spoof	0.0013029448875357076
spoof	spoof	0.0013570846911686403
spoof	spoof	0.0019872714978283875
spoof	spoof	0.0009973713749528762
spoof	spoof	0.0008182703882694235
spoof	spoof	0.001006888948158512
bonafide	bonafide	0.9976906357063652
spoof	spoof	0.002837050504747835
spoof	spoof	0.0011814867396040302
spoof	spoof	0.001083430053198583
spoof	spoof	0.0009624293964282655
spoof	spoof	0.0011387255356930335
spoof	spoof	0.0012549073032149679
spoof	spoof	0.0016338530758046648
spoof	spoof	0.0010783926566382109
spoof	spoof	0.0010474696450775672
spoof	spoof	0.0018821711293200533
spoof	spoof	0.0010808373752300433
spoof	spoof	0.0011521535851519741
spoof	spoof	0.0010817817212512822
spoof	spoof	0.0014865169272753307
spoof	spoof	0.001103513516918614
spoof	spoof	0.0010602193469239347
spoof	spoof	0.0011573267560650309
spoof	spoof	0.0010073459075141706
spoof	spoof	0.0010680554272829484
spoof	spoof	0.00111690391905496
bonafide	bonafide	0.9976990185528335
spoof	spoof	0.002052730874200704
spoof	spoof	0.001144272499767108
spoof	spoof	0.001118935556813434
spoof	spoof	0.001288513442030788
spoof	spoof	0.0013685425655961085
spoof	spoof	0.0010946547600025848
spoof	spoof	0.0012727851616327365
spoof	spoof	0.001714317953271626
spoof	spoof	0.0012353840197379745
spoof	spoof	0.0011077699838002136
spoof	bonafide	0.9865148358370364
spoof	spoof	0.0009432542992526132
spoof	spoof	0.0014106150569286634
bonafide	bonafide	0.9976584699911895
spoof	spoof	0.0008786129664120082
spoof	spoof	0.001127064463201886
spoof	spoof	0.0011947476557368267
bonafide	bonafide	0.997622914571672
spoof	spoof	0.0010518127374737696
spoof	spoof	0.0014750269231431842
spoof	spoof	0.0020051239991226238
bonafide	bonafide	0.9961039802630595
spoof	spoof	0.0016812177889240318
spoof	spoof	0.0011131040273990374
spoof	spoof	0.0008750619547987212
spoof	spoof	0.0016469725735849222
spoof	spoof	0.0015041352626298668
spoof	spoof	0.0010796840070613292
bonafide	bonafide	0.9976946472341074
spoof	spoof	0.0008457285806596487
bonafide	bonafide	0.997533512129845
spoof	spoof	0.0012569576688519154
spoof	spoof	0.001239938559302868
spoof	spoof	0.0010141954992517498
spoof	spoof	0.004147168174433358
spoof	spoof	0.0009774702877258592
spoof	spoof	0.001957708591119892
spoof	spoof	0.001428151896958736
spoof	spoof	0.0009604917462857395
spoof	spoof	0.0010193787478080623
bonafide	bonafide	0.9977481002239079
spoof	spoof	0.0009496834348235619
spoof	spoof	0.001097852735673115
spoof	spoof	0.001210071944316493
bonafide	bonafide	0.9976467155951143
spoof	spoof	0.0009588923106527027
spoof	spoof	0.001050445351795117
spoof	spoof	0.001287046498996213
spoof	spoof	0.0011253945778767521
bonafide	bonafide	0.9970975716185875
spoof	spoof	0.0007854933969123533
spoof	spoof	0.001258476062308318
spoof	spoof	0.0008785072794927308
spoof	spoof	0.0013477706522654306
spoof	spoof	0.0027292382068447637
spoof	spoof	0.001166382917654544
bonafide	bonafide	0.997634271067613
spoof	spoof	0.001076949714674235
spoof	spoof	0.0012116064736824052
bonafide	bonafide	0.9976685897426036
spoof	spoof	0.0011497826526153563
spoof	spoof	0.0011900185195912868
bonafide	bonafide	0.997720895085137
spoof	spoof	0.000960624218525247
spoof	spoof	0.0011300628247221253
spoof	spoof	0.0009153699781451831
spoof	spoof	0.0011834612510464538
spoof	spoof	0.0010627879312554052
spoof	spoof	0.0009744515629671312
spoof	spoof	0.0015308522383469523
spoof	spoof	0.001114930662564742
spoof	spoof	0.0008896083577139259
spoof	spoof	0.0010352266155792924
bonafide	bonafide	0.9977588983756875
spoof	spoof	0.001343928854924447
spoof	spoof	0.0010605708962580617
spoof	spoof	0.0013570281472002127
spoof	spoof	0.0010763243211756104
spoof	spoof	0.0010794477223366864
spoof	spoof	0.0016669234724390797
spoof	spoof	0.001093255953377335
spoof	spoof	0.0011360915883196763
spoof	spoof	0.0022169750500951276
spoof	spoof	0.002668932452177812
spoof	spoof	0.0013681988481007502
spoof	spoof	0.0016599605561748443
spoof	spoof	0.0011252359253427731
spoof	spoof	0.001342427673907879
spoof	spoof	0.001311787126975796
spoof	spoof	0.0010236218216079533
spoof	spoof	0.0015696539986114356
spoof	spoof	0.0015784408647929124
spoof	spoof	0.0015386576123616095
spoof	spoof	0.001376671510012225
spoof	spoof	0.0010777012307055113
spoof	spoof	0.002538209623443663
spoof	spoof	0.001308881796070909
spoof	spoof	0.0009993462173443367
spoof	spoof	0.001192911418327891
spoof	spoof	0.0012970917001200618
spoof	spoof	0.003971854776656018
spoof	spoof	0.0011508976166768198
spoof	spoof	0.0009431713969976243
spoof	spoof	0.0013549515455949781
spoof	spoof	0.003102907070441988
spoof	spoof	0.0010380217037719815
spoof	spoof	0.0009191161544515315
spoof	spoof	0.0010657949244096063
spoof	spoof	0.0009310179290449074
spoof	spoof	0.0010544508793938318
spoof	spoof	0.0013219071325730862
spoof	spoof	0.0012197395718052308
spoof	spoof	0.0015469718095314287
bonafide	bonafide	0.9976807057647509
spoof	spoof	0.0022784327570318503
spoof	spoof	0.0009061661115212969
spoof	spoof	0.0014180668355710233
spoof	spoof	0.001022171503727737
spoof	spoof	0.0015255851628482595
spoof	spoof	0.0012617061047946448
spoof	spoof	0.0014249223778372206
spoof	spoof	0.0019516401785906752
spoof	spoof	0.001614622845007249
spoof	spoof	0.0011675484369440864
spoof	spoof	0.0015148351063351553
bonafide	bonafide	0.9976304568404905
spoof	spoof	0.0012249276102668358
spoof	bonafide	0.7145280181272057
spoof	spoof	0.0010812073412177301
spoof	spoof	0.0011925365008697494
spoof	spoof	0.0011867623506982134
spoof	spoof	0.0010260776381079662
spoof	spoof	0.0010466599137518
spoof	spoof	0.0012141452129090932
spoof	spoof	0.0015354600125191149
spoof	spoof	0.001214126998276896
spoof	spoof	0.0011557218956942037
spoof	spoof	0.0011924362587992067
spoof	spoof	0.0010931976325953576
spoof	spoof	0.0009917096946085377
spoof	spoof	0.001251769457966697
spoof	spoof	0.0012228487652874156
spoof	spoof	0.0014617180623076606
spoof	spoof	0.0017487036568960882
spoof	spoof	0.0008497652971220813
spoof	spoof	0.0008837819536406411
spoof	spoof	0.0026908413161946336
spoof	spoof	0.0011331422824500824
spoof	spoof	0.0016542700858776763
spoof	spoof	0.0012152466932074657
spoof	spoof	0.001210658768998245
bonafide	bonafide	0.9977071032565035
spoof	spoof	0.0010918311088511923
spoof	spoof	0.001397540471238364
spoof	spoof	0.0012871197452231848
spoof	spoof	0.0011029572928962044
spoof	spoof	0.0011131093291972464
spoof	spoof	0.001496341594247972
spoof	spoof	0.002233407476353366
spoof	spoof	0.0011221349039261168
spoof	spoof	0.001068271665587091
spoof	spoof	0.0017444553103206594
spoof	spoof	0.0010077082639541764
spoof	spoof	0.0010846760210653213
spoof	spoof	0.0023841712856322683
spoof	spoof	0.0017588146166669693
spoof	spoof	0.0011610302306963847
spoof	spoof	0.0011784983043848962
spoof	spoof	0.0013840259442021207
spoof	spoof	0.0011312672548128315
spoof	spoof	0.0013237389884669475
spoof	spoof	0.001369291223204883
spoof	spoof	0.0013729968454483548
spoof	spoof	0.0015068960363750748
spoof	spoof	0.0011485760379575983
bonafide	bonafide	0.9974949263818257
spoof	spoof	0.0027490688308305466
bonafide	bonafide	0.9976590090637113
spoof	spoof	0.0012201358151459776
bonafide	bonafide	0.997691657223215
spoof	spoof	0.001712988308213015
spoof	spoof	0.0010936692347234226
spoof	spoof	0.0009542283613648117
spoof	spoof	0.001397246365331157
spoof	spoof	0.000904698218312329
spoof	spoof	0.0011785982181501604
bonafide	bonafide	0.9977084473130923
bonafide	bonafide	0.9976186850665585
spoof	spoof	0.001190945832247551
spoof	spoof	0.0012767016718338508
spoof	spoof	0.0009531663776246573
bonafide	bonafide	0.9977077903775803
spoof	spoof	0.0010220750998638924
spoof	spoof	0.0013430152823181208
spoof	spoof	0.0010792174008892
spoof	spoof	0.0010553070965576329
spoof	spoof	0.0013132190678530446
bonafide	bonafide	0.9976270287811626
spoof	spoof	0.0010305665059138684
spoof	spoof	0.0011713052237753764
spoof	spoof	0.0012910013030537652
bonafide	bonafide	0.9976985083807389
bonafide	bonafide	0.9976678365347361
spoof	spoof	0.003418773360225274
spoof	spoof	0.001817951863645144
spoof	spoof	0.001012196646210693
spoof	spoof	0.0012558390634689384
spoof	spoof	0.0010210257134530807
spoof	spoof	0.0011497062609447035
spoof	spoof	0.0009400132889502946
spoof	spoof	0.0016401627382443694
spoof	spoof	0.0009649067659506229
spoof	spoof	0.0008372973571358559
spoof	spoof	0.0010591994524728067
spoof	spoof	0.0009616312835691045
spoof	spoof	0.0009356427511375646
spoof	spoof	0.0010787296722656666
spoof	spoof	0.0032989640349419215
spoof	spoof	0.0008944707333728861
bonafide	bonafide	0.9977021280508902
spoof	spoof	0.001026364830575351
spoof	spoof	0.0010897518201595526
spoof	spoof	0.0017348775936175279
spoof	spoof	0.0009558785372774725
spoof	spoof	0.0020127271053110647
bonafide	bonafide	0.997725922795363
spoof	spoof	0.001135759392090971
bonafide	bonafide	0.9976179888622371
spoof	spoof	0.0010514385451280725
spoof	spoof	0.0011577962130354324
spoof	spoof	0.0012579167091846437
spoof	spoof	0.0012472270515608232
spoof	spoof	0.0008864607066182218
spoof	spoof	0.0012561530939906548
spoof	spoof	0.0012522157504583579
spoof	spoof	0.0010408156545369627
spoof	spoof	0.0009650345597295519
bonafide	bonafide	0.9974451608618567
spoof	spoof	0.001833316386442697
spoof	spoof	0.0012982698778370445
spoof	spoof	0.0011852180414783002
spoof	spoof	0.0012011548424860007
spoof	spoof	0.0010620683040475642
bonafide	bonafide	0.9976095969500994
spoof	spoof	0.001846996071844043
bonafide	bonafide	0.9973121571336766
spoof	spoof	0.0012872803498471797
spoof	spoof	0.0009500327628275259
spoof	spoof	0.001609131976133572
spoof	spoof	0.001016789757344854
spoof	spoof	0.0011302156971990064
spoof	spoof	0.000916001861987355
spoof	spoof	0.0009318206214494624
bonafide	bonafide	0.9976449965476583
spoof	spoof	0.0009233457805628044
spoof	spoof	0.0010162024101398053
spoof	spoof	0.0013459597433012262
spoof	spoof	0.0013429123203963919
bonafide	bonafide	0.9977123893366462
spoof	spoof	0.0009543297374945375
spoof	spoof	0.0010744208891497885
spoof	spoof	0.0011379385598094698
spoof	spoof	0.0011678164984620292
spoof	spoof	0.00109872008283619
spoof	spoof	0.001203003753637603
spoof	spoof	0.0015009371192214315
spoof	spoof	0.00103245970164274
spoof	spoof	0.0012395996495777825
spoof	spoof	0.000980231922166689
spoof	spoof	0.0010443953940916049
spoof	spoof	0.0012001955823833415
spoof	spoof	0.0012034275223297881
spoof	spoof	0.0011313359564494555
spoof	spoof	0.0013548689604832333
spoof	spoof	0.003932088060115586
spoof	spoof	0.0011658702797100403
spoof	spoof	0.0011203274282610496
spoof	spoof	0.001843336967323589
spoof	spoof	0.0015559237346902748
spoof	spoof	0.001043970627004132
bonafide	bonafide	0.9977032958313823
bonafide	bonafide	0.9976586793977035
spoof	spoof	0.0012651884264632976
spoof	bonafide	0.9628487025757805
spoof	spoof	0.0018257956965543592
spoof	spoof	0.0011011022626545156
spoof	spoof	0.0012275295962191936
spoof	spoof	0.0011376101588297157
spoof	spoof	0.001020220851779163
spoof	spoof	0.0011099222055019123
spoof	spoof	0.0015125850793715262
spoof	spoof	0.0014241569097788618
spoof	spoof	0.001957497576800204
spoof	spoof	0.00116263054826545
spoof	spoof	0.001046473218182057
spoof	spoof	0.0011943221049185266
spoof	spoof	0.0011435612136505469
spoof	spoof	0.001168714284574257
spoof	spoof	0.0008538267562545576
spoof	spoof	0.0011158832372040602
spoof	spoof	0.0010794574915190779
spoof	spoof	0.0012606385110145032
spoof	spoof	0.005002048393103927
spoof	spoof	0.0012207353629630846
bonafide	bonafide	0.9976741547260068
spoof	spoof	0.0013218976900888119
spoof	spoof	0.0012155534802824877
spoof	spoof	0.0011092808560240973
spoof	spoof	0.001232704054556502
spoof	spoof	0.0015179002035311136
spoof	spoof	0.0015730668552325037
spoof	spoof	0.00086644752644154
spoof	spoof	0.001172799028243472
bonafide	bonafide	0.9976833071360787
spoof	spoof	0.0009760550725277251
spoof	spoof	0.0011303099070744992
spoof	spoof	0.0011723734687260042
spoof	spoof	0.0010957888715398783
spoof	spoof	0.0015129239552817578
spoof	spoof	0.0011693309203629127
spoof	spoof	0.0010895265679534893
spoof	spoof	0.0010823079455521021
spoof	spoof	0.00105998327820876
spoof	spoof	0.0013356447159160916
spoof	spoof	0.003734990770756325
spoof	spoof	0.0013681447733874883
spoof	spoof	0.0011011775264311778
bonafide	bonafide	0.9976840762926303
spoof	spoof	0.0013085321677273477
spoof	spoof	0.001253952943107819
bonafide	bonafide	0.9977322296365296
spoof	spoof	0.0016165287290569232
spoof	spoof	0.001164657341272745
spoof	spoof	0.0011034733080581352
spoof	spoof	0.0010866038120287893
spoof	bonafide	0.8446001822918869
spoof	spoof	0.0011264515806998557
spoof	spoof	0.0013372997464958236
spoof	spoof	0.0008969461606640945
spoof	spoof	0.001505680070946492
spoof	spoof	0.0012362995356732778
spoof	spoof	0.0012381676859963486
spoof	spoof	0.0015505937859515212
spoof	spoof	0.0010348050807489372
spoof	spoof	0.0012998613240288394
spoof	bonafide	0.9962964737238055
spoof	spoof	0.0018941419153857277
bonafide	bonafide	0.9971787256754922
spoof	spoof	0.0011807337904615209
bonafide	bonafide	0.997670779764947
spoof	spoof	0.0008895894978813541
spoof	spoof	0.0011243463308922578
spoof	spoof	0.0015151777318601052
spoof	spoof	0.001104966484619434
spoof	spoof	0.0013102225905757402
spoof	spoof	0.0009395617789967951
spoof	spoof	0.0009843410487654469
bonafide	bonafide	0.9961794982712178
spoof	spoof	0.001087106488675247
spoof	spoof	0.0029302140377827734
spoof	spoof	0.0010685146678520074
spoof	spoof	0.0014978466742390192
spoof	spoof	0.0009304550369898871
spoof	spoof	0.001355120602671814
spoof	spoof	0.001195684059028152
spoof	spoof	0.0012200840986778011
spoof	spoof	0.0022618952406668626
spoof	spoof	0.0010474180051000964
spoof	spoof	0.002187694575776289
spoof	spoof	0.0011633353968857473
spoof	spoof	0.0016707526522717875
spoof	spoof	0.4739088021417465
bonafide	bonafide	0.9975147798297902
spoof	spoof	0.0010164229282219224
spoof	spoof	0.0010543778014666788
spoof	spoof	0.0011237472353163743
spoof	spoof	0.0012521638686208883
spoof	spoof	0.0011954531632919407
spoof	spoof	0.0008800299780865122
spoof	spoof	0.0016239033783192792
spoof	bonafide	0.8499029761665483
spoof	spoof	0.001345065928821979
spoof	spoof	0.0008997389307468303
spoof	spoof	0.0012356279145523882
spoof	spoof	0.0008908355285153904
spoof	spoof	0.0011310886500597494
bonafide	bonafide	0.997671889788914
bonafide	bonafide	0.9976942902164752
spoof	spoof	0.0013145780718033264
spoof	spoof	0.0009098740048584471
spoof	spoof	0.001084337407948048
spoof	spoof	0.0012630052508439764
spoof	spoof	0.0009915337355919374
spoof	spoof	0.001471817345865424
bonafide	bonafide	0.9977157171858435
bonafide	bonafide	0.997625482902854
spoof	spoof	0.0010843216550652293
spoof	spoof	0.0012462589386369918
spoof	spoof	0.0012259752165185338
spoof	bonafide	0.8693586226454922
spoof	spoof	0.001333206794694914
spoof	spoof	0.001423534866884487
spoof	spoof	0.0014406554232166409
spoof	spoof	0.0010487197586471644
bonafide	bonafide	0.9976513016113203
spoof	spoof	0.0009740825922361755
bonafide	bonafide	0.9976852411124999
spoof	spoof	0.0014906915514030425
spoof	spoof	0.001475458204545117
spoof	spoof	0.001123395636089396
spoof	spoof	0.0011283987135765107
bonafide	bonafide	0.9976651795125483
spoof	spoof	0.00107311819194788
spoof	spoof	0.00152291817201164
bonafide	bonafide	0.9975595966165142
spoof	spoof	0.0010339814876906095
spoof	spoof	0.000947524480954005
spoof	spoof	0.001023541126772104
spoof	spoof	0.0012231164012178905
spoof	spoof	0.001223274272685387
spoof	spoof	0.0016456993851918687
bonafide	bonafide	0.9976962879282028
bonafide	bonafide	0.997291419833458
spoof	spoof	0.0010815395687483408
spoof	spoof	0.00147027362630949
spoof	spoof	0.0010167415656453657
spoof	spoof	0.001110294712224296
spoof	spoof	0.0011261149590558067
spoof	spoof	0.001302754723348199
spoof	spoof	0.0012087186625781877
spoof	spoof	0.0011743735980799443
spoof	spoof	0.0011120507955606157
spoof	spoof	0.0010235267437677968
bonafide	bonafide	0.99768778405923
spoof	spoof	0.0011086404047824913
bonafide	bonafide	0.9975546865867253
spoof	spoof	0.0012083195045260533
bonafide	bonafide	0.9976025393478659
spoof	spoof	0.001147951197815243
spoof	spoof	0.0011103087266243785
spoof	spoof	0.0010156932952559649
spoof	spoof	0.0020716591024272225
spoof	spoof	0.0010723231314381675
spoof	spoof	0.0014910244647905729
spoof	spoof	0.0011516556959681819
spoof	spoof	0.0011742804737663252
spoof	bonafide	0.9970120644917377
spoof	bonafide	0.9836079344913402
spoof	spoof	0.0010030175646623355
spoof	spoof	0.0010681118994211169
spoof	spoof	0.0011807568471581887
spoof	spoof	0.0010692620866615096
spoof	spoof	0.0012216947279044784
spoof	spoof	0.0010938143238364616
spoof	spoof	0.0010731524397790606
spoof	spoof	0.0010823785749273836
bonafide	bonafide	0.9975808267604311
spoof	spoof	0.0012910234361388439
spoof	spoof	0.0015085535639727686
spoof	spoof	0.0010907512238048972
spoof	spoof	0.001735015923791109
spoof	spoof	0.0013767567334206073
spoof	spoof	0.04095039820097068
spoof	spoof	0.0013876303081643143
spoof	spoof	0.0009236310861503095
spoof	spoof	0.001061622956125405
spoof	spoof	0.0011992065310348456
spoof	spoof	0.0010634272489669946
bonafide	bonafide	0.9976817068489804
bonafide	bonafide	0.997670207929885
spoof	spoof	0.001237647408478041
spoof	spoof	0.0012606081931233206
spoof	spoof	0.0013090363852172255
spoof	spoof	0.0030332131083853613
spoof	spoof	0.0008922129369846786
spoof	spoof	0.0011301920113785636
spoof	spoof	0.000820312690972693
bonafide	bonafide	0.9976515334430262
spoof	spoof	0.0008135733966255605
spoof	spoof	0.0012185429076538084
bonafide	bonafide	0.9976821082646499
bonafide	bonafide	0.9974469555871078
spoof	spoof	0.00114081285048308
spoof	spoof	0.0017997811482081403
spoof	spoof	0.0010768476371643993
spoof	spoof	0.0008873342885804838
spoof	spoof	0.001567926829495569
spoof	spoof	0.0011571478997196977
spoof	spoof	0.0011937113514956781
spoof	spoof	0.0007793586662346696
bonafide	bonafide	0.9977140815973432
spoof	spoof	0.0010610072116331991
spoof	spoof	0.0011617772695743352
spoof	spoof	0.002646387086081081
bonafide	bonafide	0.9977132957300059
spoof	spoof	0.0011218343018560022
spoof	spoof	0.001272519397487483
spoof	spoof	0.0012799580126674332
spoof	spoof	0.0008934798781480482
spoof	spoof	0.0015200998628582766
spoof	spoof	0.0013206738850903446
spoof	spoof	0.0013266001804676146
spoof	spoof	0.0020297552014226093
spoof	spoof	0.0010012052485443477
spoof	spoof	0.0012426061230383788
bonafide	bonafide	0.9976005073343858
spoof	spoof	0.001230015543886652
bonafide	bonafide	0.9976800640719529
spoof	spoof	0.0013027609272888165
spoof	spoof	0.0010755914395249359
spoof	spoof	0.0008590303111742979
spoof	spoof	0.0012507421286640946
spoof	spoof	0.001784801663015412
spoof	spoof	0.0009210899791101681
spoof	spoof	0.0010960613582065356
spoof	spoof	0.0016436946092305113
spoof	spoof	0.0014712221498440188
spoof	spoof	0.0010717004217517942
spoof	spoof	0.0012336728139667452
bonafide	spoof	0.002569013209011875
spoof	spoof	0.0010584535140872055
spoof	spoof	0.0011002560956835453
spoof	spoof	0.0016031009958943083
spoof	spoof	0.0012239721218531014
spoof	spoof	0.0011577446544430603
spoof	spoof	0.0010590990556185174
bonafide	bonafide	0.9976735588157774
spoof	spoof	0.0009348345426022493
spoof	spoof	0.0010626768177773775
spoof	spoof	0.001125797473460391
spoof	spoof	0.0031460772424368373
spoof	spoof	0.0015046248298539698
spoof	spoof	0.0015152549234455543
spoof	spoof	0.0010201574329804875
spoof	spoof	0.0009518067208403754
spoof	spoof	0.0011678156641503385
spoof	spoof	0.00112806768962853
spoof	spoof	0.0010037505327418832
spoof	spoof	0.0015161797241149972
spoof	spoof	0.0011163925310620115
bonafide	bonafide	0.9977129051434374
spoof	spoof	0.001075616544002971
spoof	spoof	0.0010304953270037554
spoof	spoof	0.0011602891978741564
spoof	spoof	0.0016898347892087366
spoof	spoof	0.0010641247329477258
spoof	spoof	0.0011765127314129766
spoof	bonafide	0.9117564894521972
spoof	spoof	0.0008823645809410156
spoof	spoof	0.0010403192461330903
spoof	spoof	0.0009102709303481617
spoof	spoof	0.0011141643584870263
spoof	spoof	0.0011152440246437586
spoof	spoof	0.0008619319792633899
spoof	spoof	0.0014510667085434264
spoof	spoof	0.0012505160982278205
spoof	spoof	0.001219289741634525
spoof	spoof	0.0009160409191541337
spoof	spoof	0.001238185966004697
spoof	spoof	0.0008791788690336608
spoof	spoof	0.0010548937243084237
spoof	spoof	0.0015031218950386652
spoof	spoof	0.0016815431501600643
bonafide	bonafide	0.9976176415339016
bonafide	bonafide	0.9977260180004498
spoof	spoof	0.001156281292378638
spoof	spoof	0.0033031113195150902
spoof	spoof	0.0014803543994605164
spoof	spoof	0.0010609652650192436
spoof	spoof	0.0009894809838445046
bonafide	bonafide	0.997620413652642
spoof	spoof	0.002820820936203982
spoof	spoof	0.0011379724349337623
bonafide	bonafide	0.9976427543060693
bonafide	bonafide	0.997510133394871
spoof	spoof	0.001932475151664635
spoof	spoof	0.0013142181620218085
spoof	spoof	0.0008918270652628859
bonafide	bonafide	0.9976802500321145
spoof	spoof	0.0012393180824422814
bonafide	bonafide	0.9976505914497552
spoof	spoof	0.0009515659826775124
spoof	spoof	0.001265779340571624
spoof	spoof	0.000996560692528208
spoof	spoof	0.0011367874046986288
spoof	spoof	0.0010794400098866563
spoof	spoof	0.0011219125842477592
spoof	spoof	0.0011351931509563555
bonafide	bonafide	0.997703207872291
spoof	spoof	0.0010479395110545844
spoof	spoof	0.0010517952020644452
spoof	spoof	0.001044340672018
spoof	spoof	0.0012112776060413588
spoof	spoof	0.0011158574597109094
spoof	spoof	0.0009659730745509873
spoof	spoof	0.00190534154612708
spoof	spoof	0.0013046535747781925
spoof	spoof	0.0013030950530697714
spoof	spoof	0.0012783565062847852
spoof	spoof	0.0011328495264273917
bonafide	bonafide	0.9977187819210165
spoof	spoof	0.002058112794763946
spoof	spoof	0.001334973550091912
spoof	spoof	0.0010214428573149105
spoof	spoof	0.0011776395634234612
spoof	spoof	0.0011108556906271594
bonafide	bonafide	0.9976821882086648
bonafide	bonafide	0.9976871080099433
spoof	spoof	0.0010817322559135954
bonafide	bonafide	0.9973343833103016
spoof	spoof	0.0012616538302492625
bonafide	bonafide	0.9976549925624868
spoof	spoof	0.0013762133606113358
bonafide	bonafide	0.9975481916076882
spoof	spoof	0.0010842997047080863
spoof	spoof	0.001196117500246239
spoof	spoof	0.0010110220517666113
spoof	spoof	0.001127026349589987
spoof	spoof	0.0009057755052322952
spoof	spoof	0.0018071712199926072
spoof	spoof	0.0009158947360650761
spoof	spoof	0.0011364049371928955
spoof	spoof	0.0010793428377323547
bonafide	bonafide	0.9976422064519815
spoof	spoof	0.0012216068735602062
spoof	spoof	0.0008565737313022827
spoof	spoof	0.0011731037722382631
spoof	spoof	0.0024965853100267625
spoof	spoof	0.0012567005917954893
spoof	spoof	0.0011152615542729994
spoof	spoof	0.001338399670216077
spoof	spoof	0.0011069492786392554
spoof	spoof	0.0011159637624828364
bonafide	bonafide	0.997686605658522
spoof	spoof	0.0011252160953469314
spoof	spoof	0.0010726352604611502
spoof	spoof	0.002247780901789523
spoof	spoof	0.0009343174148594432
spoof	spoof	0.0009095413797136986
spoof	spoof	0.0009059964684532273
bonafide	bonafide	0.9972861246429604
spoof	spoof	0.0016224587471270152
spoof	spoof	0.0008843195842600151
spoof	spoof	0.0014561233364975958
spoof	spoof	0.001242622693114792
spoof	spoof	0.0011064859225560608
spoof	spoof	0.001230494817997239
bonafide	bonafide	0.9977178581542787
bonafide	bonafide	0.9976946368150194
bonafide	bonafide	0.9975689709271073
spoof	spoof	0.0009647842744770532
spoof	spoof	0.0012715074558551458
bonafide	bonafide	0.997639955385328
spoof	spoof	0.0012615243549141907
spoof	spoof	0.0011901480335246052
spoof	spoof	0.001008721632824383
bonafide	bonafide	0.9975595031674974
bonafide	bonafide	0.9976287936252867
bonafide	bonafide	0.9974871408633846
spoof	spoof	0.001567688349315659
spoof	spoof	0.00122456101354654
spoof	spoof	0.0012633132497875269
spoof	spoof	0.0012068914425372103
spoof	spoof	0.0011594166513100976
spoof	spoof	0.001184851464344998
spoof	spoof	0.0009757131505766976
spoof	spoof	0.0011006914182889157
spoof	spoof	0.0021143327026897254
spoof	spoof	0.0010242219906913311
spoof	spoof	0.0010260561324568892
bonafide	bonafide	0.9976333232925063
spoof	spoof	0.0008761941442182831
spoof	spoof	0.0010466855901106159
spoof	spoof	0.000997072100896473
spoof	spoof	0.0014639636310207784
spoof	spoof	0.0013503168291922256
spoof	spoof	0.0008761409227624142
spoof	spoof	0.0010924639415704678
spoof	spoof	0.0012955434339328594
spoof	spoof	0.002701139632270486
spoof	spoof	0.0011564509266773742
spoof	spoof	0.0022002654170824782
spoof	spoof	0.0008934539130366217
spoof	spoof	0.0014619540194465716
spoof	spoof	0.0012512926342739706
spoof	spoof	0.0008537462158875519
spoof	spoof	0.0011024685620379896
spoof	spoof	0.001047081534392278
spoof	spoof	0.0012897507849099277
spoof	spoof	0.0008907786600496814
spoof	spoof	0.0011582575852773398
spoof	spoof	0.0010774425413006834
spoof	spoof	0.0011863354031046523
spoof	spoof	0.0012556530747511708
spoof	spoof	0.0009978812975161228
spoof	bonafide	0.9961421203178437
spoof	spoof	0.0015475556056553951
spoof	spoof	0.0011674197114039326
spoof	spoof	0.0011456778448658749
spoof	spoof	0.0009333862823065658
spoof	spoof	0.0012123386685298347
spoof	spoof	0.0010909385352653055
spoof	spoof	0.000950368636895783
spoof	spoof	0.0010428274987819414
spoof	spoof	0.0030151630362971198
spoof	spoof	0.0014315495828805438
bonafide	bonafide	0.9977317672787579
spoof	spoof	0.001184673719449972
spoof	spoof	0.0013062991800160038
spoof	spoof	0.0011033503253340823
spoof	spoof	0.0008647550637115223
spoof	spoof	0.000907317327669462
spoof	spoof	0.001106551276179803
spoof	spoof	0.0009852814240472558
spoof	spoof	0.001109489577670797
spoof	spoof	0.0010033047613219601
spoof	spoof	0.0010596556463263204
spoof	spoof	0.0012170474221292066
spoof	spoof	0.0009861775966770894
spoof	spoof	0.0009560613828773905
spoof	spoof	0.0009783248746591576
bonafide	bonafide	0.9977939058287512
spoof	spoof	0.0012481272592762215
spoof	spoof	0.0011838603827760458
spoof	spoof	0.0011529907427010868
spoof	spoof	0.0015180118636347437
spoof	spoof	0.0014176948336309273
spoof	spoof	0.0024409786449415306
bonafide	bonafide	0.9975816166292302
spoof	spoof	0.0024520807260504027
spoof	spoof	0.0012006383766514266
bonafide	bonafide	0.9976695810776925
spoof	spoof	0.0011031855814764623
spoof	spoof	0.0008555740705018039
spoof	spoof	0.001187443637017059
spoof	spoof	0.001161067280918944
spoof	spoof	0.0008484636721004172
spoof	spoof	0.0009282358308630095
spoof	spoof	0.0008216690294623436
spoof	spoof	0.00123956924669533
spoof	spoof	0.0014862809037498657
spoof	spoof	0.0016670849628085188
spoof	spoof	0.0015412666340181957
spoof	spoof	0.0012734890831043318
spoof	spoof	0.0011312039452296802
bonafide	bonafide	0.9976816324030122
spoof	spoof	0.0014045717744067892
spoof	spoof	0.0009056969726842459
spoof	spoof	0.001134170629920162
bonafide	bonafide	0.9976946932968812
spoof	spoof	0.0011621380999335146
spoof	spoof	0.0012231437796816494
spoof	spoof	0.0009675806220206111
spoof	spoof	0.0009057457311029572
spoof	spoof	0.0017957452447239014
spoof	spoof	0.0011702780816516287
spoof	spoof	0.0009249155008355657
spoof	spoof	0.0011324001513351085
spoof	spoof	0.0016859924471753903
spoof	spoof	0.002830687779016412
spoof	spoof	0.0013747396643782085
spoof	spoof	0.001350355410450392
spoof	spoof	0.0020203820574781766
spoof	spoof	0.000943187572475748
bonafide	bonafide	0.9976355868562821
spoof	spoof	0.0013068246306580586
spoof	spoof	0.0011131909800751202
spoof	spoof	0.001296082154384149
bonafide	bonafide	0.9977038628409969
spoof	spoof	0.0012596710992073333
spoof	spoof	0.0020481825146660745
spoof	spoof	0.00132336365486358
spoof	spoof	0.0010819267810758541
spoof	spoof	0.0015310617969726225
spoof	spoof	0.0008700417421592995
spoof	spoof	0.0013031105670231365
spoof	spoof	0.0011065992397600102
spoof	spoof	0.001029619737552753
spoof	spoof	0.001022235047604405
spoof	spoof	0.0010367356849165226
spoof	spoof	0.0008577854085377539
spoof	spoof	0.0010020335478518252
bonafide	bonafide	0.9975573162545024
spoof	spoof	0.001309245234185105
spoof	spoof	0.0011942328039849862
spoof	spoof	0.0012636649535632282
spoof	spoof	0.0016515715114656273
bonafide	bonafide	0.9977253909801755
bonafide	bonafide	0.9976572488237255
spoof	spoof	0.001150420542931832
bonafide	bonafide	0.997674731125595
spoof	spoof	0.0014700902245493783
spoof	spoof	0.0014290858738154387
bonafide	bonafide	0.9976524599831954
spoof	spoof	0.0014022161892662806
spoof	spoof	0.0019351358169776372
spoof	spoof	0.0009677175284920957
spoof	spoof	0.0013458668102376786
spoof	spoof	0.0015563071292216159
bonafide	bonafide	0.997677355756928
bonafide	bonafide	0.9976696570183464
spoof	spoof	0.0011761219556403364
spoof	spoof	0.001029818636425423
spoof	spoof	0.0010307542945373056
spoof	spoof	0.0010649690129869449
spoof	spoof	0.0013850705891203673
spoof	spoof	0.0010742205485428072
spoof	spoof	0.0010595004477441964
spoof	spoof	0.0009000141615650019
spoof	spoof	0.0009256545053931853
spoof	spoof	0.001178727613435077
spoof	spoof	0.0014572427887642337
spoof	spoof	0.001139399898909791
spoof	spoof	0.00143606606411725
spoof	spoof	0.0011041333915361418
spoof	spoof	0.0011241848809870037
spoof	spoof	0.0023867926109524995
spoof	spoof	0.001988722290383463
spoof	spoof	0.0014771923263905333
spoof	spoof	0.008244897286842126
spoof	spoof	0.001184210861343083
spoof	spoof	0.0018774512536181215
spoof	spoof	0.0009438730382989969
bonafide	bonafide	0.9976456171170354
spoof	spoof	0.0011685317225084482
spoof	spoof	0.0011855830379104125
spoof	spoof	0.0012341061972740211
spoof	spoof	0.0011896402608215081
spoof	spoof	0.0009435749680917893
bonafide	bonafide	0.997644550622724
spoof	spoof	0.001207346766837724
spoof	spoof	0.0012846268132813445
spoof	spoof	0.0013897109315814701
bonafide	bonafide	0.9975304916114385
spoof	spoof	0.0009765403840544715
spoof	spoof	0.001099724035462325
spoof	spoof	0.001037750778561489
spoof	spoof	0.0010212273320021452
spoof	spoof	0.0010415320592977952
spoof	spoof	0.0008561787850651343
spoof	spoof	0.001149735557509391
spoof	spoof	0.0008833500642399913
spoof	spoof	0.0013063421041233717
spoof	spoof	0.0009785935866132417
spoof	spoof	0.0010100744552909607
bonafide	bonafide	0.99773845984984
spoof	spoof	0.001043337775790574
spoof	spoof	0.0010926999495238356
spoof	spoof	0.00120828699060066
spoof	spoof	0.0011065815825961017
spoof	spoof	0.001186002936724521
spoof	spoof	0.0011143628516029293
spoof	spoof	0.0013193252367827517
spoof	spoof	0.0017464302150046493
spoof	spoof	0.0012063943461607597
bonafide	bonafide	0.997566296472243
spoof	spoof	0.0013174837957681687
spoof	spoof	0.0010584323389171404
bonafide	bonafide	0.9977193993665646
spoof	spoof	0.0015926090894650506
spoof	spoof	0.01949080731371021
spoof	spoof	0.0011087072057334405
spoof	spoof	0.0014470177047295034
bonafide	bonafide	0.9977081600291406
spoof	spoof	0.0017276329617384185
bonafide	bonafide	0.9977431729730717
bonafide	bonafide	0.9976333818359089
spoof	spoof	0.0011686627969613131
spoof	spoof	0.0010444824578393545
spoof	spoof	0.0012945967414736078
spoof	spoof	0.0008789483186943262
spoof	spoof	0.0009669912694128238
spoof	spoof	0.0009640204897671175
spoof	spoof	0.0011491303379010326
spoof	spoof	0.0009058948273150706
spoof	spoof	0.001216181766810975
spoof	spoof	0.0009316282051601884
spoof	spoof	0.0013439160555057342
spoof	spoof	0.001840827256054835
spoof	spoof	0.0011023711568712848
spoof	spoof	0.001079508395530008
spoof	spoof	0.0011118884612565355
spoof	spoof	0.001094172831069636
spoof	spoof	0.001242071264848075
spoof	spoof	0.002904137974579909
spoof	spoof	0.0013200350621105287
spoof	spoof	0.0008672045124396094
spoof	spoof	0.0011094657972754794
spoof	spoof	0.0012108888495194138
spoof	spoof	0.0015385664113121789
spoof	spoof	0.0011025867200047813
spoof	spoof	0.0008383048368473209
spoof	spoof	0.0017063624141106344
spoof	spoof	0.0011476885109029584
bonafide	bonafide	0.9975896106832105
spoof	spoof	0.0011200571846980254
spoof	bonafide	0.9821155103880508
spoof	spoof	0.0012952985227795326
spoof	spoof	0.0010795212504574373
spoof	spoof	0.0008957771513586843
spoof	spoof	0.0012946056809380211
bonafide	bonafide	0.9976886809365775
spoof	spoof	0.001222760828055765
spoof	spoof	0.0009172728366742364
spoof	spoof	0.0016380145800788772
spoof	spoof	0.0012396654758459302
spoof	spoof	0.001160824264051684
spoof	spoof	0.009906703239446852
spoof	spoof	0.0013438543000211579
spoof	spoof	0.0011320765821149518
spoof	spoof	0.000960805682490599
spoof	spoof	0.0020671825003242264
spoof	spoof	0.0009097838481904908
spoof	spoof	0.0012660768605627902
bonafide	bonafide	0.9976368164779027
spoof	spoof	0.0009830919659143968
spoof	spoof	0.001291151016169365
spoof	spoof	0.000864850444829491
spoof	spoof	0.0008597787744654243
spoof	spoof	0.0009722757258527842
spoof	spoof	0.0009622379998691756
spoof	spoof	0.0010906652427570959
spoof	spoof	0.0010883154675701756
spoof	spoof	0.0014534640983613002
spoof	spoof	0.0011827568974205063
bonafide	bonafide	0.9966879890826196
spoof	spoof	0.0010088737259351787
spoof	spoof	0.0008937327581592681
spoof	spoof	0.0010257470384770228
bonafide	bonafide	0.9977675194442069
spoof	spoof	0.0009865119034329706
spoof	spoof	0.0008797985760266623
spoof	spoof	0.0013172378788511234
spoof	spoof	0.0011512164153153672
bonafide	bonafide	0.9976808034101224
spoof	spoof	0.0011433520798949642
spoof	spoof	0.0011816859561273752
bonafide	bonafide	0.9977170491449412
spoof	spoof	0.0011160865547735603
spoof	spoof	0.001675669132375159
spoof	spoof	0.0011498316664287113
spoof	spoof	0.0012574040122935656
spoof	spoof	0.001086142237484134
spoof	spoof	0.0014655506272930816
spoof	spoof	0.000957486406423935
spoof	spoof	0.0012260406121311013
spoof	spoof	0.0009809104056296564
spoof	spoof	0.001084302803555127
spoof	spoof	0.001010346825439398
spoof	spoof	0.0052926963650189686
spoof	spoof	0.001089674481785563
spoof	spoof	0.0015787854518992807
spoof	spoof	0.001228263797317438
spoof	spoof	0.0012999860618298671
spoof	spoof	0.0038217432509474966
bonafide	bonafide	0.9974491494545805
spoof	spoof	0.0008854474999427557
spoof	spoof	0.0009416839894117051
spoof	spoof	0.0009902889790735564
spoof	spoof	0.0010355178459168165
spoof	spoof	0.0010503975680025677
spoof	spoof	0.0011454604136383432
spoof	spoof	0.0008509785009340051
spoof	spoof	0.0014830433441899676
bonafide	bonafide	0.9977310700575193
bonafide	bonafide	0.9976801485008132
spoof	spoof	0.0026302732058122768
spoof	spoof	0.0009593076289961712
spoof	spoof	0.0012789048378689526
spoof	spoof	0.0008733408216145866
bonafide	bonafide	0.9977543943094368
spoof	spoof	0.0014598230851217238
spoof	spoof	0.000994948885265512
bonafide	spoof	0.0020053115082692237
spoof	spoof	0.0010335496281227484
bonafide	bonafide	0.9975687957281895
spoof	spoof	0.0010762187144717301
spoof	spoof	0.0010327331824302145
spoof	spoof	0.000987367097068276
spoof	spoof	0.001029348306210226
spoof	spoof	0.0010393957088553453
spoof	spoof	0.0009934823595502845
spoof	spoof	0.0009318070822114722
spoof	spoof	0.0014407027558104568
spoof	spoof	0.0011590229909546016
spoof	spoof	0.0010601542018613115
spoof	spoof	0.0009346795746345334
spoof	spoof	0.0014147896895153093
spoof	spoof	0.0010862920207553024
spoof	spoof	0.0013005678135250593
spoof	spoof	0.0008887805965787627
bonafide	bonafide	0.9976910020763613
spoof	bonafide	0.9800955956965153
spoof	spoof	0.0014731038460737774
spoof	spoof	0.0010455713666244007
spoof	spoof	0.0014118968769935123
spoof	spoof	0.0016839330580883099
spoof	spoof	0.0013876527740340884
spoof	spoof	0.001069293155554108
spoof	spoof	0.0009149736645497657
spoof	spoof	0.0012659448217957428
spoof	spoof	0.0012217921896092918
spoof	spoof	0.0010859252306278998
bonafide	bonafide	0.9975364774040111
spoof	spoof	0.0014539378893903918
spoof	spoof	0.0014987176943340823
spoof	spoof	0.0012650411175246074
spoof	spoof	0.0011165959413227855
spoof	spoof	0.000915757519719412
bonafide	bonafide	0.9973979324488036
spoof	spoof	0.0011662287693637349
spoof	spoof	0.000925301569829043
bonafide	bonafide	0.9977025062645856
spoof	spoof	0.0014148425735849882
spoof	spoof	0.0012878490633287392
spoof	spoof	0.0010602317198876742
spoof	spoof	0.001105321009104466
spoof	spoof	0.0013576712716611213
spoof	bonafide	0.8364917141808277
spoof	spoof	0.0013931708573582822
spoof	spoof	0.0009132558927153913
spoof	spoof	0.0009798542300361866
spoof	spoof	0.0010352485598071073
bonafide	bonafide	0.9976903560836485
spoof	spoof	0.0012234379911606789
spoof	spoof	0.000902214955181875
spoof	spoof	0.0010413296603865281
spoof	spoof	0.0010311596908010978
spoof	spoof	0.001397461948228316
spoof	spoof	0.0011702883932089118
spoof	spoof	0.001395711298187282
spoof	spoof	0.04580053385565229
bonafide	bonafide	0.9976658575148257
spoof	spoof	0.0018673428868974558
spoof	spoof	0.0011434533742867476
spoof	spoof	0.0009743659214708701
spoof	spoof	0.0011204306875654906
spoof	spoof	0.0011866227493605725
spoof	spoof	0.0018971512069120794
spoof	spoof	0.004499239387180379
spoof	spoof	0.0011124457401424897
spoof	spoof	0.0012034295283508097
spoof	spoof	0.0011739223075501264
spoof	spoof	0.0011106996144686354
spoof	spoof	0.004670799822148978
spoof	spoof	0.0010612872350820553
spoof	spoof	0.0010057722490342984
spoof	spoof	0.0009951688253943395
bonafide	bonafide	0.9977371984884639
spoof	spoof	0.0011568685091690168
spoof	spoof	0.0010919608708265045
bonafide	bonafide	0.9976596710401675
spoof	spoof	0.0012932857741465118
spoof	spoof	0.0011388953096223052
spoof	spoof	0.0013442853676460245
spoof	spoof	0.000931774899565753
spoof	spoof	0.001361023993203472
spoof	spoof	0.0011846266074118047
spoof	spoof	0.000928052775414863
spoof	spoof	0.0011654019931966917
spoof	spoof	0.0012317425077121203
spoof	spoof	0.0011391757903025496
spoof	spoof	0.0009110707258374514
spoof	spoof	0.0010785344369800324
spoof	spoof	0.0010601797039095381
spoof	spoof	0.001685762521250573
spoof	spoof	0.0012510093081504097
spoof	spoof	0.0009943620630074824
spoof	spoof	0.001789594813645212
spoof	spoof	0.001017294090763542
spoof	spoof	0.001334317970675339
spoof	spoof	0.0011346839371682883
spoof	spoof	0.0011153933008992876
spoof	spoof	0.0011628252044668344
bonafide	bonafide	0.9975921879948227
spoof	spoof	0.0015989081567927103
spoof	spoof	0.0010070561160842714
bonafide	bonafide	0.997537861503869
spoof	spoof	0.0010883818228034567
spoof	spoof	0.0012514139090947702
spoof	spoof	0.0011035981442690055
spoof	spoof	0.0008539329347010731
spoof	spoof	0.0012055701343757312
spoof	spoof	0.0012675425697637778
spoof	spoof	0.0011807725934533636
spoof	spoof	0.0012127296226703247
spoof	spoof	0.0008932749445402988
spoof	spoof	0.002531657926560423
spoof	spoof	0.000990072002901286
spoof	spoof	0.0008398091252159249
spoof	spoof	0.00101338636162992
spoof	spoof	0.0013103823300247323
spoof	spoof	0.0012834426643494401
spoof	spoof	0.001080976644727164
spoof	spoof	0.0017918053657464432
spoof	spoof	0.004662200952597187
spoof	spoof	0.001210698265932697
spoof	spoof	0.0014665774572193634
spoof	spoof	0.0010892287251770083
spoof	spoof	0.001109344525178711
spoof	spoof	0.0011315218758915716
spoof	spoof	0.0014096589014486816
bonafide	bonafide	0.9977079037873334
spoof	spoof	0.0011312707571483971
spoof	spoof	0.0015629088575485315
bonafide	bonafide	0.9977751067874105
spoof	spoof	0.0011740601368996414
spoof	spoof	0.0013197299067575733
spoof	spoof	0.0010773830104574024
spoof	spoof	0.0008396188916396629
spoof	spoof	0.0013429356620044113
spoof	spoof	0.005378088876290172
spoof	spoof	0.0024219815706080596
spoof	spoof	0.001470642599048293
spoof	spoof	0.0011624461671503339
spoof	spoof	0.002207828835142901
spoof	spoof	0.0015474561421933476
bonafide	bonafide	0.9977205285673839
spoof	spoof	0.0011081438802781939
spoof	spoof	0.0011183838198579527
spoof	spoof	0.0012595892153304342
spoof	spoof	0.0007740263744461824
spoof	spoof	0.0011327157202666847
spoof	spoof	0.0011648071212694714
spoof	spoof	0.0009310432106333931
spoof	spoof	0.0011973970949183455
spoof	spoof	0.0008501410858787994
spoof	spoof	0.001292575540837229
spoof	spoof	0.0010951822837253211
bonafide	bonafide	0.9977404978537238
spoof	spoof	0.0010040314822783224
spoof	spoof	0.0027427359318435893
spoof	spoof	0.0009367320840941206
spoof	spoof	0.0012232739813908772
spoof	spoof	0.0010749148638323272
spoof	spoof	0.0012767785863460146
spoof	spoof	0.001152976739335369
spoof	spoof	0.0011741879160673768
spoof	spoof	0.0012432406777907186
spoof	spoof	0.001272360632134133
spoof	spoof	0.0011715228123447886
spoof	spoof	0.0011812552066254457
spoof	spoof	0.001695987244970145
spoof	spoof	0.0011689233197202302
spoof	spoof	0.0011978471300965216
spoof	spoof	0.0009074139406992895
spoof	spoof	0.0011008248538127386
spoof	spoof	0.0015079779968686432
spoof	spoof	0.0013947326879079497
bonafide	bonafide	0.9976793178745306
spoof	spoof	0.0013419956035456559
spoof	spoof	0.0015862913737940687
spoof	spoof	0.001110967867361345
spoof	spoof	0.0010258364584753532
spoof	spoof	0.0013539360335107506
spoof	spoof	0.003897783688795798
spoof	spoof	0.0010775944624806363
spoof	spoof	0.0009591047447839516
spoof	spoof	0.0010988943671744326
spoof	spoof	0.0013472832924544583
spoof	spoof	0.013565568994648848
spoof	spoof	0.001430643289818481
spoof	spoof	0.0024078727105369163
spoof	spoof	0.0014073929707519685
spoof	spoof	0.0012829452375813983
spoof	spoof	0.0016114152994380529
spoof	spoof	0.0013446813546466384
bonafide	bonafide	0.9976799691548027
spoof	spoof	0.0009093789034682785
spoof	spoof	0.001516466335407132
spoof	spoof	0.0016994623485043255
spoof	spoof	0.0013650718902880753
spoof	spoof	0.0009777760272000238
spoof	spoof	0.0012005694741215813
spoof	spoof	0.0012741072294787659
spoof	spoof	0.0009200361325637522
spoof	spoof	0.0012589640137853676
spoof	spoof	0.0010183180596353243
bonafide	bonafide	0.9976903275151825
spoof	spoof	0.003834166028317552
spoof	spoof	0.0012129329454781965
spoof	spoof	0.0015910267412213139
spoof	spoof	0.0009645995324885999
spoof	spoof	0.0011601427609361859
spoof	spoof	0.0009040319167432128
spoof	spoof	0.0030032948421802453
spoof	spoof	0.0010561931876475875
spoof	spoof	0.001158484615814916
spoof	spoof	0.0011725828783441478
spoof	spoof	0.0010270145483097601
spoof	spoof	0.00229209675789226
spoof	spoof	0.001173895190899383
bonafide	bonafide	0.9977238749238136
spoof	spoof	0.001412409594369569
spoof	spoof	0.0009081394069179031
spoof	spoof	0.0012296087759703792
spoof	spoof	0.030820387827693835
bonafide	spoof	0.0017309012893760023
spoof	spoof	0.0012823151754450734
spoof	spoof	0.0031266553154037625
spoof	spoof	0.0008973549792134517
spoof	spoof	0.0008772017866606667
bonafide	bonafide	0.9975385570680384
spoof	spoof	0.039081671650179776
spoof	spoof	0.0008789263347600275
spoof	spoof	0.0010646958798610348
bonafide	bonafide	0.9975071833261571
bonafide	bonafide	0.9976956450553126
spoof	spoof	0.0012133388264461173
spoof	spoof	0.000956198483068418
spoof	spoof	0.0010465342831649884
spoof	spoof	0.000895992689652872
spoof	spoof	0.0013457315880540917
bonafide	bonafide	0.9975705280826044
spoof	spoof	0.0014418457260993497
spoof	spoof	0.0012256240666378168
spoof	spoof	0.0013081380907663332
bonafide	bonafide	0.9976426870227469
spoof	spoof	0.0012239094594439736
spoof	spoof	0.0013280577560645216
spoof	spoof	0.0012730288527232451
spoof	spoof	0.0013809621560072522
spoof	spoof	0.0017354780676833695
spoof	spoof	0.001052704923497339
spoof	spoof	0.0011124552777598538
spoof	spoof	0.0010303073401204698
spoof	spoof	0.0010060980946645151
bonafide	bonafide	0.9971192505253735
spoof	spoof	0.0011283546431026348
spoof	spoof	0.0008254704508415069
spoof	spoof	0.0025911722224918614
spoof	spoof	0.0017529260349227823
spoof	spoof	0.0012560430248440997
spoof	spoof	0.0010239683208965648
spoof	spoof	0.0012132478164261812
spoof	spoof	0.0010744270304475462
spoof	spoof	0.0013451232561094123
spoof	spoof	0.0008945855842228896
spoof	spoof	0.0008458462454927972
bonafide	bonafide	0.9973353491055745
spoof	spoof	0.0009468760599163797
spoof	spoof	0.002211419559048935
spoof	spoof	0.001487520179259751
spoof	spoof	0.0011440430746720482
spoof	spoof	0.0012780737551966628
spoof	spoof	0.0018494239507344799
spoof	spoof	0.0009788502485483196
spoof	spoof	0.0009846069556838186
bonafide	bonafide	0.9977171925070475
spoof	spoof	0.0016910792733153828
spoof	spoof	0.0011339680724931898
spoof	spoof	0.0012780405839750268
spoof	spoof	0.001559159429903073
bonafide	bonafide	0.9976178738471924
spoof	spoof	0.0012481742185981126
spoof	spoof	0.00159582750330954
spoof	spoof	0.0010822551054171586
spoof	spoof	0.0011303201360473066
spoof	spoof	0.0008354589582952917
spoof	spoof	0.0027239688224667364
spoof	spoof	0.0010652318143347431
spoof	spoof	0.0010904382437676894
spoof	spoof	0.002483908975161262
spoof	spoof	0.0011215773174855848
spoof	spoof	0.0010506034790918346
spoof	spoof	0.0010260798375749346
spoof	spoof	0.0011373522732889935
spoof	spoof	0.19115015903261487
spoof	spoof	0.0010731805544863353
bonafide	bonafide	0.9974600561883517
spoof	spoof	0.0011982602387687262
spoof	spoof	0.0021553580971287894
spoof	spoof	0.001223076499659372
spoof	bonafide	0.9960558335170032
spoof	spoof	0.0027468454343746594
spoof	spoof	0.0028122410763593317
spoof	spoof	0.0011130875919848904
spoof	spoof	0.0010978441074897586
spoof	spoof	0.0009901988810267059
spoof	spoof	0.0014412516528943785
spoof	spoof	0.0009411278807549865
spoof	spoof	0.002074164045401322
spoof	spoof	0.0011682726779860249
spoof	spoof	0.001153308747199733
bonafide	bonafide	0.9977292115558878
spoof	spoof	0.0011837727088488677
spoof	spoof	0.001163855790677386
spoof	spoof	0.0009573869756906696
spoof	spoof	0.0013028890452583609
spoof	spoof	0.001133974823825216
spoof	spoof	0.0011360961878084208
spoof	spoof	0.001139859649256564
spoof	spoof	0.0011284618663378904
spoof	spoof	0.0012676590786502167
spoof	spoof	0.0012161380368359005
bonafide	bonafide	0.9976798554698612
spoof	spoof	0.0011121432281138476
spoof	spoof	0.0011172377903871063
spoof	spoof	0.0012553750400414408
spoof	spoof	0.00413089700588651
spoof	spoof	0.0012603725788917647
spoof	spoof	0.0011922942872663038
spoof	spoof	0.0015578842979840494
spoof	spoof	0.0018285699646995827
spoof	spoof	0.001166000500632587
spoof	spoof	0.0010810605754824729
spoof	spoof	0.0010686085756624907
spoof	spoof	0.0009755925418198637
spoof	spoof	0.0010987326429462427
spoof	spoof	0.0008909526720091592
spoof	spoof	0.0009097357393903143
spoof	spoof	0.0009612007653298999
spoof	spoof	0.0010899148196524366
bonafide	bonafide	0.9977381628688589
spoof	spoof	0.001173310797449611
spoof	spoof	0.001221509717494711
spoof	spoof	0.0009222364121517754
spoof	spoof	0.0010994317868275707
spoof	spoof	0.0011797284499100978
spoof	spoof	0.0009059852463668039
spoof	spoof	0.0011587784697896575
bonafide	bonafide	0.9977120660821084
spoof	spoof	0.0008617599353530094
spoof	spoof	0.0010405544096416545
spoof	spoof	0.0009545959578751284
spoof	spoof	0.0014195085035921204
bonafide	bonafide	0.99768070962651
bonafide	bonafide	0.9976922776020148
spoof	spoof	0.0011610155768297917
spoof	spoof	0.0011950410212209146
spoof	spoof	0.0011037944941743897
spoof	spoof	0.0014477937189818959
spoof	spoof	0.00110251949969923
spoof	spoof	0.0023525176769896325
spoof	spoof	0.0008972801683895204
spoof	spoof	0.0011048054464360703
spoof	spoof	0.0010600183695931389
spoof	spoof	0.001107183929845568
spoof	spoof	0.0012634402008656277
spoof	spoof	0.0014422844881741962
spoof	spoof	0.0010559710922277375
spoof	spoof	0.0010515632611318194
spoof	spoof	0.0014551963121999685
spoof	spoof	0.0012199272194168978
spoof	spoof	0.0010872305110550841
spoof	spoof	0.001580983631701285
spoof	spoof	0.0025915598303955143
spoof	spoof	0.0012910892228232594
spoof	spoof	0.0012997331939211994
spoof	spoof	0.0009904946786002946
spoof	spoof	0.0010951783713447178
spoof	spoof	0.002919549438573004
spoof	spoof	0.001301308150124921
spoof	spoof	0.0011913298958695613
spoof	spoof	0.001007290725573614
spoof	spoof	0.0010646385739007294
spoof	spoof	0.0008708145191651773
spoof	spoof	0.001307608687836605
bonafide	bonafide	0.9975637436637274
spoof	spoof	0.0011120915814719025
spoof	spoof	0.001278284975618523
spoof	spoof	0.001498281764403001
spoof	spoof	0.0011928594341063322
spoof	spoof	0.0026853680941201323
spoof	spoof	0.0015321610820039702
spoof	spoof	0.0009773897355708373
spoof	spoof	0.000875604505676861
spoof	spoof	0.0010832471253613002
bonafide	bonafide	0.9972303096096206
spoof	spoof	0.0020168647789238323
spoof	spoof	0.0011008025697428956
spoof	spoof	0.0009840925586696576
spoof	spoof	0.0012792413818980275
spoof	spoof	0.0008695581464958424
spoof	spoof	0.0011535067890719513
spoof	spoof	0.000962326243857143
spoof	spoof	0.0013660989959137489
spoof	spoof	0.0010188964359449221
spoof	spoof	0.0013728412505628724
spoof	spoof	0.0012624658319101108
spoof	spoof	0.0009654911698353612
bonafide	bonafide	0.9976251575646288
spoof	spoof	0.0011855700508060394
spoof	spoof	0.0010788774066309858
spoof	spoof	0.0012360216604692244
spoof	spoof	0.001095425661241739
spoof	spoof	0.0010916714629483353
spoof	spoof	0.000897057482767958
spoof	spoof	0.0017357267428466697
spoof	spoof	0.0014880674027029767
spoof	spoof	0.003080363491142992
spoof	spoof	0.0011774741151354088
spoof	spoof	0.000928680797102449
spoof	spoof	0.0011739949944423126
spoof	spoof	0.0010978156088200341
spoof	spoof	0.0011726934616931835
spoof	spoof	0.00112031622239672
spoof	spoof	0.0018181638722979353
spoof	spoof	0.0011686833917346098
spoof	spoof	0.0008325541074959841
spoof	spoof	0.000930293038558364
spoof	spoof	0.0011787913338973711
spoof	spoof	0.3415357633400579
spoof	spoof	0.0011908213359541214
spoof	spoof	0.0014119069614446074
bonafide	bonafide	0.9976904110220154
bonafide	bonafide	0.9973118196628806
spoof	spoof	0.00122467415979065
spoof	bonafide	0.99641278002147
spoof	spoof	0.0013047781504991812
spoof	spoof	0.0038233393059515833
spoof	spoof	0.0008726358544121523
spoof	spoof	0.001076992549070893
spoof	spoof	0.0010607371145609653
spoof	spoof	0.0012150276482643487
spoof	spoof	0.0015256331024295832
spoof	spoof	0.0010507666353360276
spoof	spoof	0.0009043246154170076
spoof	spoof	0.0010240973431694272
spoof	spoof	0.0015796135946548355
bonafide	bonafide	0.9976394001444964
spoof	spoof	0.0013434291280540554
spoof	spoof	0.0011911625265006267
spoof	spoof	0.0014611325100364783
spoof	spoof	0.0010495430802567119
spoof	spoof	0.0009291312880228959
spoof	spoof	0.001119840876715753
spoof	spoof	0.0009563627103094075
bonafide	bonafide	0.9977615751883318
spoof	spoof	0.0011216107061013895
spoof	spoof	0.0015111206103590596
spoof	spoof	0.000976933786428007
spoof	spoof	0.0012525804747616418
spoof	spoof	0.0012585608707750017
spoof	spoof	0.0013087901732075813
spoof	spoof	0.0011379168802585263
spoof	spoof	0.0013606653151076124
spoof	spoof	0.0009899590525870863
spoof	spoof	0.0015061654789698213
spoof	spoof	0.0012552133298589952
spoof	spoof	0.0011275485106806784
spoof	spoof	0.0012535555816598333
spoof	spoof	0.0012098587287329796
bonafide	bonafide	0.9976928506183075
spoof	spoof	0.0013736236527270523
spoof	spoof	0.0011972933084951835
spoof	spoof	0.0008293084101643444
spoof	spoof	0.0020426777816489722
spoof	spoof	0.0008846965205168115
spoof	spoof	0.0014124741595040586
spoof	spoof	0.001330278792538224
spoof	spoof	0.00117240390060377
spoof	spoof	0.0009098375943603998
spoof	spoof	0.001014868460708429
spoof	spoof	0.0010187064380804284
spoof	bonafide	0.9469322403628135
spoof	spoof	0.001284610907336529
bonafide	bonafide	0.9977434456790543
spoof	spoof	0.0010875182248899073
spoof	spoof	0.0021762860000690055
spoof	spoof	0.0010993110866925437
spoof	spoof	0.0012146443421877631
spoof	spoof	0.0011949049999565211
bonafide	bonafide	0.9977128909983853
spoof	spoof	0.001491718213617587
spoof	spoof	0.0015227238634710428
spoof	spoof	0.0010939328579362372
spoof	spoof	0.0013549002519067216
spoof	spoof	0.001823897878142284
spoof	spoof	0.0010004090853745682
spoof	spoof	0.0009871730973729177
bonafide	bonafide	0.9977023352016335
spoof	spoof	0.0010980943523099032
spoof	spoof	0.0012654490455816418
spoof	spoof	0.0010750111257152716
spoof	spoof	0.0011946631593361004
spoof	spoof	0.0014815626400504754
spoof	spoof	0.0014067775698309998
spoof	spoof	0.0010933226095052435
spoof	spoof	0.002010273728211854
spoof	spoof	0.0009035399914083325
spoof	spoof	0.0014061808508540575
spoof	spoof	0.0010520692888478084
spoof	spoof	0.001261552592022766
spoof	spoof	0.0010936161009712855
spoof	spoof	0.0011708551109840951
spoof	spoof	0.00100796367146008
spoof	spoof	0.0014914881117639122
spoof	spoof	0.0011900834164983627
spoof	bonafide	0.9972401895010674
spoof	spoof	0.0010010328517766293
spoof	spoof	0.0010418397015065101
spoof	spoof	0.002399726097707647
bonafide	bonafide	0.9977171767593765
bonafide	bonafide	0.9974539172748286
spoof	spoof	0.0012800025106149255
spoof	spoof	0.00110119509746035
spoof	spoof	0.0012595136349317193
spoof	spoof	0.0015206344374022642
spoof	spoof	0.0023511236546379403
spoof	spoof	0.0011303618604468109
spoof	spoof	0.000950398065477006
spoof	spoof	0.0011489604080948568
spoof	spoof	0.0011712502750988
spoof	spoof	0.0008848725071387107
spoof	spoof	0.0009550319373928521
spoof	spoof	0.0012905200021981534
spoof	spoof	0.0011448345401163797
spoof	spoof	0.0010115907467527694
spoof	spoof	0.0011454863286220625
spoof	spoof	0.0010962318272807205
spoof	bonafide	0.9947709947346303
spoof	spoof	0.00163632682039892
spoof	spoof	0.0009630035849602557
spoof	spoof	0.0013570236237843787
bonafide	bonafide	0.9977015239825955
spoof	spoof	0.001178134925386306
bonafide	bonafide	0.9976379544476117
spoof	spoof	0.0011423048077282404
spoof	spoof	0.001563740969306328
spoof	spoof	0.0011206076112591815
spoof	spoof	0.0012443492607032644
spoof	spoof	0.0017313153633534755
spoof	spoof	0.0014889735080209998
spoof	spoof	0.0012636405808587562
spoof	spoof	0.0009618571536520992
spoof	spoof	0.0010698405743258786
spoof	spoof	0.0010952965313948885
spoof	spoof	0.0013059449543940957
spoof	spoof	0.0012511689877593034
spoof	spoof	0.0018526700466047668
spoof	spoof	0.0009817761817498764
bonafide	bonafide	0.9976246813384119
spoof	spoof	0.0010825982256146836
spoof	spoof	0.00246426739048943
bonafide	bonafide	0.9976766324543584
spoof	spoof	0.0011031346130754673
bonafide	bonafide	0.9970202871282463
spoof	spoof	0.0014540479666448165
spoof	spoof	0.0008563792954581765
spoof	spoof	0.0019399870413147635
spoof	spoof	0.0009021036382817715
spoof	spoof	0.0010153757115325028
spoof	spoof	0.0016408792856040303
spoof	spoof	0.0014026399032608776
spoof	spoof	0.001635645739854982
spoof	spoof	0.0009034371191936343
spoof	spoof	0.0010269959582793226
bonafide	bonafide	0.9976793173225208
spoof	spoof	0.0010982094265196817
spoof	spoof	0.0009074917573229777
spoof	spoof	0.002279831501387534
bonafide	bonafide	0.9977174998364442
spoof	spoof	0.000824933980802256
spoof	spoof	0.0012132882644821496
bonafide	bonafide	0.856739031948073
bonafide	bonafide	0.9976417852413547
spoof	spoof	0.0010397898889522084
spoof	spoof	0.0009818830542111523
spoof	spoof	0.0009508375651210494
spoof	spoof	0.0010617648099137122
bonafide	bonafide	0.9976589377884987
spoof	spoof	0.0011511341716280885
spoof	spoof	0.0013215483655200898
bonafide	bonafide	0.9977118940964774
spoof	spoof	0.009165566258263208
spoof	spoof	0.0010993754933603897
spoof	spoof	0.0009061443108260016
spoof	spoof	0.0015169552154727984
spoof	spoof	0.001297755896609496
spoof	spoof	0.0013506239021876837
spoof	spoof	0.0026878959129108997
spoof	spoof	0.001102163772892971
spoof	spoof	0.001259061446869715
spoof	spoof	0.0013430146427787489
spoof	spoof	0.0011294149608989251
spoof	spoof	0.001008059465946309
spoof	spoof	0.001139110410979961
spoof	spoof	0.001444011648356611
spoof	spoof	0.0010525093798862545
spoof	spoof	0.0009060268982710186
spoof	spoof	0.0019436068299897352
spoof	spoof	0.0013853169485706026
spoof	spoof	0.0012715555964864982
spoof	spoof	0.0011070789897944574
spoof	spoof	0.0010379388861057885
spoof	spoof	0.0012505342625390855
spoof	spoof	0.0011932867376764284
spoof	spoof	0.0010593248357623768
spoof	spoof	0.0014424699206667477
spoof	spoof	0.0013383416731187648
bonafide	bonafide	0.9975848194876505
bonafide	bonafide	0.9977155628631632
spoof	spoof	0.0012088191203445346
spoof	spoof	0.0015778728546079976
spoof	spoof	0.0010214774039711528
spoof	spoof	0.001137333855127836
spoof	spoof	0.0011816831421010894
spoof	spoof	0.0011923786163209385
spoof	spoof	0.0010301125178130827
bonafide	bonafide	0.997152624651959
spoof	spoof	0.0010049686280117823
spoof	spoof	0.00130268369033114
spoof	spoof	0.001239890137962501
spoof	spoof	0.0011132726369357264
spoof	spoof	0.0020601876428483824
spoof	spoof	0.001595669106305297
spoof	spoof	0.0012268855212811498
spoof	spoof	0.002383573095862304
bonafide	bonafide	0.9975014676327377
spoof	spoof	0.0011127406492564356
spoof	spoof	0.0010812495722391023
spoof	spoof	0.0008186033984922675
spoof	spoof	0.0009426900787272354
spoof	spoof	0.0013551938457689815
bonafide	bonafide	0.9972843611604972
spoof	spoof	0.0014641277955579168
spoof	spoof	0.0011804096384246242
spoof	spoof	0.0009540692725409336
spoof	spoof	0.0012894237606156658
spoof	spoof	0.0010601216308294842
spoof	spoof	0.0015581020020721276
spoof	spoof	0.0008596943964746141
spoof	spoof	0.001266224892975083
spoof	spoof	0.0010050947799050483
spoof	spoof	0.0013555911051638943
spoof	spoof	0.0013049101950911282
spoof	spoof	0.0011142280422696174
spoof	spoof	0.001516784775606041
spoof	spoof	0.0017630336715119493
spoof	spoof	0.0013635211526629224
spoof	spoof	0.0012642515445398243
bonafide	bonafide	0.9977357732317736
spoof	spoof	0.0011967924657579228
spoof	spoof	0.0008897916791442576
spoof	spoof	0.000890471887544242
spoof	spoof	0.0011629711487425034
spoof	spoof	0.0012683619808150054
spoof	spoof	0.0009843136180077662
spoof	spoof	0.0019209874241509564
spoof	bonafide	0.5290126121577793
spoof	spoof	0.001111022901594269
bonafide	bonafide	0.9975093255683084
spoof	spoof	0.0021493670140943083
spoof	spoof	0.0010401574626678293
spoof	spoof	0.0011786582827435538
spoof	spoof	0.001265252597062801
spoof	spoof	0.0012080323763605282
bonafide	bonafide	0.9976445976841045
spoof	spoof	0.0018187204042313656
spoof	spoof	0.0012073772428961758
spoof	spoof	0.0011259041858372025
spoof	spoof	0.0011721091075410585
spoof	spoof	0.0013974453125629735
spoof	spoof	0.003921172157355316
spoof	spoof	0.00128059301661229
spoof	spoof	0.0013388334533554363
spoof	spoof	0.001306440710486948
spoof	spoof	0.0011219817872193969
spoof	spoof	0.0010991322863124781
bonafide	bonafide	0.9976704151808645
bonafide	bonafide	0.9976408674041018
bonafide	bonafide	0.997510115630236
bonafide	spoof	0.0016677314774457839
spoof	spoof	0.0010924683646250206
spoof	spoof	0.0016590019043526529
bonafide	bonafide	0.9976617960077074
spoof	spoof	0.0013218992638315134
spoof	spoof	0.001018704739664006
spoof	spoof	0.0011970170637074298
spoof	spoof	0.0017451737280372226
spoof	spoof	0.0010819950664040618
spoof	spoof	0.0017950150172943789
spoof	spoof	0.0013697496803560523
spoof	spoof	0.0011252525399323683
spoof	spoof	0.0008716234859826882
spoof	spoof	0.0012088300589428438
spoof	spoof	0.0011187525024015912
spoof	spoof	0.001051881879933509
spoof	spoof	0.0010808185842304608
spoof	spoof	0.0012351798793891744
bonafide	bonafide	0.9977227235418702
spoof	spoof	0.0014483718645419018
spoof	spoof	0.0016320751931533368
spoof	spoof	0.0012066425814426227
spoof	spoof	0.0009689671750955914
spoof	spoof	0.0011213033012423676
spoof	spoof	0.0008158276517430433
spoof	bonafide	0.9963734993980838
spoof	spoof	0.0010964527193993076
spoof	spoof	0.0010140781089414286
spoof	spoof	0.001215150621085135
spoof	spoof	0.000990775933248895
spoof	spoof	0.0013950053410276893
spoof	spoof	0.0014337106418990202
spoof	spoof	0.0011161415764766706
spoof	spoof	0.0009453420581228271
spoof	spoof	0.0018503748572087989
spoof	spoof	0.0010121404756113324
spoof	spoof	0.001084581219411099
spoof	spoof	0.0012354681565448613
spoof	spoof	0.002150585388495348
bonafide	bonafide	0.9976572644265855
spoof	spoof	0.0011963573557794828
spoof	spoof	0.0013366513009029914
spoof	spoof	0.0012337653542455463
spoof	spoof	0.0010852421617670901
spoof	spoof	0.0013380456720900812
spoof	spoof	0.0012649567765605793
spoof	spoof	0.002398724611367857
spoof	spoof	0.0019402534210300293
spoof	spoof	0.0008629799703266609
spoof	spoof	0.0013534744833356412
spoof	spoof	0.0009394986699334095
spoof	spoof	0.0015820603298197684
spoof	spoof	0.0008732311920265076
spoof	spoof	0.0010265146913695827
spoof	spoof	0.0011162651858344004
spoof	spoof	0.0013833637656293634
spoof	spoof	0.0010726712811879933
spoof	spoof	0.0011777253813408013
spoof	spoof	0.0016731467635494287
spoof	spoof	0.001308036864835905
spoof	spoof	0.006110050217387902
spoof	spoof	0.001175598603337264
spoof	spoof	0.0012820990159509965
spoof	spoof	0.0011407503656341582
spoof	spoof	0.001163410199577117
bonafide	bonafide	0.9976753112533975
spoof	spoof	0.001071158430092859
spoof	spoof	0.0009187630833605455
spoof	spoof	0.0010885477285679241
spoof	spoof	0.0007669809909588485
spoof	spoof	0.0012465489078036975
spoof	spoof	0.0009307968552560706
spoof	spoof	0.0007954024373119393
bonafide	bonafide	0.997680457495336
spoof	spoof	0.0010548630733573006
spoof	spoof	0.0012248450654070912
spoof	spoof	0.0014936570206031433
spoof	spoof	0.0009443855522121138
spoof	spoof	0.0008912012284577949
spoof	spoof	0.0008453843437856456
spoof	spoof	0.0012857358199424955
spoof	spoof	0.0009146607459536958
spoof	spoof	0.001088480585536076
spoof	spoof	0.0010731258592779163
spoof	spoof	0.001084977529839097
spoof	spoof	0.001391912642307023
spoof	spoof	0.0015207593312119958
spoof	spoof	0.002054237176696589
spoof	spoof	0.0010830644863193137
spoof	spoof	0.0009610963707770001
spoof	spoof	0.0015316064188519284
spoof	spoof	0.0013021902882446575
spoof	spoof	0.001548527367805806
spoof	spoof	0.001245721026950677
bonafide	bonafide	0.9977172212869938
spoof	spoof	0.0008441230040862865
spoof	spoof	0.0011002429941177573
bonafide	bonafide	0.9976838294850551
spoof	spoof	0.001125371260985644
spoof	spoof	0.0008983276592318286
spoof	spoof	0.0016094300007289443
spoof	spoof	0.0011030592156826792
bonafide	bonafide	0.9977869847996996
spoof	spoof	0.000956746396611634
spoof	spoof	0.0012349645978356517
spoof	spoof	0.006932687032601957
bonafide	bonafide	0.9976281054467572
spoof	spoof	0.0009672080302071196
spoof	spoof	0.0012489677412065496
spoof	spoof	0.001030961024278467
spoof	spoof	0.0009536305520125376
bonafide	bonafide	0.9976580917868734
spoof	spoof	0.0012963531418692508
bonafide	bonafide	0.9971991303016376
spoof	spoof	0.001004343607671066
spoof	spoof	0.0011553666320358803
spoof	spoof	0.0009894204166506098
spoof	spoof	0.0008763684410042069
spoof	spoof	0.001388380798667337
spoof	spoof	0.0010712380275273686
bonafide	bonafide	0.9975447826385967
spoof	spoof	0.0012160236512820007
spoof	spoof	0.0010402952123901763
spoof	spoof	0.0010002325373122992
spoof	spoof	0.001014314835825278
spoof	spoof	0.0013362646750627184
spoof	spoof	0.0009146217475793848
spoof	spoof	0.0011623257538121564
spoof	spoof	0.0014905229935096719
spoof	spoof	0.0009704520976503764
spoof	spoof	0.0012740289588598934
spoof	spoof	0.001595194009467659
bonafide	bonafide	0.9975967439790815
spoof	spoof	0.0013691631043357593
spoof	spoof	0.0011577165325411102
spoof	spoof	0.0015181968977824394
spoof	spoof	0.0012622824698691837
bonafide	bonafide	0.9976049285584702
spoof	spoof	0.0010034015474172447
spoof	spoof	0.0009008620320307873
spoof	spoof	0.0010678458450652326
spoof	spoof	0.0028719769357657392
spoof	spoof	0.001028422985908412
spoof	spoof	0.0016034742404907971
spoof	spoof	0.0010875495646523402
spoof	bonafide	0.9904860871169581
spoof	spoof	0.0008676820463613469
spoof	spoof	0.0011806379131682342
spoof	spoof	0.0012510510135470138
bonafide	bonafide	0.9977287891047208
spoof	spoof	0.0011862305969445517
spoof	spoof	0.001251968287434033
spoof	spoof	0.0015638634416791698
spoof	spoof	0.0010884888809762482
spoof	spoof	0.0011540260892010594
spoof	spoof	0.0010987629971376635
spoof	spoof	0.0011437736542307384
spoof	spoof	0.0009421760154423366
bonafide	bonafide	0.9977352253978431
spoof	spoof	0.0011518688156028
spoof	spoof	0.000941051665630445
spoof	spoof	0.001080289481316695
spoof	spoof	0.0011593931825392943
spoof	spoof	0.0011746390288580634
spoof	spoof	0.0010256727720484337
bonafide	bonafide	0.9977246560812115
spoof	spoof	0.0012979845823387697
spoof	spoof	0.0008443243138750718
spoof	spoof	0.0017272949980546655
spoof	spoof	0.0008475394861262864
spoof	spoof	0.0010812544649639357
spoof	spoof	0.0009243133607818956
spoof	spoof	0.0010426675606438882
spoof	spoof	0.0013248817155213075
bonafide	bonafide	0.9976975035811418
spoof	spoof	0.0010890741280749178
spoof	spoof	0.0020296842091455545
spoof	spoof	0.0013413164601702554
spoof	spoof	0.0010810211838572555
bonafide	bonafide	0.9977138689774828
spoof	bonafide	0.9907950450292339
spoof	spoof	0.0009214503087210288
bonafide	bonafide	0.9977477637882081
spoof	spoof	0.0014276140996469023
spoof	spoof	0.001125257095588451
spoof	spoof	0.0009382161469528637
spoof	spoof	0.0009771255431203056
bonafide	bonafide	0.9976679458148473
spoof	spoof	0.001131569842670429
spoof	spoof	0.0011283573302774308
spoof	spoof	0.0011068933915207445
spoof	spoof	0.0010053765842361134
spoof	spoof	0.0010792503009473397
spoof	spoof	0.0011731325468385752
spoof	spoof	0.0010455678803082665
spoof	spoof	0.0010474075277338629
spoof	spoof	0.001115175767952272
spoof	spoof	0.0009062615227089497
spoof	spoof	0.0012021649652474973
spoof	spoof	0.000917329209929994
spoof	spoof	0.0011471736985063873
spoof	spoof	0.0008535156195537655
spoof	spoof	0.0009683889729174767
spoof	spoof	0.0011092642128220128
spoof	spoof	0.001235274885763361
bonafide	bonafide	0.9975794097597495
spoof	spoof	0.000985257017842935
bonafide	bonafide	0.9976759962707843
spoof	spoof	0.00105929254247154
spoof	spoof	0.0013930822975872172
spoof	spoof	0.0011009210737344078
spoof	spoof	0.0011404694977145476
spoof	spoof	0.0014029024096173445
spoof	spoof	0.0012797035506644698
spoof	spoof	0.0009118464619466652
spoof	spoof	0.001074202895795748
bonafide	bonafide	0.9972517644179749
spoof	spoof	0.0011929074413129781
spoof	spoof	0.0010752692319758732
spoof	spoof	0.0010163309390179625
spoof	spoof	0.0012791853358501443
spoof	spoof	0.002513039022690367
spoof	spoof	0.00243870161087216
spoof	spoof	0.0011108109818277665
spoof	spoof	0.0009621978916380144
spoof	spoof	0.0016221845705993987
spoof	spoof	0.0010691098111975609
spoof	spoof	0.0011433006192425768
spoof	spoof	0.0011313082058749338
spoof	spoof	0.0013512340749852628
spoof	spoof	0.001194753914966923
spoof	spoof	0.0009482612044681131
spoof	spoof	0.019198888026634022
spoof	spoof	0.0011258964099709928
spoof	spoof	0.023520442598905768
spoof	spoof	0.0010650697120261428
spoof	spoof	0.0009334685476281118
spoof	spoof	0.001223850588844083
bonafide	bonafide	0.9970588161501064
spoof	spoof	0.001120112668685341
spoof	spoof	0.000912863320365854
spoof	spoof	0.001255329603655651
spoof	spoof	0.0012183409665679527
bonafide	bonafide	0.9976577853911315
spoof	spoof	0.0010504456019777553
spoof	spoof	0.0010699929537624036
spoof	spoof	0.0012368436923466649
spoof	spoof	0.0009089444761578784
spoof	spoof	0.003857133017113468
spoof	spoof	0.0012108925980598335
spoof	spoof	0.001083893057803574
bonafide	bonafide	0.9977289220070191
spoof	spoof	0.0011360014962023682
spoof	spoof	0.0010392169904532569
spoof	spoof	0.0011515078793595359
spoof	spoof	0.0010221632262718534
spoof	spoof	0.0013673436753473052
spoof	spoof	0.0008118709793327257
spoof	spoof	0.0011150220064939417
bonafide	bonafide	0.9976640607403704
spoof	spoof	0.0008783379976126641
spoof	spoof	0.0015289525760056185
spoof	spoof	0.0010293269772376008
spoof	spoof	0.0011245169092651938
spoof	spoof	0.001062868173032842
spoof	spoof	0.0009031141592832769
spoof	spoof	0.0014816716310490233
spoof	spoof	0.0017509000417500105
spoof	spoof	0.001223197955892538
spoof	spoof	0.0019413396308166071
spoof	spoof	0.0014440109607926502
spoof	spoof	0.001224390439075933
spoof	spoof	0.000986428962246579
spoof	spoof	0.0012093333413510088
spoof	spoof	0.0011363161733096597
spoof	spoof	0.001012491291512124
spoof	spoof	0.002047994415995628
spoof	spoof	0.001156115537418071
spoof	spoof	0.0010804207035269174
spoof	spoof	0.0008538950994889159
bonafide	bonafide	0.9977282833567487
spoof	spoof	0.001585803210196147
spoof	spoof	0.0010862695131435014
spoof	spoof	0.0010619089588236501
spoof	spoof	0.0009233737133040918
spoof	spoof	0.0012045063837419034
spoof	spoof	0.001166132402302363
spoof	spoof	0.0012237045903045816
spoof	spoof	0.0008734662780314036
spoof	spoof	0.0008809876728317696
spoof	spoof	0.0019642112966563453
spoof	spoof	0.0014238602614714112
spoof	spoof	0.0012400106043045785
spoof	spoof	0.0008520133883895795
spoof	spoof	0.0011410886396737293
bonafide	bonafide	0.9977024827646774
spoof	spoof	0.0017529485637341289
bonafide	bonafide	0.9977028325059766
spoof	spoof	0.0009982709245020666
spoof	spoof	0.0011681271818967717
spoof	spoof	0.0012335244702077158
spoof	spoof	0.003125025329544999
spoof	spoof	0.0017354285021348535
spoof	spoof	0.0013038166470710254
spoof	spoof	0.0011864365455801086
spoof	spoof	0.0012261395880103028
spoof	spoof	0.0011238679389262679
spoof	spoof	0.0009414821378450977
spoof	spoof	0.0012707543979917617
spoof	spoof	0.001272586060594026
spoof	spoof	0.0009331430861282733
spoof	spoof	0.0015193564033766282
spoof	spoof	0.0011622543421320785
spoof	spoof	0.0010153633778373205
spoof	spoof	0.0009225747744441554
spoof	spoof	0.002440172388191916
spoof	spoof	0.0009503532438467095
spoof	spoof	0.0012597085935993648
bonafide	bonafide	0.9975789209270131
spoof	spoof	0.0013347122966788781
spoof	spoof	0.0007702937477195807
spoof	spoof	0.0011224395960978063
spoof	spoof	0.0010880104410139785
spoof	spoof	0.0009448344268714414
spoof	spoof	0.001244874723461243
spoof	spoof	0.001140113215408639
spoof	spoof	0.0009866700514007667
spoof	spoof	0.0016074930601738164
spoof	spoof	0.0015954021080432919
bonafide	bonafide	0.9964986159929171
spoof	spoof	0.0010637940488291103
spoof	spoof	0.0013578325852687783
spoof	spoof	0.0015461913029274554
spoof	spoof	0.0010621725236828255
spoof	spoof	0.0013531210138303911
spoof	spoof	0.000877187577649019
bonafide	bonafide	0.9976957091862193
spoof	spoof	0.0013171249731759533
spoof	spoof	0.001321781867762508
spoof	spoof	0.0011546094123834991
spoof	spoof	0.001276809900694262
spoof	spoof	0.0019402095605076915
spoof	spoof	0.0012452153701197238
spoof	spoof	0.0012123606094450365
bonafide	bonafide	0.9976583129240417
spoof	spoof	0.0017436384171958881
bonafide	bonafide	0.9976378881512927
spoof	spoof	0.000986716584153584
spoof	spoof	0.001259316907198836
spoof	spoof	0.0010511360825553263
spoof	spoof	0.0011787413677811387
spoof	spoof	0.0011396376215311625
spoof	spoof	0.0008996727078474806
spoof	spoof	0.0010859223857720298
spoof	spoof	0.0010569116071836224
spoof	spoof	0.0011923300625013313
spoof	spoof	0.0015094437369194767
spoof	spoof	0.001357193262183597
spoof	spoof	0.0009645021205990017
spoof	spoof	0.0012513626563869767
spoof	spoof	0.0009734287664331419
spoof	spoof	0.0010677141141680624
spoof	spoof	0.0012903239680445943
spoof	spoof	0.0011928026233371252
spoof	spoof	0.0010867163893437028
spoof	spoof	0.0028606748098289046
spoof	spoof	0.0010721252242894828
spoof	spoof	0.0010630074081416415
spoof	spoof	0.00104892234333081
spoof	spoof	0.001953647412468791
spoof	spoof	0.0009936432805141761
spoof	spoof	0.0011462321126016696
spoof	spoof	0.0009582851910760971
spoof	spoof	0.0011088975972981193
spoof	spoof	0.0016498250378215423
spoof	spoof	0.0009027616385966354
spoof	spoof	0.0012423780110270468
bonafide	bonafide	0.9958068491985043
spoof	spoof	0.0014973881829892528
spoof	spoof	0.0011159379831315874
spoof	spoof	0.0010301868600184796
spoof	spoof	0.0013329284310373188
spoof	spoof	0.0013650575897369273
bonafide	bonafide	0.997698884452003
bonafide	bonafide	0.9962297669942772
spoof	spoof	0.0009971761240851905
spoof	spoof	0.001788570369200264
spoof	spoof	0.0011710500270951019
spoof	spoof	0.00108694002573607
spoof	spoof	0.0012086720345861669
bonafide	bonafide	0.9977084931007628
spoof	spoof	0.0011570059917582396
spoof	spoof	0.0017152064525223203
spoof	spoof	0.0010914601110101716
spoof	spoof	0.0015726692306072569
spoof	spoof	0.0010535519458331265
bonafide	bonafide	0.9977331012245397
spoof	spoof	0.001228390155697119
spoof	spoof	0.0014096850796693353
spoof	spoof	0.0018132611146884797
spoof	spoof	0.0014390189455430044
spoof	spoof	0.0012250921332009105
spoof	spoof	0.0012993804370695344
spoof	spoof	0.0010993969630872873
spoof	spoof	0.0016340599860649326
spoof	spoof	0.00114167712191488
spoof	spoof	0.001373951393402229
spoof	spoof	0.0011073331833126275
spoof	spoof	0.0013372456177666633
spoof	bonafide	0.9122270365357713
spoof	spoof	0.0010214087983739313
spoof	spoof	0.0009615371485031417
spoof	spoof	0.0009218557929762956
spoof	spoof	0.0011334405125690628
spoof	spoof	0.0017812316385455115
spoof	spoof	0.0008185493823667262
spoof	spoof	0.0013321542696561935
spoof	spoof	0.0013706243040979514
spoof	spoof	0.0012384758286069243
spoof	spoof	0.0012110601408164088
spoof	spoof	0.0013196598346835134
spoof	spoof	0.001281551452694429
spoof	spoof	0.0010349440943354597
spoof	spoof	0.0012251493130050475
spoof	spoof	0.0010471339059823996
spoof	spoof	0.0012883269152146367
spoof	spoof	0.0008796678104505513
bonafide	bonafide	0.997390246582802
spoof	spoof	0.0011349422995089481
spoof	spoof	0.0012684302386059144
spoof	spoof	0.001073834301013715
bonafide	bonafide	0.9977250906634894
spoof	spoof	0.0013299066735397427
spoof	spoof	0.0013129354934471413
spoof	spoof	0.0021473598878278717
spoof	spoof	0.0010669797196445144
spoof	spoof	0.0014608817301391785
spoof	spoof	0.0010699470847617334
spoof	spoof	0.0010025554031181717
spoof	spoof	0.0012101062351900474
spoof	spoof	0.0012019645901982276
spoof	spoof	0.0010830951819736788
spoof	spoof	0.0008301441081918267
spoof	spoof	0.001173640548552957
spoof	spoof	0.0009164219774545157
spoof	spoof	0.0010919587903526918
spoof	spoof	0.0020210162309609817
spoof	spoof	0.0013804667546823298
spoof	spoof	0.0015398829399525791
spoof	spoof	0.0011983692455777592
spoof	spoof	0.0027913785874989975
spoof	spoof	0.0011432001551127276
spoof	spoof	0.0009159250616852721
spoof	spoof	0.0015778405532850127
spoof	spoof	0.001257646259518352
spoof	spoof	0.0015947274051770109
spoof	spoof	0.0011779127441175752
spoof	spoof	0.0008295219984447908
spoof	spoof	0.0011825715811614199
bonafide	bonafide	0.9975140172584659
spoof	spoof	0.000754524669602692
spoof	spoof	0.0011299812832395804
spoof	spoof	0.0011870862663649368
spoof	spoof	0.0009347824384386342
spoof	spoof	0.0013136941216438987
spoof	spoof	0.001332877652594511
spoof	spoof	0.0010311835137056542
spoof	spoof	0.001148870391042184
spoof	spoof	0.001330888659039388
spoof	spoof	0.0012963377082607953
spoof	spoof	0.0011722841319916156
spoof	spoof	0.0014453127608762993
spoof	spoof	0.002967784144004233
spoof	spoof	0.001163722483433697
spoof	spoof	0.001085512804239946
spoof	spoof	0.0009588338424118679
spoof	spoof	0.0013144650808296916
bonafide	bonafide	0.9974439861696023
bonafide	bonafide	0.9976199359112988
spoof	spoof	0.0009532512928537622
spoof	spoof	0.0011413889587934608
spoof	spoof	0.0009665629583179253
spoof	spoof	0.0008269769438045248
spoof	spoof	0.0018049816943479437
spoof	spoof	0.0008916437496512369
spoof	spoof	0.0009654237913301292
spoof	spoof	0.0014157469607765504
spoof	spoof	0.001574809049259898
spoof	spoof	0.0012072432689786924
spoof	spoof	0.0026253086323849138
spoof	spoof	0.001306406492925586
spoof	bonafide	0.540043438609441
bonafide	bonafide	0.9976640940779545
spoof	spoof	0.000990104782124804
spoof	spoof	0.0014381798318400965
spoof	spoof	0.0013061987182278556
spoof	spoof	0.0021567876594839226
spoof	spoof	0.0009364119541990155
spoof	spoof	0.001039650720385013
spoof	spoof	0.0010612756080910807
spoof	spoof	0.0009507367860610645
spoof	spoof	0.0011275898643492177
spoof	spoof	0.0011967383177282653
bonafide	bonafide	0.9976846618047263
spoof	spoof	0.0012000795509565215
spoof	spoof	0.004730098523282559
bonafide	bonafide	0.997647444272322
bonafide	bonafide	0.9977219736940497
spoof	spoof	0.002107219746565544
spoof	spoof	0.0012748683429986219
spoof	spoof	0.001120163620341696
spoof	spoof	0.0010454740031618371
spoof	spoof	0.0008208981746081799
bonafide	bonafide	0.9976471465604488
spoof	spoof	0.0011278562827343672
bonafide	bonafide	0.9970221897300282
spoof	spoof	0.0015886478418921973
spoof	spoof	0.0017531271356484137
spoof	spoof	0.0010019862934879241
spoof	spoof	0.0011176473511585537
spoof	spoof	0.0020988019968930078
spoof	spoof	0.0011627352100009173
spoof	spoof	0.0010955255842653505
spoof	spoof	0.001117166485190549
spoof	spoof	0.0011504808170491707
spoof	spoof	0.000835496773429833
spoof	spoof	0.0023281096573135934
spoof	spoof	0.001137481479647525
spoof	spoof	0.001049543330224684
spoof	spoof	0.002125034951098013
bonafide	bonafide	0.9976616525120245
spoof	spoof	0.0011641515599472648
spoof	spoof	0.0180495702435774
bonafide	bonafide	0.9976766230593405
spoof	spoof	0.0009727742205552715
spoof	spoof	0.0012153870531671199
spoof	spoof	0.0012490522071358597
bonafide	bonafide	0.9977400925499383
spoof	spoof	0.0015440303963783798
spoof	spoof	0.0012706400254522611
bonafide	bonafide	0.9975372922600776
spoof	spoof	0.0036270218404172295
spoof	spoof	0.0012882256866216064
spoof	spoof	0.001082255878668846
spoof	spoof	0.001645863915631665
spoof	spoof	0.0062896324169807285
spoof	spoof	0.0013806403057489635
spoof	spoof	0.0014069909364440524
spoof	spoof	0.2747498068760304
spoof	spoof	0.0017946164869166012
spoof	spoof	0.001897194547372562
spoof	spoof	0.0011198656793352615
spoof	spoof	0.0012527421444794217
spoof	spoof	0.002080831450693835
spoof	spoof	0.0012442422985350526
spoof	spoof	0.0013660830583431057
spoof	spoof	0.001148029933579908
spoof	spoof	0.0010562047590160877
spoof	spoof	0.001304146385347568
spoof	spoof	0.0008985393159003437
spoof	spoof	0.0011893909873802748
spoof	spoof	0.0012010839082336336
spoof	spoof	0.0012068316652182384
spoof	spoof	0.003940614413254211
spoof	spoof	0.000863899164380926
spoof	spoof	0.0013807941533186398
spoof	spoof	0.0012909920810468274
spoof	spoof	0.0021061581718335993
spoof	spoof	0.0008721836441238538
spoof	spoof	0.0012064342787178374
spoof	spoof	0.001131768198779212
spoof	spoof	0.00120239343350086
spoof	bonafide	0.9942196618468124
spoof	spoof	0.001468881184988991
spoof	spoof	0.0021326015951854587
bonafide	bonafide	0.9977426784754218
spoof	spoof	0.001249937955736021
spoof	spoof	0.001155846580296238
spoof	spoof	0.0008567226993999535
spoof	spoof	0.0010391778844261429
spoof	spoof	0.0011457654291887201
spoof	spoof	0.0010610097385905588
spoof	spoof	0.001268339027691881
spoof	spoof	0.0010098317419620483
spoof	spoof	0.0019928149821108417
spoof	spoof	0.00118259044942387
spoof	spoof	0.0012734196437687334
spoof	spoof	0.0014461866725959175
spoof	spoof	0.001616041661411994
spoof	spoof	0.0011388275055002196
spoof	spoof	0.001208035828398595
spoof	spoof	0.0016135340076670864
spoof	spoof	0.0010954092256894386
spoof	spoof	0.0011199574271267062
spoof	spoof	0.0031239574574540947
spoof	spoof	0.0012407747156850057
spoof	spoof	0.0008876234888021457
spoof	spoof	0.0012355796613404953
spoof	spoof	0.0013910201475631268
spoof	spoof	0.004043156997862313
spoof	spoof	0.0011657214735857958
spoof	spoof	0.0014068877661348247
spoof	spoof	0.0010195011218516743
spoof	spoof	0.0010023171207914669
spoof	spoof	0.001071928119507811
spoof	spoof	0.002403710488854056
spoof	spoof	0.0015280974774705906
spoof	spoof	0.0010145059485000706
spoof	spoof	0.0014658688607895377
spoof	spoof	0.0011831076131728277
spoof	spoof	0.0010609248361158148
spoof	spoof	0.0010807789440140491
spoof	spoof	0.0008756691671152786
spoof	spoof	0.0009129135515177367
spoof	spoof	0.0016396588041248535
spoof	spoof	0.001076357133132938
spoof	spoof	0.002298232731030272
spoof	spoof	0.0012107559280018572
spoof	spoof	0.0016096694562910624
spoof	spoof	0.0011075357360553375
bonafide	bonafide	0.9973788532641459
spoof	spoof	0.0019034893859894053
bonafide	bonafide	0.9976745618714002
spoof	spoof	0.0008313245693446794
spoof	spoof	0.0012645685793381174
bonafide	bonafide	0.9977236702520821
spoof	spoof	0.001507957534702204
spoof	spoof	0.002263198791915494
spoof	spoof	0.0009317953187708177
spoof	spoof	0.0012656018264499544
bonafide	bonafide	0.9976361148789924
spoof	spoof	0.0012736322189054244
spoof	spoof	0.0009103541960854929
spoof	spoof	0.0012751655675356046
spoof	spoof	0.0011372523312571782
spoof	spoof	0.0009924686832125367
spoof	spoof	0.001236557744709794
spoof	spoof	0.0010579398835259106
spoof	spoof	0.0015396457865213108
spoof	spoof	0.0012150620794012042
spoof	spoof	0.0009025238347245036
spoof	spoof	0.001219815963560858
spoof	spoof	0.0012255026616264611
spoof	spoof	0.0010054668645044897
spoof	spoof	0.0011004746527811231
spoof	spoof	0.0009465542702819397
bonafide	bonafide	0.9976540402352962
spoof	spoof	0.0010336579454019855
spoof	spoof	0.0009428546830688759
spoof	spoof	0.0010136927004311
spoof	spoof	0.0012056734889688446
spoof	spoof	0.0009093726216357862
spoof	spoof	0.0012328646298812845
spoof	spoof	0.001289621193545392
spoof	spoof	0.0009949166567404365
spoof	spoof	0.0011983087484292824
bonafide	bonafide	0.9976852813062473
spoof	spoof	0.001198809939474386
spoof	spoof	0.0012697027397404292
spoof	spoof	0.0009320767942305298
spoof	spoof	0.0011416618963848296
bonafide	bonafide	0.9976889800017966
spoof	spoof	0.0012171876999710898
bonafide	bonafide	0.9976723299965068
spoof	spoof	0.0014369607347540776
spoof	spoof	0.0012600604952849633
bonafide	bonafide	0.9975682683207798
spoof	spoof	0.001080680364578158
spoof	spoof	0.0009204973436057006
spoof	spoof	0.0009131817151572829
spoof	spoof	0.0013181097732943678
spoof	spoof	0.0023670325023151385
spoof	spoof	0.0010391961997241739
spoof	spoof	0.0008402637797929985
spoof	spoof	0.002387490980765356
spoof	spoof	0.0010325472469704163
spoof	spoof	0.0013157232392540608
spoof	spoof	0.001333207747007738
spoof	spoof	0.0010574877016961165
spoof	spoof	0.0010823966196667266
spoof	spoof	0.0008697547431735571
spoof	spoof	0.0011472430918184025
spoof	spoof	0.001086329793196685
spoof	spoof	0.001186714025301987
spoof	spoof	0.0009148459564411155
spoof	spoof	0.0013992880820071201
bonafide	bonafide	0.9973130709049229
spoof	spoof	0.001310100927090861
spoof	spoof	0.002200964830363968
bonafide	bonafide	0.9976150692796437
spoof	spoof	0.0015528766059558215
spoof	spoof	0.001570140936381943
spoof	spoof	0.0014742538819659935
bonafide	bonafide	0.9974626437525617
spoof	spoof	0.001133898941163766
spoof	spoof	0.0017979642361014166
spoof	spoof	0.0011584021293492394
spoof	spoof	0.0014366344027930905
spoof	spoof	0.0009788260014932438
spoof	spoof	0.0009113042674163158
spoof	spoof	0.0010920893477559456
spoof	spoof	0.0009521763337537011
spoof	spoof	0.0014091706659261681
spoof	spoof	0.0014059388197842177
spoof	spoof	0.000927426724407142
spoof	spoof	0.001653034545827131
spoof	spoof	0.0011771186200876223
spoof	spoof	0.013395990502314761
spoof	spoof	0.0011888705140682995
spoof	spoof	0.0009113450782164106
spoof	spoof	0.0008926793503303005
spoof	spoof	0.0011807782171810418
spoof	spoof	0.001008735567732744
spoof	spoof	0.0013714557295480437
spoof	spoof	0.0018016367668865357
spoof	spoof	0.0011545571706901298
spoof	bonafide	0.9970812361122627
spoof	spoof	0.0011217899531611117
spoof	spoof	0.0015697739439563393
spoof	spoof	0.0011823719339440646
spoof	spoof	0.0009083250290111806
spoof	spoof	0.0011454369542633705
spoof	spoof	0.0020320185934136125
spoof	spoof	0.0016303306751095843
spoof	spoof	0.0008911324492892198
spoof	spoof	0.0008642505221384253
spoof	spoof	0.0022147568747664047
spoof	spoof	0.0011302078915897671
bonafide	bonafide	0.9976726843171269
spoof	spoof	0.0009794111291083142
spoof	spoof	0.001338479340650357
spoof	spoof	0.0009307245797188441
spoof	spoof	0.0036415664121180035
bonafide	bonafide	0.9976124993655409
spoof	spoof	0.0010104929057286956
spoof	spoof	0.0008667986808565777
spoof	spoof	0.00095331555191376
spoof	spoof	0.0014526338652121379
bonafide	bonafide	0.9977395387683875
spoof	spoof	0.0015146414669735821
spoof	spoof	0.0012038049996598212
spoof	spoof	0.0009635512630121635
spoof	spoof	0.0010505171566552861
spoof	spoof	0.0016271186996088126
spoof	spoof	0.0014095716442191473
spoof	spoof	0.001096042041788978
spoof	spoof	0.0011030994094709356
spoof	spoof	0.0008347584935499401
spoof	spoof	0.001182336175586091
bonafide	bonafide	0.99765782104651
spoof	spoof	0.0013863166867146308
spoof	spoof	0.0012384628526367733
spoof	spoof	0.0010479125560671704
spoof	spoof	0.001148651807526643
spoof	spoof	0.0010878021287208926
spoof	spoof	0.0009228864410899543
spoof	bonafide	0.993451146762151
spoof	spoof	0.00307200848801561
spoof	spoof	0.0008557656735510048
spoof	spoof	0.0009478964965984995
spoof	spoof	0.0015096830737813891
spoof	spoof	0.0012479893636190317
bonafide	bonafide	0.9965893417752612
spoof	spoof	0.0010950018071006137
spoof	spoof	0.0011536441473476617
spoof	spoof	0.001808528645376334
spoof	spoof	0.0012554787726823508
spoof	spoof	0.0011417298690695051
spoof	spoof	0.0018710740442602878
spoof	spoof	0.001182689583145489
spoof	spoof	0.0012131279247448467
spoof	spoof	0.0012271934895882173
spoof	spoof	0.0010110285534614147
spoof	spoof	0.0009502147176132947
spoof	spoof	0.0012509881580870846
spoof	spoof	0.0013238846124862165
spoof	spoof	0.0045662698443423855
spoof	spoof	0.0011521648347183628
spoof	spoof	0.0011709764069012891
spoof	spoof	0.001157688962711362
spoof	spoof	0.0011067194213666318
spoof	spoof	0.005074047937251846
spoof	spoof	0.0009104979774970758
spoof	spoof	0.0013770698107736321
spoof	spoof	0.0016633694859102615
bonafide	bonafide	0.9977444825204437
bonafide	bonafide	0.9976412708251194
spoof	spoof	0.0025228787642413496
spoof	spoof	0.0011025402430286687
bonafide	bonafide	0.9974857749616421
spoof	spoof	0.0011679611214838678
spoof	spoof	0.0009137352552882633
spoof	spoof	0.001265546678568193
spoof	spoof	0.001046074763114724
spoof	spoof	0.001197798068630048
spoof	spoof	0.0014160972119782592
spoof	spoof	0.0009991044135816347
spoof	spoof	0.0009187190957769452
spoof	spoof	0.0009848328218712468
spoof	spoof	0.15062196516948187
spoof	spoof	0.0009283200750170204
bonafide	bonafide	0.9976660096357699
spoof	spoof	0.001119209794717166
spoof	spoof	0.0010735016254936492
spoof	spoof	0.0008529580939964914
spoof	bonafide	0.9321975488345572
spoof	spoof	0.0012127070975222693
spoof	spoof	0.0009098570998033141
spoof	spoof	0.0012420100429901325
bonafide	bonafide	0.9973308974629763
spoof	spoof	0.0011397570442782058
spoof	spoof	0.000893546709852965
spoof	spoof	0.0015571727992609854
spoof	spoof	0.0013619909824991996
spoof	spoof	0.0013907936363158366
spoof	spoof	0.0011548470043924056
spoof	spoof	0.0018059759796580344
bonafide	bonafide	0.9977055346512104
spoof	spoof	0.0010823110387130125
spoof	spoof	0.0010832935639209684
spoof	spoof	0.0017059319659558638
spoof	spoof	0.001283359848375404
spoof	spoof	0.001245637972460847
spoof	spoof	0.000962222873140107
spoof	spoof	0.001089850447516392
spoof	spoof	0.0011606575822036842
bonafide	bonafide	0.9977033597498557
spoof	spoof	0.0011305252733889853
spoof	spoof	0.000981895917107077
spoof	spoof	0.004870339948524497
bonafide	bonafide	0.9976206875748946
spoof	spoof	0.002812119392885381
spoof	spoof	0.0010836641116537106
spoof	spoof	0.001470797357066805
spoof	spoof	0.001379080115242983
spoof	spoof	0.0016676695536059069
spoof	spoof	0.0012199620797336858
spoof	spoof	0.001018580520304153
spoof	spoof	0.0010187833550460105
spoof	spoof	0.0012619852394067717
spoof	spoof	0.001043449354469041
spoof	spoof	0.001330162236852699
spoof	spoof	0.0008315786914780466
spoof	spoof	0.0008972154086228079
spoof	spoof	0.0009424536646174016
spoof	spoof	0.0014802860312639742
bonafide	bonafide	0.9976606650457989
spoof	spoof	0.0012232623296672964
spoof	spoof	0.0010052616502552146
spoof	spoof	0.001585549560276579
bonafide	bonafide	0.9977237985801563
spoof	spoof	0.0009443007512140474
spoof	spoof	0.0012118430827426675
spoof	spoof	0.0016963614874297222
spoof	spoof	0.001115831948550753
spoof	spoof	0.0012940432313118088
spoof	spoof	0.0011685069563738826
bonafide	bonafide	0.9971489248426036
spoof	spoof	0.0010909271034095945
bonafide	bonafide	0.9972897583806224
spoof	spoof	0.0009669461266193596
spoof	spoof	0.0012216071644582183
spoof	spoof	0.0012280365604037365
spoof	spoof	0.0011223666228163162
bonafide	bonafide	0.9977348633347198
spoof	spoof	0.001147592580913927
bonafide	bonafide	0.9976257336540558
spoof	spoof	0.0012080228833066461
spoof	spoof	0.0010775010489514551
spoof	spoof	0.0012928424098665125
spoof	spoof	0.0013111557189013107
spoof	spoof	0.00108879689388885
spoof	spoof	0.0010797529224561627
spoof	spoof	0.001406822451175755
spoof	spoof	0.0011030287429359034
spoof	spoof	0.0011724424301679862
spoof	spoof	0.0013275607619093281
spoof	spoof	0.0008535367651262551
spoof	spoof	0.0013779126862231443
spoof	spoof	0.0012262852926879177
spoof	spoof	0.0008473267124314413
spoof	spoof	0.0010007022095902536
spoof	spoof	0.0010498493356126683
spoof	spoof	0.000937951809342384
spoof	spoof	0.001080007278864555
spoof	bonafide	0.960625391675119
spoof	spoof	0.001092702551879923
spoof	spoof	0.00105881305238555
spoof	spoof	0.0010952759242001092
spoof	spoof	0.0013059163468544404
spoof	spoof	0.0013792915855367414
spoof	spoof	0.0013333201246907074
spoof	spoof	0.001728293455969081
spoof	spoof	0.001129866919775909
spoof	spoof	0.0009024212930592705
spoof	spoof	0.001642463827180978
spoof	spoof	0.0012417424176005849
spoof	spoof	0.0010630127247523587
spoof	spoof	0.0008620013813878751
spoof	spoof	0.0011904983868196131
spoof	spoof	0.0010077476270614956
spoof	spoof	0.001234769053501844
bonafide	bonafide	0.9977083922576607
spoof	spoof	0.0014012720575792331
spoof	spoof	0.001231042285702733
bonafide	bonafide	0.9977133544754306
spoof	spoof	0.0028061393120656715
spoof	spoof	0.0010995435968096684
spoof	spoof	0.0010536616043252556
spoof	spoof	0.0011942589678989432
spoof	spoof	0.0012417226067401802
spoof	spoof	0.001356474140801802
spoof	spoof	0.0010804160718837393
bonafide	bonafide	0.997752971841451
spoof	spoof	0.0011924055915184847
spoof	spoof	0.0012476949003538324
spoof	spoof	0.0014749296563843297
spoof	spoof	0.0015656740967905682
spoof	spoof	0.0011081008638937852
bonafide	bonafide	0.9977339525338035
spoof	spoof	0.0009598980190806729
spoof	spoof	0.0009941674006728712
spoof	spoof	0.0010358987141921075
spoof	spoof	0.001177742770045846
spoof	spoof	0.0012823774654434268
spoof	spoof	0.0011718381084245672
spoof	spoof	0.0012868249468411456
spoof	spoof	0.0009533725485528813
spoof	spoof	0.000985644537656756
spoof	spoof	0.0012256827305748125
spoof	spoof	0.0011325983830993442
spoof	spoof	0.0012756174570826497
spoof	spoof	0.0010793754845448884
spoof	spoof	0.0011991505605708028
spoof	spoof	0.0013685083528822209
spoof	spoof	0.00117705639144672
spoof	spoof	0.001081648788279546
spoof	spoof	0.0011152488054244386
spoof	spoof	0.0010922378692552236
spoof	spoof	0.0014695576489646518
spoof	spoof	0.001838103538686044
spoof	spoof	0.0011915486461603478
spoof	spoof	0.0010810590306858444
spoof	spoof	0.001291505847071497
spoof	spoof	0.0008842610250051014
bonafide	bonafide	0.9976836041400469
spoof	spoof	0.001162064485880674
spoof	spoof	0.001033969667014128
spoof	spoof	0.001108498367112691
spoof	spoof	0.003820184152428353
spoof	spoof	0.0012195223316386293
spoof	spoof	0.0009957760457976193
spoof	spoof	0.0017587978728844933
spoof	spoof	0.0008596096172159112
spoof	spoof	0.0011264290467105566
spoof	spoof	0.001194845531082658
bonafide	bonafide	0.9977029521708792
spoof	spoof	0.0026849741546436517
spoof	bonafide	0.9974716464680656
spoof	spoof	0.0014347240762686306
bonafide	bonafide	0.997691425499259
spoof	spoof	0.0024993828234981526
spoof	spoof	0.001240240349483602
spoof	spoof	0.0016039521812674642
bonafide	bonafide	0.997702103453918
spoof	spoof	0.0009121067081194083
bonafide	bonafide	0.9977314273291653
spoof	spoof	0.0011093323722781159
spoof	spoof	0.0009032750869097478
spoof	spoof	0.0010371019330604964
spoof	spoof	0.0008885718715855882
spoof	spoof	0.0010799342320718629
spoof	spoof	0.0010119298033413448
spoof	spoof	0.0014822431711948528
bonafide	bonafide	0.9974217979817593
spoof	spoof	0.002375215838374812
spoof	spoof	0.0010950542257175998
bonafide	bonafide	0.9976949696542408
spoof	spoof	0.001512535028674672
spoof	spoof	0.003382091899620656
spoof	spoof	0.0010672132781128362
spoof	spoof	0.0012756119897213074
spoof	spoof	0.0014722164965324442
spoof	spoof	0.0012004010941030969
spoof	spoof	0.0012338690663516185
spoof	spoof	0.0013137548057828533
spoof	spoof	0.0009381236314970336
spoof	spoof	0.000984058806359869
spoof	spoof	0.0012450247269685925
spoof	spoof	0.0014725722837701683
spoof	spoof	0.0012653981227189871
spoof	spoof	0.0009936515639154381
spoof	spoof	0.0010471917671623287
spoof	spoof	0.00095883110180047
spoof	spoof	0.0011479509244365683
spoof	spoof	0.0013377041891801458
spoof	spoof	0.0010641759284783184
bonafide	bonafide	0.9975532706060862
bonafide	bonafide	0.9973575090578792
spoof	spoof	0.0019663755417711815
bonafide	bonafide	0.9977398006217794
spoof	spoof	0.0009856501720171883
bonafide	bonafide	0.9976127662474371
spoof	spoof	0.0013347822135125178
spoof	spoof	0.000993797836478311
spoof	spoof	0.00542518835105024
spoof	spoof	0.0010945755099640866
spoof	spoof	0.0009569624586884005
spoof	spoof	0.0010844112687751336
spoof	spoof	0.0010041900442167456
spoof	spoof	0.0035014164502431225
bonafide	bonafide	0.9976971590559329
spoof	spoof	0.0010290379764127007
spoof	spoof	0.0016246012327007266
spoof	spoof	0.0010510069114604062
spoof	spoof	0.008514144414104951
spoof	spoof	0.002486024128049223
spoof	spoof	0.0009584705512733072
spoof	spoof	0.0008617907282810495
spoof	spoof	0.0010932377277991143
spoof	spoof	0.00115198896990129
spoof	spoof	0.00127740501906911
spoof	spoof	0.0008770490518360727
spoof	spoof	0.0010058893975654652
spoof	spoof	0.0010086433126071568
spoof	spoof	0.0009511501613139275
spoof	spoof	0.0010817023717003
spoof	spoof	0.001091032592802293
bonafide	bonafide	0.997697065932183
bonafide	bonafide	0.9976468460124142
spoof	spoof	0.001034121375946529
spoof	spoof	0.0009550776619461111
spoof	spoof	0.001082155102850114
spoof	spoof	0.0010266616397316005
spoof	spoof	0.0017521631463976923
spoof	spoof	0.0012225552775784977
spoof	spoof	0.0010454585652861764
bonafide	bonafide	0.9976833501185959
spoof	spoof	0.000852142482467283
spoof	spoof	0.0012168196499534798
spoof	spoof	0.0009141194924707743
spoof	spoof	0.0012244047255995638
spoof	spoof	0.0009977082843503561
spoof	spoof	0.00151543276760167
spoof	spoof	0.0013291833184682653
spoof	spoof	0.0010445812217807693
spoof	spoof	0.0012872368252432188
spoof	spoof	0.0010061539302685578
spoof	spoof	0.0012545810365925027
spoof	spoof	0.0009709797235328055
spoof	spoof	0.0012350160620112362
spoof	spoof	0.0012215146623775004
spoof	spoof	0.0015346867664752307
spoof	spoof	0.0018270714246693138
spoof	spoof	0.001506247590751344
spoof	spoof	0.0009570775749472169
spoof	spoof	0.0011070505153135202
spoof	spoof	0.0008555153751672434
spoof	spoof	0.0010588493659794906
spoof	spoof	0.0009912166157751599
spoof	spoof	0.0011267896445779277
spoof	spoof	0.0018047815284111047
spoof	spoof	0.0008012276614558633
spoof	spoof	0.0011848980209809427
spoof	spoof	0.001117378551674312
spoof	spoof	0.0012137214320183673
spoof	spoof	0.001822964891679451
spoof	spoof	0.0013934332528263865
spoof	spoof	0.001370942190613917
spoof	spoof	0.0009249769702254795
spoof	spoof	0.001209206637285711
spoof	spoof	0.0024483517369556294
spoof	spoof	0.001189151394143737
spoof	spoof	0.001536738401819212
spoof	spoof	0.0009931191998514151
spoof	spoof	0.0011223297370266871
spoof	spoof	0.0011467601576201868
spoof	spoof	0.00150430356699371
spoof	spoof	0.001037802189593402
spoof	spoof	0.0059781080611198915
spoof	spoof	0.0010537614862823395
spoof	spoof	0.0013090759704508677
spoof	spoof	0.0016109293865505141
spoof	spoof	0.0009680471975258814
spoof	spoof	0.0009239270434895811
spoof	spoof	0.0012743356979346603
spoof	spoof	0.0009314504717561125
spoof	spoof	0.0012735084904069984
spoof	spoof	0.0010494228525560212
spoof	spoof	0.0011595966863675092
spoof	spoof	0.0012973242847171735
spoof	spoof	0.001129006201331793
spoof	spoof	0.0009013187925558066
spoof	spoof	0.0014608719919810488
spoof	spoof	0.0008244322280435734
spoof	spoof	0.0014210294462889317
spoof	spoof	0.00116308636625325
bonafide	bonafide	0.997657604877467
spoof	spoof	0.001152279257272632
spoof	spoof	0.0008911434875639274
spoof	spoof	0.0013314303277452125
spoof	spoof	0.001307998245311906
spoof	spoof	0.0008600592063954483
spoof	spoof	0.0011077478231106247
spoof	spoof	0.0012537857433994237
spoof	spoof	0.0015966972571479778
spoof	spoof	0.001072607926389714
spoof	spoof	0.0010256500534574309
bonafide	bonafide	0.9976489948999107
spoof	spoof	0.0011292691888877366
spoof	spoof	0.0013271758139987277
spoof	spoof	0.0013029526435966064
spoof	spoof	0.0010295415128776418
spoof	spoof	0.0012067256252317046
spoof	spoof	0.001000914361101279
spoof	spoof	0.0012228109107379449
spoof	spoof	0.0008752937801651691
spoof	spoof	0.001328190572213442
spoof	spoof	0.0016333837354158484
spoof	spoof	0.0013987981048501435
spoof	spoof	0.0018592447911546961
spoof	spoof	0.0012777387349439744
spoof	spoof	0.001220803677186794
spoof	spoof	0.002021000362181292
bonafide	bonafide	0.9976168758733248
spoof	spoof	0.001201446059992982
bonafide	bonafide	0.9977100373547751
spoof	spoof	0.0009259881652339102
spoof	spoof	0.0016745659014818731
spoof	spoof	0.0019642599052568316
spoof	spoof	0.00109691840950754
spoof	spoof	0.0011341792731742416
spoof	spoof	0.001080076729335601
spoof	spoof	0.0015613663789729633
spoof	spoof	0.0008611135377475211
spoof	spoof	0.001761029546267745
spoof	spoof	0.0012078500076931654
spoof	spoof	0.0012988644703897541
spoof	spoof	0.0016973869383137476
spoof	spoof	0.0011066182149364401
spoof	spoof	0.0016139830546082633
spoof	spoof	0.0010900267012312898
bonafide	bonafide	0.9977236767498795
spoof	spoof	0.001437241973230176
spoof	spoof	0.0013943827337773947
spoof	spoof	0.0008812399591736803
bonafide	bonafide	0.9976301524745844
spoof	spoof	0.0011357775143010862
spoof	spoof	0.0013201714777109968
spoof	spoof	0.004923655242906458
spoof	spoof	0.002001349392391587
spoof	spoof	0.001110937705523526
bonafide	bonafide	0.9976797108722456
bonafide	bonafide	0.9976925004585543
spoof	spoof	0.0011853032819513672
bonafide	bonafide	0.9976598207801707
spoof	spoof	0.0014785081564362879
spoof	spoof	0.0010506227462260245
bonafide	bonafide	0.9977187895180206
spoof	spoof	0.001854928348605289
spoof	spoof	0.0011753239994757763
spoof	spoof	0.0009735778622672087
bonafide	bonafide	0.9972306111938916
spoof	spoof	0.0012121960622477714
bonafide	bonafide	0.9975278066791519
spoof	spoof	0.00141522225157411
spoof	spoof	0.0010333957878431335
spoof	spoof	0.0012142053520455525
spoof	spoof	0.0020067176685651827
spoof	spoof	0.0011793031873239498
spoof	spoof	0.0009661226403656244
spoof	spoof	0.001321835371381948
bonafide	bonafide	0.99769614544837
spoof	spoof	0.0009035617295036356
spoof	spoof	0.0024923513281622806
spoof	spoof	0.0010689471193838923
spoof	spoof	0.0009206769364007381
spoof	spoof	0.002011556042126992
bonafide	bonafide	0.9976164036597489
spoof	spoof	0.0012057871892430295
spoof	spoof	0.0012028376105244756
spoof	spoof	0.00225271577290393
spoof	spoof	0.010880475251298306
spoof	spoof	0.0011259114254849976
spoof	spoof	0.0011428868399071142
spoof	bonafide	0.9954752037698332
bonafide	bonafide	0.9976017009653624
spoof	spoof	0.0008867050539402596
spoof	spoof	0.0010775539138562487
spoof	spoof	0.0011399671500820936
bonafide	bonafide	0.9967951655202393
bonafide	bonafide	0.997729035994272
spoof	spoof	0.0016961253054078812
spoof	spoof	0.0011689998732221534
spoof	spoof	0.0012544265974225222
spoof	spoof	0.0009349242843523793
spoof	spoof	0.0012107553513675882
bonafide	bonafide	0.9976363937444638
spoof	spoof	0.005079280300492661
spoof	spoof	0.001292233954910774
spoof	spoof	0.001044601871340536
spoof	spoof	0.0012217558223933545
spoof	spoof	0.0009249780718646759
spoof	spoof	0.0015805185438474306
spoof	spoof	0.0009135145823788219
spoof	spoof	0.001439830782018609
spoof	spoof	0.0017718276270286806
spoof	spoof	0.001570904345637096
bonafide	bonafide	0.997735740376239
spoof	spoof	0.0009831736900886032
spoof	spoof	0.00106545966173771
spoof	spoof	0.0037245828277385888
spoof	spoof	0.0010534729084530178
spoof	spoof	0.0012926001631262875
spoof	spoof	0.0009319185093283546
spoof	spoof	0.0010281148937465936
spoof	spoof	0.0008313012011355843
spoof	spoof	0.0012216013465111235
spoof	spoof	0.002552740861292894
spoof	spoof	0.0012577016625268487
spoof	spoof	0.001119495297308469
spoof	spoof	0.0015963708065126604
spoof	spoof	0.0011104139724820144
spoof	spoof	0.0010480044055317874
spoof	spoof	0.00128348758890022
bonafide	bonafide	0.9977067978033987
spoof	spoof	0.0008190934113296599
spoof	spoof	0.0015034973091926321
spoof	spoof	0.001546460386016831
spoof	spoof	0.0011463352998197117
spoof	spoof	0.0012639604723443927
bonafide	bonafide	0.9975103767576422
spoof	spoof	0.0011757758282232025
spoof	spoof	0.0017564218705863085
spoof	spoof	0.0009643886389532877
spoof	spoof	0.0011140094098031502
spoof	spoof	0.0015437180043699704
spoof	spoof	0.0011233964387021911
spoof	spoof	0.001310087201662378
spoof	spoof	0.011308829188596176
spoof	spoof	0.0016997107264319136
spoof	spoof	0.0012717608958365844
spoof	spoof	0.0009397721731308949
spoof	spoof	0.0008689032138374094
spoof	spoof	0.0008960238509597662
spoof	spoof	0.0011705824501248513
spoof	spoof	0.0011522962707079497
bonafide	bonafide	0.9976535446717585
spoof	spoof	0.0013620399499124746
spoof	spoof	0.0012077303611741366
spoof	spoof	0.0016985177108274642
spoof	spoof	0.001318063952336131
spoof	spoof	0.001967302666934832
spoof	spoof	0.0010242095496512055
spoof	spoof	0.0011123705018026083
spoof	spoof	0.001026620560536065
spoof	spoof	0.0008664638320526184
spoof	spoof	0.0010615774455527273
bonafide	bonafide	0.9976468359375148
bonafide	spoof	0.1232284924724876
spoof	spoof	0.0017426116165532761
bonafide	bonafide	0.9976803206599704
spoof	spoof	0.0012126663800458377
spoof	spoof	0.0010893138148129703
spoof	spoof	0.0013199734596795927
spoof	spoof	0.002072017470769866
spoof	spoof	0.001219421566234349
spoof	spoof	0.0011351969357772122
bonafide	bonafide	0.9976558486023425
spoof	spoof	0.0012322189328343388
spoof	spoof	0.00128329384389354
spoof	spoof	0.0011709451754884257
spoof	spoof	0.00108238914395254
spoof	spoof	0.0010591757397954552
spoof	spoof	0.0010592435998273515
spoof	spoof	0.001720198247433175
spoof	spoof	0.0016360374531415353
bonafide	bonafide	0.9976897478288169
spoof	spoof	0.001451041144783786
spoof	spoof	0.0010875252179818444
spoof	spoof	0.0013645055078626146
spoof	spoof	0.0011568577647243178
spoof	spoof	0.0010078616447288377
spoof	spoof	0.001129925310970402
spoof	spoof	0.005680735965672104
spoof	spoof	0.0015232738642652658
spoof	spoof	0.0012815029341091938
spoof	spoof	0.0011622903242138
spoof	spoof	0.0011370042745884952
spoof	bonafide	0.9961041616107054
spoof	spoof	0.0019479563235522193
spoof	spoof	0.0012549171642396233
bonafide	bonafide	0.9976556863412148
spoof	spoof	0.0016604774383929888
spoof	spoof	0.000792369224300865
spoof	spoof	0.001101446892217915
spoof	spoof	0.03275033092553357
bonafide	bonafide	0.9977207503284942
spoof	spoof	0.00143644903542076
spoof	spoof	0.001161229873468711
spoof	spoof	0.0009009558121939059
spoof	spoof	0.0016374041205945175
spoof	spoof	0.0012614669814570783
spoof	spoof	0.0011924893604907951
bonafide	bonafide	0.9976768103998925
spoof	spoof	0.0013264473098569078
spoof	spoof	0.0010611358413980157
spoof	spoof	0.0010485454322254342
spoof	spoof	0.0009223218698827031
spoof	spoof	0.0011570660594142476
spoof	spoof	0.0011980174345979202
spoof	spoof	0.0011675409298818622
spoof	spoof	0.0009557059703714971
spoof	spoof	0.0017569478285067816
spoof	spoof	0.0013947406575241662
spoof	spoof	0.0010913959076314715
spoof	spoof	0.001406128624862622
spoof	spoof	0.0011618267941086412
spoof	spoof	0.000861431545848398
spoof	spoof	0.0014475238587421987
spoof	spoof	0.0011160817704056801
spoof	spoof	0.0008636699428449514
spoof	spoof	0.0012403132980392125
spoof	spoof	0.0011230856028646252
spoof	spoof	0.00155622599729441
spoof	spoof	0.0012606499179343743
spoof	spoof	0.0022751295938896673
spoof	spoof	0.0012794201973670225
spoof	spoof	0.0013462363371928407
spoof	spoof	0.00128770157229006
spoof	spoof	0.0013413244443394505
spoof	spoof	0.0009835062767784347
spoof	spoof	0.001584900144505352
spoof	spoof	0.001132554418506308
bonafide	bonafide	0.9976755329800205
spoof	spoof	0.001499222632312174
bonafide	bonafide	0.9977284087235563
spoof	spoof	0.0009735043549381513
spoof	spoof	0.0012839326407012102
spoof	spoof	0.0010161905504778863
spoof	spoof	0.004061836648199
spoof	spoof	0.0011083769366804406
spoof	spoof	0.0009183239584280338
spoof	spoof	0.001220183175405288
spoof	spoof	0.0011978593957767516
spoof	spoof	0.0011591968917577143
spoof	spoof	0.0009283461679315171
spoof	spoof	0.0011851158738801207
spoof	spoof	0.0018211003476618912
bonafide	bonafide	0.9974110635585148
spoof	spoof	0.0008901202686099549
bonafide	bonafide	0.9975919772375891
spoof	spoof	0.0014471909969252443
bonafide	bonafide	0.9977425936321714
spoof	spoof	0.0036341319119278584
bonafide	bonafide	0.9977363995504147
bonafide	bonafide	0.9976720614520674
spoof	spoof	0.0014292240153661244
spoof	spoof	0.0015538028792338296
spoof	spoof	0.0015964000665396475
spoof	spoof	0.0011304081628715971
spoof	spoof	0.0009307150468610258
spoof	spoof	0.0016284023433766567
spoof	spoof	0.0013519513878419629
spoof	spoof	0.0009863535458557399
spoof	spoof	0.0010223463197585514
spoof	spoof	0.0018736333869509654
spoof	spoof	0.0010256761920949147
spoof	spoof	0.0008584076343729889
spoof	spoof	0.0026719880097012616
spoof	spoof	0.0008551590096876413
spoof	spoof	0.0010935700017167586
bonafide	bonafide	0.9976762483330198
spoof	spoof	0.0009237815834723859
spoof	spoof	0.0009090287033310477
spoof	spoof	0.000914502366235959
spoof	spoof	0.0008919143817625837
bonafide	bonafide	0.9975983879222344
spoof	spoof	0.001437876158911733
spoof	spoof	0.00115043835086548
spoof	spoof	0.0011319358583296664
spoof	spoof	0.001542423904049255
spoof	spoof	0.001121963617686664
spoof	spoof	0.0012650616011777467
spoof	spoof	0.001476057571565501
spoof	spoof	0.0010714245433740767
spoof	spoof	0.0011456505613962789
spoof	spoof	0.00121932835838014
spoof	spoof	0.0011969820031330815
spoof	spoof	0.0009484035124181603
spoof	spoof	0.000938314259048168
spoof	spoof	0.0011735670451644307
spoof	spoof	0.0010685485144324082
spoof	spoof	0.0008955042816551041
spoof	spoof	0.000929071313229161
bonafide	bonafide	0.9976735051376486
spoof	spoof	0.002116634309752989
spoof	spoof	0.003241700600167454
spoof	spoof	0.0008640259413455748
spoof	spoof	0.0011247777808098265
spoof	spoof	0.0008989302305230515
spoof	bonafide	0.9958681495332017
spoof	spoof	0.0008636294135828628
bonafide	bonafide	0.9977382435740623
spoof	spoof	0.0013821486187226143
spoof	spoof	0.0012095571215966457
spoof	spoof	0.0011546160115021977
spoof	spoof	0.0011342754338134514
spoof	spoof	0.0012052871029366158
spoof	spoof	0.001236490611068002
spoof	spoof	0.0014964712645960077
spoof	spoof	0.0012102045026485468
spoof	spoof	0.0011711208630089767
spoof	spoof	0.0010099532116169287
spoof	spoof	0.0009636382501512376
spoof	spoof	0.0013135946557599222
bonafide	bonafide	0.9976146534450587
spoof	spoof	0.0009838497553203835
spoof	spoof	0.001325025572130654
spoof	spoof	0.0009428385132943512
spoof	spoof	0.0015288321055656753
spoof	spoof	0.0013508509559567038
spoof	spoof	0.0016697973169539238
spoof	spoof	0.0011162444504070506
spoof	spoof	0.0009733582842761231
spoof	spoof	0.001358489351799868
spoof	spoof	0.0010302170400669384
spoof	spoof	0.0011046433793896991
spoof	spoof	0.0011092988203951512
spoof	spoof	0.001188317442076661
spoof	spoof	0.0009350879794353743
spoof	spoof	0.0013322846399748754
spoof	spoof	0.001130783767072382
spoof	spoof	0.0031441322655946157
spoof	spoof	0.0008458732462375665
spoof	spoof	0.0012154999316836943
bonafide	bonafide	0.9977483412696053
spoof	spoof	0.0010370377129848157
spoof	spoof	0.001150350409747674
spoof	spoof	0.0011420491228640106
spoof	spoof	0.0009575418275712525
spoof	spoof	0.0013093979955424702
spoof	spoof	0.0008882982324009976
spoof	spoof	0.0017644201506366146
spoof	spoof	0.001198126134032023
spoof	spoof	0.001106684630613453
spoof	spoof	0.0015236506766844737
spoof	spoof	0.0010491112244316314
spoof	spoof	0.0008705915523093528
spoof	spoof	0.0013677457940455783
spoof	spoof	0.0013726745612970517
spoof	spoof	0.001044180253355555
spoof	spoof	0.001126264079433207
bonafide	bonafide	0.997658115182723
spoof	spoof	0.001055966816782746
spoof	spoof	0.000858459575043201
spoof	spoof	0.0021388167343100862
spoof	spoof	0.001517424384949385
spoof	spoof	0.0013267597026504253
spoof	spoof	0.0009039180073863842
spoof	spoof	0.0018451487085661897
spoof	spoof	0.0018355773505471455
spoof	spoof	0.0011938347281054771
spoof	spoof	0.0013761612631348985
spoof	spoof	0.0012839473153625734
spoof	spoof	0.001013306231517937
spoof	spoof	0.001472729698813937
spoof	spoof	0.001569911462651455
spoof	spoof	0.0012403700059495685
spoof	spoof	0.0011429352879112674
spoof	spoof	0.0008987364646382561
bonafide	bonafide	0.9976737995220881
spoof	spoof	0.001100616711937584
spoof	spoof	0.0011571230990165752
spoof	spoof	0.0011962217545879816
bonafide	bonafide	0.9977054342240262
spoof	spoof	0.0010739841792750445
spoof	spoof	0.0019530980063190752
spoof	spoof	0.0010929984801399462
bonafide	bonafide	0.9977306884380445
spoof	spoof	0.0009270254164472843
spoof	spoof	0.000962199725120722
spoof	spoof	0.0010712017997572775
bonafide	bonafide	0.9977189457936477
spoof	spoof	0.0010001100917578273
spoof	spoof	0.0011266388448376086
spoof	spoof	0.0007804879777953147
bonafide	bonafide	0.9977056536299158
spoof	spoof	0.001104270399714727
spoof	spoof	0.0012718702206478993
spoof	spoof	0.002431424589316436
spoof	spoof	0.0021848277535561436
spoof	spoof	0.001661268088872322
spoof	spoof	0.0008799955992975558
spoof	spoof	0.001062747432971758
spoof	spoof	0.001213337670720582
spoof	spoof	0.0009395893066168926
bonafide	bonafide	0.9977211634299281
spoof	spoof	0.0009112569465406649
spoof	spoof	0.001181016687850884
spoof	spoof	0.017493378093314742
spoof	spoof	0.0012027135910383014
spoof	spoof	0.0009326151194040606
bonafide	bonafide	0.9976291252336335
spoof	spoof	0.0014551117830566263
spoof	spoof	0.001509686308322779
spoof	spoof	0.001089188776845705
bonafide	bonafide	0.9976851409003982
bonafide	bonafide	0.9975926970579824
spoof	spoof	0.003339738892961788
spoof	spoof	0.0008139244680005379
spoof	spoof	0.001158022601695203
bonafide	bonafide	0.9976757662954772
spoof	spoof	0.001121430686440291
bonafide	bonafide	0.9971264228988769
spoof	spoof	0.0008625835112202375
spoof	spoof	0.0013352342187343846
spoof	spoof	0.0009956019744745883
spoof	spoof	0.0014869554571154218
spoof	spoof	0.001086341176929445
spoof	spoof	0.0012396055531364504
spoof	spoof	0.002291762558743869
spoof	bonafide	0.9964034244548746
spoof	spoof	0.0009178688639676345
spoof	spoof	0.001353559561776221
spoof	spoof	0.0013950176299368509
spoof	spoof	0.001213896592288273
spoof	spoof	0.001390546966410958
spoof	spoof	0.001256559356443201
spoof	spoof	0.0009678062745045505
spoof	spoof	0.0011700743773292352
spoof	spoof	0.0012566293736828835
spoof	spoof	0.0009076097919266251
spoof	spoof	0.0010927212890265096
spoof	spoof	0.0017121844951034793
bonafide	bonafide	0.9977062347906129
spoof	spoof	0.0008796816405065647
spoof	spoof	0.0016624385456932653
spoof	spoof	0.0011944569221459815
bonafide	bonafide	0.9977093928612679
spoof	spoof	0.0013908486049586323
spoof	spoof	0.0009611570372854076
spoof	spoof	0.0010603501541240166
spoof	spoof	0.0013329681030399877
spoof	spoof	0.002247692676678213
spoof	spoof	0.0017648640705917532
spoof	spoof	0.0013085452537388437
spoof	spoof	0.001260216827520321
spoof	spoof	0.001242278909244814
bonafide	bonafide	0.997669078255022
spoof	spoof	0.001059531485643996
spoof	spoof	0.0008564966045674018
bonafide	bonafide	0.9975797568921049
spoof	spoof	0.0010859210926581866
bonafide	bonafide	0.9969726644105714
spoof	spoof	0.0018540306988021214
spoof	spoof	0.0009049947972411391
spoof	spoof	0.0009793103568493436
spoof	spoof	0.0011322704429145478
spoof	spoof	0.0022855573747430622
bonafide	bonafide	0.9976890003412271
spoof	spoof	0.0010731897558230613
spoof	spoof	0.0016366364960559562
spoof	spoof	0.0014412763581725311
spoof	spoof	0.001117209320976142
spoof	spoof	0.0008932502620414914
spoof	spoof	0.0010568187261987085
spoof	spoof	0.02067428613098419
spoof	bonafide	0.9964169541921821
spoof	spoof	0.0013840753732037737
spoof	spoof	0.001530788465319385
spoof	spoof	0.000889077256609112
bonafide	bonafide	0.9975808727904364
spoof	spoof	0.0009172883498994248
spoof	spoof	0.001444949101984602
bonafide	bonafide	0.9976568765533247
spoof	spoof	0.0012581446747694013
spoof	spoof	0.0009029919766911032
spoof	spoof	0.0012296699729218853
spoof	spoof	0.0011705027269308286
spoof	spoof	0.0023577985953712943
spoof	spoof	0.0012289662452775265
spoof	spoof	0.0019040022094712614
spoof	spoof	0.0010221963364971617
spoof	spoof	0.0013673804634866736
bonafide	bonafide	0.9976508786691338
spoof	spoof	0.0010427351091662424
spoof	spoof	0.001370319867868193
spoof	spoof	0.0014799424759515652
spoof	spoof	0.0011487210165857867
spoof	spoof	0.0012162796581429338
bonafide	bonafide	0.9977193608489167
spoof	spoof	0.0010441491673151085
spoof	spoof	0.001177805876371324
spoof	spoof	0.0013647082477468442
bonafide	bonafide	0.9976665059032095
spoof	spoof	0.0010125045549766738
spoof	spoof	0.0011447502982737474
spoof	spoof	0.001062419959746787
spoof	spoof	0.0012303354298715194
spoof	spoof	0.0012913813069383676
spoof	spoof	0.0018305331877940263
spoof	spoof	0.0011332127170631974
bonafide	bonafide	0.9974476099994949
spoof	spoof	0.0010025644771106434
spoof	spoof	0.001037283005662771
spoof	spoof	0.0014883557941527856
spoof	spoof	0.0014515566523343494
spoof	spoof	0.0011928997713930444
spoof	spoof	0.0009967373053419684
spoof	spoof	0.0012694297593210532
spoof	spoof	0.0009416346439253693
spoof	spoof	0.0010844241820232383
spoof	spoof	0.0008902763380565558
spoof	spoof	0.0011584112329186464
spoof	spoof	0.0020585579641297985
spoof	spoof	0.0011527820826899191
spoof	spoof	0.002862408875277612
spoof	spoof	0.0011663579192519816
spoof	spoof	0.003366694097131973
spoof	spoof	0.0010015904466572575
spoof	spoof	0.0009360370839055044
bonafide	bonafide	0.9976206892726617
spoof	spoof	0.0013755490196632153
spoof	spoof	0.0011534466312917557
spoof	spoof	0.0008113653748507573
spoof	spoof	0.0009461683570815931
spoof	spoof	0.0010500681440925419
spoof	spoof	0.0009798948401355658
spoof	spoof	0.0012028742746199364
spoof	spoof	0.001152269104213039
spoof	spoof	0.0008547311189442584
spoof	spoof	0.0015139940184070516
spoof	spoof	0.001216261990782129
bonafide	bonafide	0.9975193320711804
spoof	spoof	0.001188989993258733
spoof	spoof	0.0009620402251818807
spoof	spoof	0.0009364001326794217
spoof	spoof	0.0009404934658133798
spoof	spoof	0.0012773575697339545
spoof	spoof	0.0014795338369293146
spoof	spoof	0.0012618392043502195
spoof	spoof	0.0010560266745862515
bonafide	bonafide	0.9972907512514662
spoof	spoof	0.0011444172083430345
spoof	spoof	0.0027743302191485415
spoof	spoof	0.0013525296339197228
spoof	spoof	0.0008974646417678467
spoof	spoof	0.0008123629647019025
spoof	spoof	0.0028038278910622904
spoof	spoof	0.0019614262546073704
spoof	spoof	0.0011018110471618895
spoof	spoof	0.0010483631447299412
spoof	spoof	0.002885019214858937
spoof	spoof	0.001052159246950248
spoof	spoof	0.00102429566425808
spoof	spoof	0.000941968224839931
spoof	spoof	0.0010028183433620547
spoof	spoof	0.001241767551235977
spoof	spoof	0.0013797632415018025
spoof	spoof	0.0008309586747645412
bonafide	bonafide	0.9976808679531164
spoof	spoof	0.001534663019799192
spoof	spoof	0.0011330249011456094
spoof	spoof	0.0020714363241323215
spoof	spoof	0.0013308446125742948
spoof	spoof	0.0014313536251089705
spoof	spoof	0.0009773587736457562
bonafide	bonafide	0.9977739854997149
spoof	spoof	0.0017524342279135862
spoof	spoof	0.0011163422824644745
spoof	spoof	0.001416941338990795
spoof	spoof	0.0012939384731470863
spoof	spoof	0.0012220392243517623
spoof	spoof	0.0011145252813343702
spoof	spoof	0.0014432146374690406
spoof	spoof	0.001316168172156336
spoof	spoof	0.0009453393560381771
spoof	spoof	0.0010936835604410677
spoof	spoof	0.0010706519002851758
spoof	spoof	0.0011864492596290932
spoof	bonafide	0.995384331650433
spoof	spoof	0.0009094514726074675
spoof	spoof	0.0011997492371241744
spoof	spoof	0.0009024462287452391
spoof	spoof	0.0010684258574813143
spoof	spoof	0.0013005603813162517
spoof	spoof	0.0015232303500571373
spoof	spoof	0.0009376415366503281
spoof	spoof	0.005251081927738234
spoof	spoof	0.0011991031590552156
spoof	spoof	0.0010735264255735987
spoof	spoof	0.001156667136279365
bonafide	bonafide	0.9976426825371241
spoof	spoof	0.0013548673475428192
bonafide	bonafide	0.9969518165060027
spoof	spoof	0.00101288323980462
spoof	spoof	0.0010952605342692918
spoof	spoof	0.004197474628877318
bonafide	bonafide	0.9977126156965314
bonafide	bonafide	0.9976818684160985
spoof	spoof	0.0016178602560634823
spoof	spoof	0.0030314529825590784
spoof	spoof	0.0009056007580120559
spoof	spoof	0.0009354925515687357
spoof	spoof	0.2096832704561649
spoof	spoof	0.0011117785746347128
spoof	spoof	0.0012385855399635127
bonafide	bonafide	0.9969008526200447
spoof	spoof	0.0012183279111827202
spoof	spoof	0.0011201529496461012
spoof	spoof	0.0010717601494474992
spoof	spoof	0.0012168251553944715
spoof	spoof	0.0012695594403836013
spoof	spoof	0.0012593474939471634
bonafide	bonafide	0.9976515356774375
spoof	spoof	0.0010160784955999867
spoof	spoof	0.0011195800823920604
spoof	spoof	0.0013775616988466674
spoof	spoof	0.0014113369666995516
spoof	spoof	0.0011877796181532824
spoof	spoof	0.0010651318610155579
spoof	spoof	0.001017876492308811
spoof	spoof	0.0016536956950643361
spoof	spoof	0.0011891627213433222
spoof	spoof	0.0011233351742390286
spoof	spoof	0.0013753836394041238
spoof	spoof	0.0010340713785010871
spoof	spoof	0.0009979690038221059
spoof	spoof	0.0021550366143744315
spoof	spoof	0.0009773706461478147
spoof	spoof	0.0011869064907462632
spoof	spoof	0.0011533510445529505
spoof	spoof	0.001180041736607396
spoof	spoof	0.0012556327432476958
spoof	spoof	0.0011260975272057764
spoof	spoof	0.002003565440334447
spoof	spoof	0.0014316831903179524
spoof	spoof	0.001128605652813725
spoof	spoof	0.0011785519087519913
spoof	spoof	0.0014963911098973659
spoof	spoof	0.0009376576173798361
spoof	spoof	0.0017839026501892342
spoof	spoof	0.0011111898730687658
spoof	spoof	0.0010915383558552233
spoof	spoof	0.0010318950157895209
bonafide	bonafide	0.9977284087235563
spoof	spoof	0.0013902202374534449
spoof	spoof	0.0011092401730815752
spoof	spoof	0.0013393821781032714
bonafide	bonafide	0.9976764252025129
spoof	spoof	0.0013885821219687643
spoof	spoof	0.001122206258630225
spoof	spoof	0.0011571388060669053
spoof	spoof	0.001122697847303564
spoof	spoof	0.0011713660329263113
spoof	spoof	0.0017954952505280328
spoof	spoof	0.0011257484106073847
spoof	spoof	0.0016367853169939788
spoof	spoof	0.0009127174264889956
spoof	spoof	0.0008397259052302245
spoof	spoof	0.0013396252064047148
spoof	spoof	0.001477027402427851
spoof	spoof	0.0008651572601213504
spoof	spoof	0.001149716391448151
spoof	spoof	0.0015472244539192338
spoof	spoof	0.00102267899094262
spoof	spoof	0.0011263963195755995
spoof	spoof	0.0013179986759102162
spoof	spoof	0.00144583931643568
bonafide	bonafide	0.9977186120671192
bonafide	bonafide	0.9977126254904449
spoof	spoof	0.0012279035132362038
bonafide	bonafide	0.9976277246066292
spoof	spoof	0.0011065881710571833
spoof	spoof	0.0017984983311617932
spoof	spoof	0.0017858792052858421
spoof	spoof	0.0013004009087225518
spoof	spoof	0.0010368087760445582
spoof	spoof	0.0012677294117297234
spoof	spoof	0.0011519911646167634
spoof	spoof	0.001520976200156137
spoof	spoof	0.0011071217028875845
spoof	spoof	0.001203170779210843
spoof	spoof	0.0027033081352745526
spoof	spoof	0.0009022291394019065
spoof	spoof	0.0010744477575863611
bonafide	bonafide	0.9969697702885036
spoof	spoof	0.0014576185595730714
spoof	spoof	0.001071921992478205
spoof	spoof	0.0012700713411856557
spoof	spoof	0.0021963599049982588
spoof	spoof	0.0012612909723484895
spoof	spoof	0.005665590896778201
spoof	spoof	0.0011032018708428896
spoof	spoof	0.0012202563985608515
spoof	spoof	0.0012505560005038566
spoof	spoof	0.00124235286505119
spoof	spoof	0.0020484759050353454
spoof	spoof	0.0010995454298548192
spoof	spoof	0.0014883859119569414
spoof	spoof	0.0017035676544292291
spoof	spoof	0.0011348577036959216
bonafide	bonafide	0.9977269098140484
spoof	spoof	0.0008253845214311274
spoof	spoof	0.000951255515764532
spoof	spoof	0.0010138327442389412
spoof	spoof	0.0011937841250982332
spoof	spoof	0.001210201620791461
spoof	spoof	0.0012280982640867242
spoof	spoof	0.001080271471667671
spoof	spoof	0.0033599314442404136
spoof	spoof	0.00194542434353896
spoof	spoof	0.001470814864653764
spoof	spoof	0.0013287324097586415
spoof	spoof	0.0010858879894675032
spoof	spoof	0.0011129229861288564
spoof	spoof	0.0011322097735921592
spoof	spoof	0.0010391867945308522
spoof	spoof	0.002687740610787766
bonafide	bonafide	0.9976614044328742
spoof	spoof	0.0016811941796691203
spoof	spoof	0.0014985913971851115
spoof	spoof	0.0018014494042110942
spoof	spoof	0.001274323257031942
spoof	spoof	0.0008880242543427305
spoof	spoof	0.002448983617425893
spoof	spoof	0.0022219211949490933
spoof	spoof	0.001103823936525706
spoof	spoof	0.0010627147823530588
spoof	spoof	0.0008677767164670985
spoof	spoof	0.0011399028112501256
spoof	spoof	0.0019364481670466375
spoof	spoof	0.0011320485437982932
spoof	spoof	0.0008604504068578902
spoof	spoof	0.0010148604840478812
spoof	spoof	0.0011207989764356302
spoof	spoof	0.0008665858242618661
spoof	spoof	0.0009485227964675291
spoof	spoof	0.0023438090690148035
spoof	spoof	0.0013268310989806075
spoof	spoof	0.0014015680107378754
spoof	spoof	0.0012593987733957419
spoof	spoof	0.0015552490412513414
spoof	spoof	0.001033056435560786
spoof	spoof	0.03644342042793867
spoof	spoof	0.001349169861380475
spoof	spoof	0.001163948366426522
spoof	spoof	0.001200264463480751
spoof	spoof	0.0011553514992911843
spoof	spoof	0.0014516243867539887
spoof	spoof	0.0016627962944920603
spoof	spoof	0.0009209149123888275
spoof	spoof	0.0013095030682764358
spoof	spoof	0.0013765007512680611
bonafide	bonafide	0.9976471538358109
spoof	spoof	0.0011622380121697543
spoof	spoof	0.0011913920270872412
spoof	spoof	0.001008671660941331
spoof	spoof	0.0010331809420306988
spoof	spoof	0.0011458396491765151
spoof	spoof	0.0010853447756681287
spoof	spoof	0.001128602965048219
spoof	spoof	0.0011725552341343669
spoof	spoof	0.001033795081494705
bonafide	bonafide	0.9976889420710299
spoof	spoof	0.0011425278986659144
spoof	spoof	0.0011758522699408815
spoof	spoof	0.0009029919766911032
spoof	spoof	0.0009398755968608351
spoof	spoof	0.0012475199192436442
spoof	spoof	0.00246215137879777
spoof	spoof	0.0010490245247876092
spoof	spoof	0.0009768388528559786
spoof	spoof	0.0015378578641879847
spoof	spoof	0.001306795381559318
spoof	spoof	0.0010613423386393239
spoof	spoof	0.0011610083882080619
spoof	spoof	0.0013138549094490655
bonafide	bonafide	0.9976558614266273
spoof	spoof	0.0018275228150557718
bonafide	bonafide	0.9975170897642346
spoof	spoof	0.002010969808577289
spoof	spoof	0.0010159461270173125
spoof	spoof	0.0012275442116364006
bonafide	bonafide	0.9977374326251991
spoof	spoof	0.0008694699099501778
spoof	spoof	0.0017013337603509495
spoof	spoof	0.0011427624631329917
spoof	spoof	0.0012895358300360695
spoof	spoof	0.0015960246668328434
spoof	spoof	0.001200983234542994
spoof	spoof	0.001878640508003491
spoof	spoof	0.005526999727572207
spoof	spoof	0.0013433849869714225
spoof	spoof	0.0009601310292908379
spoof	spoof	0.001180220754734346
spoof	spoof	0.006236177361686165
spoof	spoof	0.0017456556070554337
spoof	spoof	0.0011203260942237111
spoof	spoof	0.0014561846968455469
spoof	spoof	0.0017984559572614312
spoof	spoof	0.0011193801278466023
spoof	spoof	0.0009421284394702075
spoof	spoof	0.001208912389460201
bonafide	bonafide	0.9976958325098809
spoof	spoof	0.0020863067472606444
spoof	spoof	0.0014088315171724066
spoof	spoof	0.0010604787043159254
spoof	spoof	0.001116528133789464
spoof	spoof	0.0011291352673335764
spoof	spoof	0.0009744492419602397
spoof	spoof	0.030906941109034594
spoof	spoof	0.0013165775177440557
spoof	spoof	0.002911194004897795
spoof	spoof	0.0011651319880679415
spoof	spoof	0.0011545211527924462
spoof	spoof	0.00115123204227945
spoof	spoof	0.003261982874816674
spoof	spoof	0.0008555349398317215
spoof	spoof	0.0015190399554190026
spoof	spoof	0.0008452514401629198
spoof	spoof	0.001190674452717627
spoof	spoof	0.00116499548305317
spoof	spoof	0.0016202959412985852
spoof	spoof	0.0012423357069123748
spoof	spoof	0.0011084830555869504
spoof	spoof	0.0009027278778153067
spoof	spoof	0.0012315706408654859
spoof	spoof	0.0009147500780997149
spoof	spoof	0.0012085655452923488
spoof	spoof	0.0008958785119249457
spoof	spoof	0.0010345847676414284
spoof	spoof	0.0012614342407044968
spoof	spoof	0.0009331850963003813
spoof	spoof	0.0009662515156195621
spoof	spoof	0.0010225971525715935
spoof	spoof	0.0011858750029289736
spoof	spoof	0.0008606020986406909
spoof	spoof	0.0010664037931762376
spoof	spoof	0.0009014023137339435
spoof	spoof	0.0011368615852544851
spoof	spoof	0.0011253281126093618
spoof	spoof	0.0011046849462701654
spoof	spoof	0.0012520571299836822
spoof	spoof	0.001132550372770517
spoof	spoof	0.0010707559412572471
spoof	spoof	0.0019151524739058777
spoof	spoof	0.0012598138838115424
spoof	spoof	0.0013552903261900202
spoof	spoof	0.001594528503857552
spoof	spoof	0.000897011542031217
spoof	spoof	0.0020783807777448727
spoof	bonafide	0.9825436928213747
spoof	spoof	0.0013458857167899826
bonafide	bonafide	0.9976491335787945
spoof	spoof	0.0011733610924832944
spoof	spoof	0.001188908168537905
spoof	spoof	0.0008312687243756295
spoof	spoof	0.0012335711745388605
spoof	spoof	0.0017831466744454526
spoof	spoof	0.0010137941095340042
spoof	spoof	0.0010656558321778086
spoof	spoof	0.0012546596077126794
spoof	spoof	0.002173447539055649
spoof	spoof	0.0013872091403508509
spoof	spoof	0.000991912145106638
spoof	spoof	0.001019850599945126
spoof	spoof	0.0010812554950140874
spoof	spoof	0.0018021616574254752
spoof	spoof	0.0011890075480838623
spoof	spoof	0.002158572990165949
spoof	spoof	0.0012804125130196514
spoof	spoof	0.000998384584423581
spoof	spoof	0.000801069442103442
spoof	spoof	0.0012508329692514886
spoof	spoof	0.0013070069855272693
bonafide	bonafide	0.997031589328314
spoof	spoof	0.0014645171934413927
spoof	spoof	0.00095587785423364
spoof	spoof	0.001134008040963501
spoof	spoof	0.0013012012554658307
spoof	spoof	0.0010156270129280357
spoof	spoof	0.0010344950786364186
spoof	spoof	0.0011063575982318457
spoof	spoof	0.0012009163140828862
spoof	spoof	0.001022715040872186
bonafide	bonafide	0.9976591399149111
spoof	spoof	0.0013110767361923911
spoof	spoof	0.002491818510058072
spoof	spoof	0.001023371468934338
spoof	spoof	0.00101377430981777
spoof	spoof	0.0010537338797705401
spoof	spoof	0.0010082385948236626
spoof	spoof	0.001282590007005092
spoof	spoof	0.0012091219833226085
spoof	spoof	0.0011732051848878148
spoof	spoof	0.0010266936728627674
spoof	spoof	0.0008828704344410484
spoof	spoof	0.0010097355387324698
spoof	spoof	0.0011546638562394457
spoof	spoof	0.0012185910767007727
spoof	spoof	0.001549287660873873
spoof	spoof	0.0009101770486831053
spoof	spoof	0.001200473131563407
spoof	spoof	0.001272459100681631
spoof	spoof	0.0014872177872939393
spoof	spoof	0.001069348419665358
spoof	spoof	0.0008913763845472247
spoof	spoof	0.0016926288127631453
spoof	spoof	0.0009200148750753788
spoof	spoof	0.0010904636943942533
spoof	spoof	0.0015070933511172168
spoof	spoof	0.0009836632405089561
spoof	spoof	0.0013500872934659382
spoof	spoof	0.0013750231465230608
bonafide	bonafide	0.9976743621798961
spoof	spoof	0.0015359327026271664
spoof	spoof	0.0013560989015694194
spoof	spoof	0.0012036166761433104
spoof	spoof	0.0011305161194866786
spoof	spoof	0.001514642909261072
spoof	spoof	0.0013565959059272828
spoof	spoof	0.0018203312364226127
bonafide	bonafide	0.9977115473647149
spoof	bonafide	0.9383219903582978
spoof	spoof	0.0022958504298682477
spoof	spoof	0.001968572613920294
bonafide	bonafide	0.9977002830958686
spoof	spoof	0.0012007012786748037
spoof	spoof	0.001041084899500945
spoof	spoof	0.000892177657643632
bonafide	bonafide	0.997574042181834
spoof	spoof	0.0012697075771313563
spoof	spoof	0.0010191981272289299
spoof	spoof	0.001260755286725936
spoof	spoof	0.0013346036150449294
bonafide	bonafide	0.9977059434100891
spoof	spoof	0.0045102433398867955
spoof	spoof	0.0008849806456058694
spoof	spoof	0.0015973956063555603
spoof	spoof	0.001014282222210909
spoof	spoof	0.0014300528042705584
spoof	spoof	0.0013089104684868638
spoof	spoof	0.001247134987675336
spoof	spoof	0.0017869212482893495
spoof	spoof	0.0009755270149831714
spoof	spoof	0.0014073427101906422
spoof	spoof	0.001203196565668365
bonafide	bonafide	0.9976967870862542
spoof	spoof	0.0009284151628964959
spoof	spoof	0.0012056723405358574
bonafide	bonafide	0.9977060847397115
spoof	spoof	0.0016399890176980612
spoof	spoof	0.0011895493266236012
spoof	spoof	0.0012227794632330535
spoof	spoof	0.004604234634331106
spoof	spoof	0.0012556417129881102
spoof	spoof	0.0010204164786287151
spoof	spoof	0.0011832932951171646
spoof	spoof	0.0010363981990796998
bonafide	bonafide	0.9970758023428502
spoof	spoof	0.0012088758294133098
spoof	spoof	0.0009173425389963967
spoof	spoof	0.0014619199111961577
spoof	spoof	0.0012121914437009447
spoof	spoof	0.0012074804646888106
spoof	spoof	0.0011726454292620174
bonafide	bonafide	0.9976710911123575
spoof	spoof	0.001155044484904709
spoof	spoof	0.002256481318624275
bonafide	bonafide	0.9977052409985218
spoof	spoof	0.0008531033854916986
spoof	spoof	0.0012312363610092222
spoof	spoof	0.0011488651927041523
spoof	spoof	0.0012348237439896604
spoof	spoof	0.0008505146094021166
spoof	spoof	0.001188508752129472
spoof	spoof	0.0009128394017402674
spoof	spoof	0.0011951921424736614
spoof	spoof	0.001461569825505587
spoof	bonafide	0.997033052431705
spoof	spoof	0.0012476550892546747
bonafide	bonafide	0.9977099463848345
bonafide	bonafide	0.9977038491863375
spoof	spoof	0.0009493835314669484
spoof	spoof	0.0010363767241788465
spoof	spoof	0.001286330192653222
spoof	spoof	0.0012186929343814966
spoof	spoof	0.0011044923837435238
spoof	spoof	0.0008579909957196122
spoof	spoof	0.0015279243326968698
spoof	spoof	0.0009253238309970876
spoof	spoof	0.0012312190630270948
spoof	spoof	0.0012510090102597143
spoof	spoof	0.0010774063605258426
spoof	spoof	0.0013543097077122882
spoof	spoof	0.001072143864309434
spoof	spoof	0.0014844997270476933
bonafide	bonafide	0.9976977166242547
bonafide	bonafide	0.9976898692727648
spoof	spoof	0.0012174274269608257
spoof	spoof	0.0012437399066488471
spoof	spoof	0.0013340161881344602
spoof	spoof	0.0011307064820456265
spoof	spoof	0.00154450388244135
spoof	spoof	0.0010258254637934136
spoof	spoof	0.0010673716389595776
spoof	spoof	0.0012236457295469168
spoof	spoof	0.0011981689317873336
spoof	spoof	0.0011499894010194587
spoof	spoof	0.001158200213999463
spoof	spoof	0.0010831774712503335
spoof	spoof	0.0012995128643951811
spoof	spoof	0.0009511179908804927
spoof	spoof	0.0009630616190483879
spoof	spoof	0.0011158765934633625
spoof	spoof	0.0013487664527504545
spoof	spoof	0.0011894634979091516
spoof	spoof	0.0012310894824743735
spoof	spoof	0.0013443676286018303
spoof	spoof	0.0009839664622009903
spoof	spoof	0.0009636465131898492
bonafide	bonafide	0.9977243637875218
spoof	spoof	0.0010182710082112174
spoof	spoof	0.0010797557511669905
spoof	spoof	0.0012999127034121678
spoof	spoof	0.0018646230513588882
spoof	spoof	0.0010434672479273377
spoof	spoof	0.0011382358822718734
bonafide	bonafide	0.9977312999698811
spoof	spoof	0.0013562235392470495
spoof	spoof	0.0011161163246340205
spoof	spoof	0.001334094327388618
spoof	spoof	0.0014039937058599728
bonafide	bonafide	0.9977039240128769
spoof	spoof	0.0018066715307150383
bonafide	bonafide	0.9977104415009772
spoof	spoof	0.0009990147040226291
bonafide	bonafide	0.9975902440926828
bonafide	bonafide	0.9977110541206008
bonafide	bonafide	0.9977584899664984
spoof	spoof	0.0015110637733274223
spoof	spoof	0.0012998164461065303
spoof	spoof	0.0011376258722312154
spoof	spoof	0.0009439063129053851
spoof	spoof	0.004742959619860278
spoof	spoof	0.19324595411648907
bonafide	bonafide	0.9976632771704769
bonafide	bonafide	0.9977331529915268
spoof	spoof	0.0010608917360969534
spoof	spoof	0.001461527027531663
spoof	spoof	0.0010274877288000799
spoof	spoof	0.0009387776922488998
spoof	spoof	0.0011526728257853717
spoof	spoof	0.0013079206982553166
spoof	spoof	0.0015928471838350072
bonafide	bonafide	0.9976873236630279
spoof	spoof	0.0016004156608440544
spoof	spoof	0.0011470130718075808
spoof	spoof	0.0010988163806786235
spoof	spoof	0.0012811267484802084
spoof	spoof	0.0027681696333102415
spoof	spoof	0.0012036536505850557
spoof	spoof	0.0011352107234454966
bonafide	bonafide	0.9977002677788568
spoof	spoof	0.0011633714123967217
spoof	spoof	0.0011089942579399566
spoof	spoof	0.0010428538263522514
spoof	spoof	0.001167808155371915
spoof	spoof	0.0011908080079641328
spoof	spoof	0.0012473577345364925
bonafide	bonafide	0.997697850792985
bonafide	spoof	0.0010406436320305411
bonafide	bonafide	0.9976765401604812
spoof	spoof	0.0013540030873904728
spoof	spoof	0.0013004454971507467
spoof	spoof	0.0010498415843762726
spoof	spoof	0.001200616361720831
spoof	spoof	0.001216895859058489
spoof	spoof	0.0009564927909903077
spoof	spoof	0.003505873158340447
spoof	spoof	0.0008454457684225769
bonafide	bonafide	0.9977675151955904
spoof	spoof	0.0009321076551449003
bonafide	bonafide	0.9977288182790608
bonafide	bonafide	0.9976876971575105
spoof	spoof	0.0013105218059539004
bonafide	bonafide	0.9976649501356163
spoof	spoof	0.0011757957081923265
spoof	spoof	0.0012288837212275812
spoof	spoof	0.00119111487307798
bonafide	bonafide	0.997695378098133
spoof	spoof	0.0010724988524912608
spoof	spoof	0.001251674376761383
spoof	spoof	0.0008943309718799093
spoof	spoof	0.0008971029984670659
spoof	spoof	0.0010468252007421607
spoof	spoof	0.0010838814415593259
spoof	spoof	0.0012257772992428145
spoof	spoof	0.001167826510248753
bonafide	bonafide	0.9975690090875774
spoof	spoof	0.0011853755435714158
spoof	spoof	0.0011609801871213627
bonafide	bonafide	0.9976174176985011
spoof	spoof	0.0009633463348854398
spoof	spoof	0.0015470587204453662
spoof	spoof	0.003982333354423165
spoof	spoof	0.0015199811744088328
bonafide	bonafide	0.9976309860061197
spoof	spoof	0.001052686871797585
spoof	spoof	0.0010765550514383233
spoof	spoof	0.0010205533181841446
spoof	spoof	0.0009290478555060545
spoof	spoof	0.0012202813884199571
spoof	spoof	0.0010812598727381667
spoof	spoof	0.0011922903123063714
bonafide	bonafide	0.9975475051755489
spoof	spoof	0.0010833557431062823
spoof	spoof	0.0011442477022035433
spoof	spoof	0.0014311365692507086
spoof	spoof	0.0010970341444192478
spoof	spoof	0.001174023231716573
spoof	spoof	0.0014564527019599782
spoof	spoof	0.001289053233191558
spoof	spoof	0.0011647940840979682
spoof	spoof	0.001186857028955346
spoof	bonafide	0.7086868283215682
spoof	spoof	0.001522841678195102
spoof	spoof	0.0021459253292496912
spoof	spoof	0.0010149653942246933
spoof	spoof	0.0017133866857914923
spoof	spoof	0.001058502672363488
spoof	spoof	0.0013842332282856472
spoof	spoof	0.0019158384753565694
bonafide	bonafide	0.9972118615091162
spoof	spoof	0.0023870378688358876
spoof	spoof	0.0011672937798328563
spoof	bonafide	0.9958875179765143
spoof	spoof	0.0009546443902229499
spoof	bonafide	0.9963369893499627
spoof	spoof	0.0012182930975052056
spoof	spoof	0.0011306636678734665
spoof	spoof	0.0016791306500407216
spoof	spoof	0.0009103277410421211
spoof	spoof	0.0012008073618153352
spoof	spoof	0.0012711127107979617
spoof	spoof	0.0010126692775528987
spoof	spoof	0.0012684248020102325
spoof	spoof	0.0017321285544358795
spoof	spoof	0.0010797585798852215
bonafide	bonafide	0.9977319226673571
spoof	spoof	0.0011712248935845844
spoof	spoof	0.0011061663250928225
spoof	spoof	0.0008920085061919612
spoof	spoof	0.0010278661362208143
spoof	spoof	0.0012944564924307345
spoof	spoof	0.00383870364563887
spoof	spoof	0.0010401849616062488
spoof	spoof	0.0011413142113626978
spoof	spoof	0.0013119664247573375
bonafide	bonafide	0.9976500951594075
spoof	spoof	0.0013259064029046955
spoof	spoof	0.0020633939143564037
spoof	spoof	0.001086598636340418
spoof	spoof	0.0010685955960432387
bonafide	bonafide	0.9977067072505706
spoof	spoof	0.0011532255303071837
spoof	spoof	0.000962855418908305
spoof	spoof	0.00127316071994042
spoof	spoof	0.00106956772151733
spoof	spoof	0.0012109785293182918
bonafide	bonafide	0.9976850428865736
spoof	spoof	0.0011413514485624633
spoof	spoof	0.00118407578935006
spoof	spoof	0.000897488157898997
spoof	spoof	0.00224657545760779
spoof	spoof	0.0012889132770200784
spoof	spoof	0.0009341789986908269
spoof	spoof	0.0009730166108383561
spoof	spoof	0.0012311572027382189
spoof	spoof	0.0009737357942400464
spoof	spoof	0.0008501052411044689
spoof	spoof	0.000865286076645238
spoof	spoof	0.0013923077222213563
spoof	spoof	0.001128637368929549
spoof	spoof	0.0011174112832074944
spoof	spoof	0.0009934392939444257
spoof	spoof	0.001343605386959358
spoof	spoof	0.0010965151307824174
spoof	spoof	0.0011360104239314661
spoof	spoof	0.0010949147090709552
spoof	spoof	0.0013977853848556496
spoof	spoof	0.001230969002372008
spoof	bonafide	0.9975438300608485
spoof	spoof	0.0012490878986797297
spoof	spoof	0.0011810417188117357
spoof	spoof	0.0010354189515883489
spoof	spoof	0.0007710643277395736
spoof	spoof	0.0011153300818281548
spoof	spoof	0.0009522332623463951
bonafide	bonafide	0.9977046049863965
spoof	spoof	0.0012841191436519105
bonafide	bonafide	0.9975982439720523
spoof	spoof	0.00110026605297777
spoof	spoof	0.001013718534645303
spoof	spoof	0.001433985782800475
spoof	spoof	0.0010617648099137122
spoof	spoof	0.0011017081900653429
spoof	spoof	0.001797332342582858
bonafide	bonafide	0.9977521864807795
spoof	spoof	0.0009829058287333507
spoof	spoof	0.0011877810324159386
spoof	bonafide	0.8231955611275448
spoof	spoof	0.001235691764682839
spoof	spoof	0.001209081098154247
spoof	spoof	0.0020415325588385874
spoof	spoof	0.0009349474449108388
spoof	spoof	0.001124519587310722
spoof	spoof	0.0008335535018130104
spoof	spoof	0.0011322372766159469
spoof	spoof	0.0008525564866100656
bonafide	bonafide	0.9975996351299964
spoof	spoof	0.001317700893182664
bonafide	bonafide	0.9976602159588077
spoof	spoof	0.0010016412609253464
spoof	spoof	0.0010252858917708793
spoof	spoof	0.0013833156794129935
spoof	spoof	0.0009732069039852582
spoof	spoof	0.0010485624140424718
spoof	spoof	0.0015481053484840126
spoof	spoof	0.0010205263377091422
spoof	spoof	0.000861295916433404
spoof	spoof	0.0010752349166635914
spoof	spoof	0.0011711964446282544
spoof	spoof	0.0009031079206874376
spoof	spoof	0.0019379061971488186
spoof	spoof	0.022045416529454527
spoof	spoof	0.0012599395836360525
spoof	spoof	0.0008522316012577302
spoof	spoof	0.0020687126748367736
spoof	spoof	0.0010314112098185608
spoof	spoof	0.001059006739263488
spoof	spoof	0.0014722035285700415
spoof	spoof	0.0010811089802271634
bonafide	bonafide	0.9973311417978912
spoof	spoof	0.0009836109945784515
spoof	spoof	0.0011457856209157711
spoof	spoof	0.00114027206230426
bonafide	bonafide	0.9976339193544208
bonafide	bonafide	0.9977152444039119
spoof	spoof	0.0010381381541036067
spoof	spoof	0.0013037949158347978
spoof	spoof	0.0008601946412317298
bonafide	bonafide	0.9977318428162091
bonafide	bonafide	0.9976727845136659
bonafide	bonafide	0.9976542762609403
bonafide	bonafide	0.9975574312816063
spoof	spoof	0.0017806632493316012
spoof	spoof	0.0009118647071727454
spoof	spoof	0.0010691383293681372
spoof	spoof	0.0010261895725170095
spoof	spoof	0.0009524346943853976
spoof	spoof	0.0011915194203887239
spoof	spoof	0.0012312234607961504
spoof	spoof	0.0014001202031623066
bonafide	bonafide	0.9976615106762629
bonafide	bonafide	0.9977006364529473
spoof	spoof	0.0026873916929810397
spoof	spoof	0.0011136948028602914
spoof	spoof	0.001262979086421778
spoof	spoof	0.002208595271475863
bonafide	bonafide	0.9976674198921183
spoof	spoof	0.0008907315553359681
spoof	spoof	0.0011302732988768213
spoof	spoof	0.0012135607461218729
bonafide	bonafide	0.997528951759966
spoof	spoof	0.001792845313530687
spoof	spoof	0.001469664008714911
spoof	spoof	0.0012322887692185096
spoof	spoof	0.001158147534220202
spoof	spoof	0.0013251309506847732
spoof	bonafide	0.5812299183529135
bonafide	bonafide	0.997468792980959
spoof	spoof	0.0010932426747117642
spoof	spoof	0.0016355040296881958
spoof	spoof	0.0012893408662075165
spoof	spoof	0.0014248372301631843
spoof	spoof	0.001294761977397229
spoof	spoof	0.0015207300073975087
spoof	spoof	0.001193598220084766
spoof	spoof	0.0014886077394714243
spoof	spoof	0.0013461203082789734
spoof	spoof	0.001559100788832432
spoof	spoof	0.001095925628418973
spoof	spoof	0.0012768117248546952
spoof	spoof	0.0010416079690207323
spoof	spoof	0.0009076296820510961
spoof	spoof	0.0009926292037212997
spoof	spoof	0.0009977246812906061
spoof	spoof	0.0011333714133653558
spoof	spoof	0.0010392516425917725
spoof	spoof	0.0015709858676340306
bonafide	bonafide	0.9975870644798954
spoof	spoof	0.001021552340166699
spoof	spoof	0.001057730016913635
spoof	spoof	0.0010496628217239008
spoof	spoof	0.0008700972879061819
bonafide	bonafide	0.9974000607573559
spoof	spoof	0.0009139673021822304
spoof	spoof	0.0013618719763136737
spoof	spoof	0.0018165752733992765
spoof	spoof	0.0012295019082063192
spoof	spoof	0.0011941651217333832
spoof	spoof	0.0009667821562274319
spoof	spoof	0.0008522064278083532
spoof	spoof	0.0009751920138498167
spoof	spoof	0.0011702217877228125
spoof	spoof	0.0013045420569658395
spoof	spoof	0.0034947710318690146
spoof	spoof	0.0009435999160632307
spoof	spoof	0.0009145997436432115
spoof	spoof	0.0009883543809110333
spoof	spoof	0.0012738712187170867
spoof	spoof	0.001996523643173727
spoof	spoof	0.0012911906761416472
spoof	spoof	0.001151850711245833
spoof	spoof	0.00116074713962781
spoof	spoof	0.0010809194931531171
spoof	spoof	0.000978821571807622
spoof	spoof	0.0011885427157088523
spoof	spoof	0.0013138802493976819
spoof	spoof	0.001446471091600939
spoof	spoof	0.0011588129645744175
bonafide	bonafide	0.9976978075312671
spoof	spoof	0.0010513666773555195
spoof	spoof	0.0011188004613639747
spoof	spoof	0.0012135737504850824
bonafide	bonafide	0.9975314593300467
spoof	spoof	0.0008242800337013737
spoof	spoof	0.0012967625081367507
spoof	spoof	0.0008508471508163301
spoof	spoof	0.0011498015459610318
spoof	spoof	0.0010601483945498528
spoof	spoof	0.0012469820578367712
spoof	spoof	0.001254548773069177
spoof	spoof	0.0010425394291352253
spoof	spoof	0.0014582922745824622
spoof	spoof	0.0011366076587342156
spoof	spoof	0.0011677330702399044
bonafide	bonafide	0.9976969207611974
spoof	spoof	0.0017111362726324052
spoof	spoof	0.0011514031302693602
spoof	spoof	0.0011572515172887411
spoof	spoof	0.004691231044057365
spoof	spoof	0.0010027538557283034
spoof	spoof	0.001269209120322712
spoof	spoof	0.0013106082447866714
spoof	spoof	0.0011858109000081596
spoof	spoof	0.000930341125438916
spoof	spoof	0.0012287611159273795
spoof	spoof	0.0009004865798967042
bonafide	bonafide	0.9976607885713756
spoof	spoof	0.0016862183909238221
bonafide	bonafide	0.9976952514608384
spoof	spoof	0.001002619878002139
spoof	spoof	0.0011964097771611486
spoof	spoof	0.0013746738760597645
spoof	spoof	0.0011198096741996243
spoof	spoof	0.001331022391759397
spoof	spoof	0.0010686750032381242
spoof	spoof	0.0015019407923704856
spoof	spoof	0.0014307182246491668
spoof	spoof	0.0010468606049658944
spoof	spoof	0.0014749609074605097
spoof	spoof	0.001986468741923413
spoof	spoof	0.0008179382928135429
spoof	spoof	0.0009015878485879496
spoof	spoof	0.001403100824830358
spoof	spoof	0.0015669175485283527
spoof	spoof	0.0012388604508268833
spoof	spoof	0.0013858418037817051
spoof	spoof	0.0008995460620795337
spoof	spoof	0.001253746036740865
spoof	spoof	0.0009657680919204465
spoof	spoof	0.0009542770023803093
spoof	spoof	0.0012046027627398528
spoof	spoof	0.0011931347205522576
spoof	spoof	0.00108063764103316
spoof	spoof	0.0013554413527938332
spoof	spoof	0.0008672573981125511
spoof	spoof	0.001117142806485237
spoof	spoof	0.0015343543463942413
spoof	spoof	0.0014703131796836239
spoof	spoof	0.0015998683174366394
spoof	spoof	0.0016670734556069357
spoof	spoof	0.0011335174443670394
spoof	spoof	0.0033847247968497585
spoof	spoof	0.0011314224456112545
spoof	spoof	0.0009001994109542938
spoof	spoof	0.0011531296872594353
bonafide	bonafide	0.9976478118834297
spoof	spoof	0.0013803898469722416
spoof	spoof	0.001325269154407375
spoof	spoof	0.000963665334819822
spoof	spoof	0.0008158363975301686
spoof	spoof	0.0013062643440947944
spoof	spoof	0.001278316631250076
spoof	spoof	0.0009181802545718213
spoof	spoof	0.0013734271111975403
spoof	spoof	0.0011293910228767348
spoof	spoof	0.0012761937874419635
spoof	spoof	0.0009783027377593795
spoof	spoof	0.0018314425818043542
spoof	spoof	0.0012754877654292023
spoof	spoof	0.0010867117307409818
spoof	spoof	0.0008622893160890038
spoof	spoof	0.001000741776014384
bonafide	bonafide	0.9977384932039692
spoof	spoof	0.0011467440451050717
spoof	spoof	0.0011066827856797727
spoof	spoof	0.38033889240134383
spoof	spoof	0.001197595853888672
spoof	spoof	0.0017329676988714585
spoof	spoof	0.0012628025659045664
spoof	spoof	0.03215466022550111
spoof	spoof	0.0008849869699014717
bonafide	bonafide	0.9977116758303188
spoof	spoof	0.0011206380353393532
spoof	spoof	0.0008625496079269058
spoof	spoof	0.0014877974848585558
spoof	spoof	0.0012015756715943423
spoof	spoof	0.00115192066147013
spoof	spoof	0.0011376925211370333
spoof	spoof	0.0017302719215354606
spoof	spoof	0.00101208479023702
spoof	spoof	0.0008978153097449913
spoof	spoof	0.0014546750118108929
spoof	spoof	0.001006200182705234
spoof	spoof	0.0008025109821974272
spoof	spoof	0.0009740672794873824
spoof	spoof	0.0010329959101622324
spoof	spoof	0.0011968996290717684
spoof	spoof	0.0015965608162385187
spoof	spoof	0.0011666965541944465
spoof	spoof	0.0009071498462121139
spoof	spoof	0.0015798279373420024
spoof	spoof	0.0015583048984695268
spoof	spoof	0.0009759093168572785
spoof	spoof	0.0013460514008058785
spoof	spoof	0.0011821928714318651
spoof	spoof	0.0011497779977807006
spoof	spoof	0.0011559751323508057
spoof	spoof	0.0011369160054519913
spoof	spoof	0.0010654091657428207
spoof	spoof	0.0010219823562348318
bonafide	bonafide	0.9975946624422573
spoof	spoof	0.0012483555338037762
spoof	spoof	0.001588790036946811
spoof	spoof	0.0009314103144684431
spoof	spoof	0.0011127144142845436
spoof	spoof	0.0008780863321622234
spoof	spoof	0.0012064796712852228
spoof	spoof	0.0012505089516857864
spoof	spoof	0.0013972956004736862
spoof	spoof	0.0007732353362762762
spoof	spoof	0.0010818907075460203
spoof	spoof	0.0010608043165801484
spoof	spoof	0.0011564820473555985
spoof	spoof	0.0012644291705920566
spoof	spoof	0.0016579135748597327
spoof	spoof	0.0010842465092133233
spoof	spoof	0.0010692819502757618
spoof	spoof	0.0010482867432236966
bonafide	bonafide	0.997675297982307
spoof	spoof	0.000896127800956997
spoof	spoof	0.0008386134299274339
spoof	spoof	0.0013291377460165614
spoof	spoof	0.0012057435454471677
bonafide	bonafide	0.9970874810876715
bonafide	bonafide	0.9976943357379202
spoof	spoof	0.0009909850383097686
spoof	spoof	0.002079093466522194
spoof	spoof	0.0014988422180289012
spoof	spoof	0.0010439743566429942
spoof	spoof	0.0013574847665593528
spoof	spoof	0.000930639452535635
spoof	spoof	0.0015243668404190214
spoof	spoof	0.001413733095711033
spoof	spoof	0.0010612839491804026
spoof	spoof	0.0018772046478450375
spoof	spoof	0.0010960796308063943
spoof	spoof	0.000849832303321067
spoof	spoof	0.0010406773402552205
spoof	spoof	0.001089989059976464
bonafide	bonafide	0.9977296058449207
spoof	spoof	0.0011092338330169755
spoof	spoof	0.0009611549768506667
spoof	spoof	0.0008988854786733555
bonafide	bonafide	0.9976806765255082
spoof	spoof	0.0012582815937731172
spoof	spoof	0.0012802097816855722
spoof	spoof	0.0014688525103481497
spoof	spoof	0.0014434067184887637
spoof	spoof	0.0010742346197806236
bonafide	bonafide	0.9977339751735195
spoof	spoof	0.002120275774271728
spoof	spoof	0.0012044014082403442
bonafide	bonafide	0.9976835484891345
spoof	spoof	0.0010723770195754283
spoof	spoof	0.0011139377798456021
bonafide	bonafide	0.9976589355611133
spoof	bonafide	0.9964818931304907
spoof	spoof	0.0008550840471602283
spoof	spoof	0.0018888732929669483
spoof	spoof	0.001781976625436643
spoof	spoof	0.0012425502006597298
spoof	spoof	0.0011099042310467606
spoof	spoof	0.0009412686707882434
spoof	spoof	0.002297476247266291
spoof	spoof	0.0011188737359663873
spoof	spoof	0.0016066862743412825
spoof	spoof	0.0012553717518268123
spoof	spoof	0.0013031803820960012
spoof	spoof	0.002057382317977073
spoof	spoof	0.0012938460465059488
spoof	spoof	0.0010524509745384915
spoof	spoof	0.0012321174130405644
bonafide	bonafide	0.9976674148986139
spoof	spoof	0.16733707345619023
spoof	spoof	0.0014553009411264835
bonafide	bonafide	0.9976681255334634
spoof	spoof	0.0012700229542636657
spoof	spoof	0.0012281125938210767
spoof	spoof	0.0517569461997258
spoof	spoof	0.0014608048700114227
spoof	spoof	0.002196666112980543
spoof	spoof	0.0010436263143624642
spoof	spoof	0.0013496296242718991
spoof	spoof	0.001599519136137358
spoof	spoof	0.0012885625325175806
bonafide	bonafide	0.9976977122431033
spoof	spoof	0.0011895501764437788
spoof	spoof	0.0009240461132706022
spoof	spoof	0.0013981461780715188
bonafide	bonafide	0.9977129649869226
spoof	spoof	0.0009751423078035073
spoof	spoof	0.0008746247390896062
spoof	spoof	0.002535977208073531
spoof	spoof	0.0010321221313776194
spoof	spoof	0.0012633045261291511
spoof	spoof	0.0011063412623210215
spoof	spoof	0.0008657980282543358
spoof	spoof	0.001183584696925406
spoof	spoof	0.0012862897629393212
spoof	spoof	0.001209682133970099
spoof	spoof	0.0015447307512658018
spoof	spoof	0.0010633436727546714
spoof	spoof	0.0014510946910120859
spoof	spoof	0.0011465275039218316
spoof	spoof	0.0011454107676209509
spoof	spoof	0.0008915985106871107
spoof	spoof	0.001129918583720638
spoof	spoof	0.0015243998631623054
spoof	spoof	0.0012431287785042583
spoof	spoof	0.0010760662182036367
spoof	spoof	0.0010057221835743496
spoof	spoof	0.0012085278445724261
spoof	spoof	0.0016150841122065476
spoof	spoof	0.0011466405480691417
spoof	spoof	0.0009653840103228373
spoof	spoof	0.0014139552583974776
spoof	spoof	0.0010830791891713741
spoof	spoof	0.0009453774111078822
spoof	spoof	0.0011036383576732971
spoof	spoof	0.00655889677675339
spoof	spoof	0.001431202329956716
spoof	spoof	0.0013863794005655285
spoof	spoof	0.0011855133044734326
spoof	spoof	0.001066999540904667
spoof	spoof	0.0015355850254708584
spoof	spoof	0.0010605721592169648
spoof	spoof	0.0015253563810203221
spoof	spoof	0.0010803360505138497
spoof	spoof	0.0013015309529761513
spoof	spoof	0.0011134887383365997
spoof	spoof	0.001951497613243937
spoof	bonafide	0.995135420413623
spoof	spoof	0.00158604670692871
spoof	spoof	0.0011702412952136786
spoof	spoof	0.0012412824139977111
spoof	spoof	0.0013753004655513176
spoof	spoof	0.0010863026279522487
spoof	spoof	0.0010329661408391097
bonafide	bonafide	0.9977042107343904
spoof	spoof	0.0019931981541139554
spoof	spoof	0.0008321876722044741
spoof	spoof	0.001118285010122552
spoof	spoof	0.0012187872546308408
spoof	spoof	0.001417802845931596
spoof	spoof	0.0011926631643594638
spoof	spoof	0.0021963792376896146
spoof	spoof	0.0010569153830058888
spoof	spoof	0.0009386099982709539
spoof	spoof	0.0012322236275933679
spoof	spoof	0.0011464996541744764
spoof	spoof	0.0014244444632556155
bonafide	bonafide	0.9977273877560033
spoof	spoof	0.001279527742368807
spoof	spoof	0.0009975894739857874
spoof	spoof	0.0008694245523907225
spoof	spoof	0.0015432267578099443
spoof	spoof	0.0011859896625993065
spoof	spoof	0.0013132300118617146
spoof	spoof	0.0010086923220930934
spoof	spoof	0.0017090116484260462
bonafide	bonafide	0.9975973920906688
spoof	spoof	0.0016171506650011435
spoof	spoof	0.0008633198491841599
spoof	spoof	0.0011142986293768487
spoof	spoof	0.0018550550430583288
spoof	spoof	0.0012544923138973192
bonafide	bonafide	0.9976917807632326
spoof	spoof	0.0032509188648043703
spoof	spoof	0.0013592069511115506
bonafide	bonafide	0.9975609979234987
spoof	spoof	0.000983296640384194
spoof	spoof	0.0013707832381537931
spoof	spoof	0.0016997277177771804
bonafide	bonafide	0.9965896375551437
spoof	spoof	0.0008912317986795793
spoof	spoof	0.0010681276714519814
bonafide	bonafide	0.9972842565550087
spoof	spoof	0.0017170175233320987
bonafide	bonafide	0.9976859617412686
spoof	spoof	0.0009626224360226015
spoof	spoof	0.0010643556391959574
spoof	spoof	0.0011513798235202942
bonafide	bonafide	0.997696485193458
spoof	spoof	0.0014364572430646983
spoof	spoof	0.0009807940608677658
bonafide	bonafide	0.9975786422079769
bonafide	bonafide	0.9975585017039936
spoof	spoof	0.001186237094092584
spoof	spoof	0.0014193358181641377
spoof	spoof	0.00122807048242443
spoof	spoof	0.0009851798137315913
spoof	spoof	0.0016477371939125158
spoof	spoof	0.003420853510497924
spoof	spoof	0.0010494790904122604
spoof	spoof	0.0018785072884353463
spoof	spoof	0.0011382863019778306
spoof	spoof	0.001173165233404826
spoof	spoof	0.0011470076087094958
spoof	spoof	0.001993638323569831
spoof	spoof	0.0011843524355638023
spoof	spoof	0.0011143713440748822
spoof	spoof	0.0011424095462249156
bonafide	bonafide	0.9976992101119234
spoof	spoof	0.0009535449216530557
spoof	spoof	0.0013671704913694944
spoof	spoof	0.0010708362739163427
spoof	spoof	0.0010901681920429487
spoof	spoof	0.0012291725796187076
spoof	spoof	0.0009286504919453202
spoof	spoof	0.0013259888035724976
spoof	spoof	0.0011361906167173272
spoof	spoof	0.001045799745623614
spoof	spoof	0.0016838388715759045
spoof	spoof	0.001104258828309936
spoof	spoof	0.0011306671683424785
spoof	spoof	0.001454980841851758
spoof	spoof	0.0014968229271945528
spoof	spoof	0.0013028297930111554
bonafide	bonafide	0.9976168724723601
spoof	spoof	0.0010949778153359778
spoof	spoof	0.0012508478617797097
spoof	spoof	0.0011335838528498195
spoof	spoof	0.0010912802470974215
spoof	spoof	0.0013231774456554846
spoof	spoof	0.0012992393611028494
spoof	spoof	0.00079622486028422
spoof	spoof	0.0015910721890866084
spoof	spoof	0.0011596820194830853
spoof	spoof	0.0009428764677864953
spoof	spoof	0.0010832522851030608
spoof	spoof	0.0011106750146320473
spoof	spoof	0.0010542090635225888
spoof	spoof	0.0012274451225131558
bonafide	bonafide	0.997622226953203
spoof	spoof	0.0011505701381323383
spoof	spoof	0.0009663820193121442
spoof	spoof	0.0015091677918957355
bonafide	bonafide	0.9975663659306148
spoof	spoof	0.0013398855060140406
spoof	spoof	0.0011048001841459454
spoof	spoof	0.0009893176729953877
spoof	spoof	0.0012662562503276895
spoof	spoof	0.0008988912598875836
spoof	spoof	0.0014232566456299882
spoof	spoof	0.0012311170391890707
spoof	spoof	0.0012522506377286673
spoof	spoof	0.0012673747674700711
spoof	spoof	0.0012461028521230993
spoof	spoof	0.0010735944369769479
spoof	spoof	0.0012348372699673264
spoof	spoof	0.0016201887250436434
spoof	spoof	0.001448710860845363
spoof	spoof	0.0022395529036272743
spoof	spoof	0.0015806020689791344
spoof	spoof	0.0014704623019570616
spoof	spoof	0.0008418668351884279
spoof	spoof	0.0023068113467163594
spoof	spoof	0.0013206490431933165
bonafide	bonafide	0.997665517150032
spoof	spoof	0.0020223284801978284
spoof	spoof	0.0009563057628598945
spoof	spoof	0.0009691389024657362
spoof	spoof	0.0012118771351617259
spoof	spoof	0.001417892974983714
spoof	spoof	0.0008682717321214255
spoof	spoof	0.0014275746736687525
spoof	spoof	0.0012495549568988082
spoof	spoof	0.0015655455200964715
spoof	spoof	0.0012135116197835904
spoof	spoof	0.001352623348487146
spoof	spoof	0.0010226811831318158
spoof	spoof	0.0017237023611845345
spoof	spoof	0.0012415795048265322
spoof	spoof	0.0016532655245196186
spoof	spoof	0.0008828414125686565
spoof	spoof	0.0018958866424832715
spoof	spoof	0.001272663939640063
spoof	spoof	0.0012749144856821384
spoof	spoof	0.0011807349151679984
spoof	spoof	0.0010010957981962134
spoof	spoof	0.0008395244909633594
spoof	spoof	0.0027615302093510177
spoof	spoof	0.0009019474309495343
spoof	spoof	0.0015081180086034202
spoof	spoof	0.0013327691201507805
spoof	spoof	0.0010627676819208811
spoof	spoof	0.0009487525960529621
spoof	spoof	0.0010103109704055551
spoof	spoof	0.0013851253318836524
spoof	spoof	0.0011747956863013924
spoof	spoof	0.0012819186055968866
spoof	spoof	0.0011570266568847571
spoof	spoof	0.0014266012649525265
spoof	spoof	0.0013007663311312507
spoof	spoof	0.0010605153275536489
spoof	spoof	0.0012238555431915137
spoof	spoof	0.0020534103571370364
bonafide	bonafide	0.9977034040000667
spoof	spoof	0.0010126188691197838
spoof	spoof	0.0010948787244802662
spoof	spoof	0.0012067716034868618
spoof	spoof	0.0009313903474002028
spoof	spoof	0.002737559019633656
bonafide	bonafide	0.9974663514644777
spoof	spoof	0.0011701225832240608
spoof	spoof	0.001148849597831022
bonafide	bonafide	0.9970328937402213
spoof	spoof	0.0012336848584994695
spoof	spoof	0.0016288884776941533
spoof	spoof	0.0008162493052623596
spoof	spoof	0.0010229815574312527
spoof	spoof	0.005864438967679245
spoof	spoof	0.0013950737617343535
spoof	bonafide	0.9961358958722748
spoof	spoof	0.0010502402220662808
spoof	bonafide	0.9967599368073065
spoof	spoof	0.0011545384742367398
spoof	spoof	0.0009579159471091124
spoof	spoof	0.001441454797737599
spoof	spoof	0.0013890490132778372
bonafide	bonafide	0.997604555970697
spoof	spoof	0.001075618081030845
spoof	spoof	0.002528068540123433
spoof	spoof	0.0011143275554590924
spoof	spoof	0.0010131414054387294
spoof	spoof	0.0010903450164383122
bonafide	bonafide	0.9977059505040611
spoof	spoof	0.0009006504723398783
spoof	spoof	0.0012377879945216768
spoof	spoof	0.0012599818863937857
bonafide	bonafide	0.9976377915126555
bonafide	bonafide	0.997707309959768
bonafide	bonafide	0.9976586799546109
bonafide	bonafide	0.9976915572882411
