true_label	predicted_label	bonafide_prob
spoof	spoof	0.0003749802934859996
spoof	spoof	0.0003802785892656191
spoof	spoof	0.00038173718415950285
spoof	spoof	0.00037496170524767064
spoof	spoof	0.0003931846467253748
bonafide	bonafide	0.9992623727111312
spoof	spoof	0.00037576989188109017
bonafide	bonafide	0.9993229304762133
spoof	spoof	0.00037964406758928025
spoof	spoof	0.00037876896109769674
spoof	spoof	0.00038766918441342045
spoof	spoof	0.00038517976839813655
spoof	spoof	0.0003775935592410254
spoof	spoof	0.00037517051839015077
spoof	spoof	0.0003916339777420613
bonafide	bonafide	0.9993131196621904
spoof	spoof	0.0003788861514319504
bonafide	bonafide	0.9992976758457616
spoof	spoof	0.0003750441975810452
spoof	spoof	0.00037825494389382564
spoof	spoof	0.00037740021737682743
spoof	spoof	0.0003849107087649339
spoof	spoof	0.00039428037114392863
spoof	spoof	0.0003747163910871529
spoof	spoof	0.00037588543798267135
spoof	spoof	0.0003814325277931043
spoof	spoof	0.0003814424366663415
spoof	spoof	0.0003754027985632847
spoof	spoof	0.0003747685493451171
spoof	spoof	0.00037235590923641483
spoof	spoof	0.00037659759069366775
spoof	bonafide	0.9991607918339718
spoof	spoof	0.0003796101391663773
spoof	spoof	0.0003768673981767859
spoof	spoof	0.0004264668425680727
spoof	spoof	0.0003802145185426449
spoof	spoof	0.00038154244887206437
spoof	spoof	0.00037606473907339
spoof	spoof	0.00037398871958309093
bonafide	bonafide	0.9993020996110409
spoof	spoof	0.0003732568562299198
spoof	bonafide	0.9892864213356937
spoof	spoof	0.0003840968755499011
spoof	spoof	0.00043485210445584377
spoof	spoof	0.0003850280551199125
bonafide	bonafide	0.999298341000328
spoof	spoof	0.0003750314158911801
spoof	spoof	0.000375351446637708
bonafide	bonafide	0.9992747002365399
spoof	spoof	0.00037750258896549063
spoof	spoof	0.000380787096853711
bonafide	bonafide	0.9993099081935687
spoof	spoof	0.00042957183327278244
spoof	spoof	0.0003774165877700332
spoof	spoof	0.00037707107132030246
spoof	spoof	0.00038109378099789406
spoof	spoof	0.00037909389666848967
spoof	spoof	0.0003851659070527465
spoof	spoof	0.00040141129929736587
spoof	spoof	0.00037654822920097714
spoof	spoof	0.00038876409053306476
spoof	spoof	0.0003869958644944801
spoof	spoof	0.00038152017115752044
spoof	spoof	0.00037406279603314233
spoof	spoof	0.0003718442109657592
spoof	spoof	0.0003834655810945938
spoof	spoof	0.0003892940532518352
spoof	spoof	0.0003806099898444981
spoof	spoof	0.00038040966427141637
spoof	spoof	0.0003746816527124273
bonafide	bonafide	0.9993225775848141
spoof	spoof	0.00063631916011452
spoof	spoof	0.00037725246622448796
spoof	spoof	0.0003752242600898288
spoof	spoof	0.00038286744169130105
spoof	spoof	0.00038185765868477734
spoof	spoof	0.00037619651398722634
spoof	spoof	0.00037649106770052434
bonafide	bonafide	0.9992459276431559
spoof	spoof	0.0004011472537126152
spoof	spoof	0.0003721644499622825
spoof	spoof	0.0003770151782809013
spoof	spoof	0.00040094166521598276
spoof	spoof	0.0005238452124578047
spoof	spoof	0.0008096426925513338
spoof	spoof	0.0003786988267482664
bonafide	bonafide	0.9991942982113389
bonafide	bonafide	0.9992998883009484
spoof	spoof	0.0004793566321643697
spoof	bonafide	0.9991118519899642
spoof	spoof	0.0003789931711747423
spoof	spoof	0.0003739174203681661
bonafide	bonafide	0.9993274286340807
spoof	spoof	0.00038448447096801604
spoof	spoof	0.0003792120008902404
spoof	spoof	0.00037979366021150565
bonafide	bonafide	0.9992946204797123
spoof	spoof	0.0003786188695726995
spoof	spoof	0.000375471338379106
spoof	spoof	0.0003795138894206711
spoof	spoof	0.0003877149210040038
spoof	spoof	0.00041422043910310276
spoof	spoof	0.0003831420133293234
spoof	spoof	0.00037665297301195725
spoof	spoof	0.0004447848742854226
spoof	spoof	0.00037926243455340194
spoof	spoof	0.0003772255840724084
spoof	spoof	0.0003778215760644208
spoof	spoof	0.00037470156660543956
spoof	spoof	0.00037755486495246723
spoof	spoof	0.0003773553373571376
spoof	spoof	0.00038283578002651857
spoof	spoof	0.0003788627646420983
bonafide	bonafide	0.9993237188556274
spoof	spoof	0.009371202996844465
spoof	spoof	0.0003746454889305259
spoof	spoof	0.00037647464771173723
spoof	spoof	0.00037320437460839446
spoof	spoof	0.0003856912423862672
spoof	bonafide	0.9984278375765431
bonafide	bonafide	0.9992971788687742
spoof	spoof	0.00037722522445793577
spoof	spoof	0.0003757972077152759
spoof	spoof	0.00037712652324222855
spoof	spoof	0.0005280736591594439
spoof	spoof	0.00037810028000831414
bonafide	bonafide	0.999291477729526
spoof	spoof	0.00037878800883183285
spoof	spoof	0.00037313891634948904
spoof	spoof	0.0003776229875511954
spoof	spoof	0.00037492658671546607
spoof	spoof	0.0004058845716724279
spoof	spoof	0.0003779800896371527
spoof	spoof	0.00038517692265079007
spoof	spoof	0.0003758803317073458
spoof	spoof	0.0003737102841433664
spoof	spoof	0.0003784809244737246
spoof	spoof	0.0003745569247272662
spoof	spoof	0.0003759269178410153
spoof	spoof	0.0003738035480625458
bonafide	bonafide	0.9993032250588528
spoof	spoof	0.0003848727325377498
spoof	spoof	0.0003916797151733383
spoof	spoof	0.0003761848585631832
spoof	spoof	0.00038089329166659836
spoof	spoof	0.0004039496404092398
spoof	spoof	0.0003745250574488244
spoof	spoof	0.0004496066823517417
spoof	spoof	0.0003784922901884544
spoof	spoof	0.0003766062071808641
bonafide	bonafide	0.9993138563581895
spoof	spoof	0.0003750295388964701
bonafide	bonafide	0.9982078888548687
spoof	spoof	0.0003769406970563261
spoof	spoof	0.0003744494616112633
spoof	spoof	0.00037456656578248375
spoof	spoof	0.00037319218925328503
spoof	spoof	0.0004086437771367955
bonafide	bonafide	0.9993215793944138
bonafide	bonafide	0.999332432678327
spoof	spoof	0.00037569699966656656
spoof	spoof	0.0003794675824477408
spoof	spoof	0.00037884380343938817
spoof	spoof	0.0003756716608444008
bonafide	bonafide	0.9993197338901059
spoof	spoof	0.0011449171522081127
bonafide	bonafide	0.9987210400419708
spoof	spoof	0.0003852065745335238
spoof	spoof	0.00037603211622262445
spoof	spoof	0.0003839416539556411
spoof	spoof	0.00037806928273425585
spoof	spoof	0.0003871356201288129
spoof	spoof	0.00037963094823966474
spoof	spoof	0.00037669013848327937
spoof	spoof	0.0003780936117755978
spoof	spoof	0.00037564533893024175
spoof	spoof	0.0003762917433569086
spoof	spoof	0.0003834065475290585
bonafide	bonafide	0.9993169895834211
spoof	spoof	0.0005020053556402203
spoof	spoof	0.0003852502762040349
spoof	spoof	0.00038081005783916356
spoof	spoof	0.00037753596918238145
spoof	spoof	0.0003822027317176453
spoof	spoof	0.00037536701250758393
spoof	spoof	0.0003731145503098217
spoof	spoof	0.0003806462755552751
bonafide	bonafide	0.9993073670660139
spoof	spoof	0.0004593967705854182
spoof	spoof	0.0003743592485316769
spoof	spoof	0.00037725858015845627
spoof	spoof	0.0005008106252919484
spoof	spoof	0.00037363057841239357
spoof	spoof	0.0003803738543756254
spoof	spoof	0.00038179941851985586
bonafide	bonafide	0.9992958158638577
bonafide	bonafide	0.9992974306652518
spoof	spoof	0.0003813288182419144
spoof	spoof	0.00037238395324129775
spoof	spoof	0.00037971555338658084
spoof	spoof	0.0003790087073531332
spoof	spoof	0.0003755385481754567
spoof	spoof	0.00037773217131038697
spoof	spoof	0.00037620834909484553
spoof	spoof	0.0004016923671724742
spoof	spoof	0.00037352747599092334
spoof	spoof	0.0003728270800444724
spoof	spoof	0.0003725175462282168
spoof	spoof	0.00040826277637461597
spoof	spoof	0.0006455667953876228
spoof	spoof	0.0003778077092888118
spoof	spoof	0.00037543957228791414
bonafide	bonafide	0.9993293972516735
spoof	spoof	0.0003779977463983927
spoof	spoof	0.0003877238841598443
spoof	spoof	0.0003764984255233863
spoof	spoof	0.0003776999439675667
spoof	spoof	0.0003744607955522014
spoof	spoof	0.0003742334683491744
spoof	spoof	0.0003760270975735987
spoof	spoof	0.0003766913953507343
spoof	spoof	0.0003830177562436168
spoof	spoof	0.00038333555479519855
spoof	spoof	0.00037731145183651814
spoof	spoof	0.000405696569862165
spoof	spoof	0.0003905303405829352
spoof	spoof	0.00037630331240739117
bonafide	bonafide	0.999306047449196
bonafide	bonafide	0.9993095625021885
spoof	spoof	0.00037957169061788047
spoof	spoof	0.0003741386705106045
spoof	spoof	0.00038495850542703705
spoof	spoof	0.0003760490546574168
spoof	spoof	0.0003816705027458441
spoof	spoof	0.0003928489489492145
spoof	spoof	0.0003765149362832014
spoof	spoof	0.00037997853777660005
spoof	spoof	0.0003899438608272832
spoof	spoof	0.00038484384009132165
spoof	spoof	0.0004017456936867124
spoof	spoof	0.00037987839214253583
spoof	spoof	0.0004312650462451846
spoof	spoof	0.00038099406795774236
bonafide	bonafide	0.9993016959418601
spoof	spoof	0.00037796414520917677
spoof	spoof	0.0003927026392323589
spoof	spoof	0.00044331161700931175
spoof	spoof	0.00037995200476350185
spoof	spoof	0.00038559556501934107
spoof	spoof	0.0003753650443734589
spoof	spoof	0.0003770992905667104
spoof	spoof	0.00037869548734116
spoof	spoof	0.0003723055063329128
spoof	spoof	0.0004909192602164729
spoof	spoof	0.00037275991113711325
spoof	spoof	0.00037705184030461944
bonafide	bonafide	0.9993005493618757
spoof	spoof	0.00038099942528131676
spoof	spoof	0.00038374789805264514
spoof	spoof	0.0003758075972092895
spoof	spoof	0.00037719106264568316
spoof	spoof	0.0009002845441067484
spoof	spoof	0.000476914634400228
spoof	spoof	0.0008451765400478435
bonafide	bonafide	0.9993143253773354
spoof	spoof	0.00037667092688824537
spoof	spoof	0.0003759285305412978
spoof	spoof	0.00037317858126110424
spoof	spoof	0.0003982316921547281
spoof	spoof	0.0003835762706664723
spoof	spoof	0.000378942412053313
spoof	spoof	0.00037811325636570093
spoof	spoof	0.0003781552523514713
spoof	spoof	0.0003848116482049712
spoof	spoof	0.0003779826119811376
spoof	spoof	0.0003729793210287597
spoof	spoof	0.00037840994157881884
spoof	spoof	0.00038364959380883285
spoof	spoof	0.0006789815606291668
spoof	spoof	0.0003814293460993933
spoof	spoof	0.0003804548167402555
spoof	spoof	0.0003762194672622542
spoof	spoof	0.00037418432743219627
spoof	spoof	0.0003870011217141141
spoof	spoof	0.0003748054396173603
spoof	spoof	0.00037603686607712425
spoof	spoof	0.0003761296346921825
spoof	spoof	0.0003727045680737873
spoof	spoof	0.00037320259569964434
bonafide	bonafide	0.9993039362076959
spoof	spoof	0.0003741461607174127
spoof	spoof	0.00038606802448806917
spoof	spoof	0.0003731627503649948
spoof	spoof	0.00038826714207388773
spoof	spoof	0.000389201378256429
spoof	spoof	0.00038408232086105127
spoof	spoof	0.0003891873722429533
spoof	spoof	0.0003831450266759464
spoof	spoof	0.000384291357106888
spoof	spoof	0.0003760903732979978
spoof	spoof	0.0010945705570269788
spoof	spoof	0.00037624367731138965
spoof	spoof	0.0003845412876216572
spoof	spoof	0.00037636618609930637
spoof	spoof	0.00037332696183460095
spoof	spoof	0.00037353157105412426
spoof	spoof	0.00038112221034908945
spoof	spoof	0.0003814975310574714
spoof	spoof	0.00037617203801366223
spoof	spoof	0.0003832177194271096
spoof	spoof	0.0003794802439495728
spoof	spoof	0.00037724877992981155
spoof	spoof	0.00043863160676347316
spoof	spoof	0.0003828022963298386
spoof	spoof	0.0003839275626477195
bonafide	bonafide	0.9992785039203137
spoof	spoof	0.0003817186249977408
spoof	spoof	0.0003775538751505715
spoof	spoof	0.00037159216793256647
spoof	spoof	0.0003838658963824125
spoof	spoof	0.0003765067705452242
spoof	spoof	0.0003836468507956678
spoof	spoof	0.0003847204983220883
bonafide	bonafide	0.9993231467673195
spoof	spoof	0.0003742544287788748
spoof	spoof	0.0003837210104838418
spoof	spoof	0.0003798132120570673
spoof	spoof	0.0004063980547952834
spoof	spoof	0.00037935843972740677
spoof	spoof	0.00037967555587747784
bonafide	bonafide	0.9993129196496826
spoof	spoof	0.00037571508707926496
bonafide	bonafide	0.9992981371891072
spoof	spoof	0.00038136499067684696
spoof	spoof	0.00038856642024649404
spoof	spoof	0.0003789734808866579
spoof	spoof	0.0003783674664404983
bonafide	bonafide	0.9993277690699783
spoof	spoof	0.0003739983460182408
spoof	spoof	0.00043413080439846057
spoof	spoof	0.0003767559501085746
spoof	spoof	0.0004110168857184639
spoof	spoof	0.0003759070284394829
spoof	spoof	0.00038588616304690047
spoof	spoof	0.00038558325092440365
spoof	spoof	0.0003744153726117589
spoof	spoof	0.000448577221063483
spoof	spoof	0.005619209045971193
bonafide	bonafide	0.9993151851208545
spoof	spoof	0.0003971691925666159
spoof	spoof	0.000373487774009367
spoof	spoof	0.00038418723680195286
bonafide	bonafide	0.9993070149843086
spoof	spoof	0.0003794310473385884
spoof	spoof	0.0003762529134071648
spoof	spoof	0.0003758021337326779
spoof	spoof	0.0003809030957570762
spoof	spoof	0.0003995073959762749
spoof	spoof	0.00038154872323859147
spoof	spoof	0.00038225201426121154
spoof	spoof	0.00038281607264621393
spoof	spoof	0.000381291104405734
spoof	spoof	0.00042905137260045267
spoof	spoof	0.00037637542520131635
spoof	spoof	0.0003864117436341296
spoof	spoof	0.00038503631383318676
spoof	spoof	0.00039234201217603964
spoof	spoof	0.0003772559727333272
spoof	spoof	0.00038068991370178814
spoof	spoof	0.00037750357863298425
spoof	spoof	0.0003799746437372154
spoof	spoof	0.00037750735738727116
spoof	spoof	0.0003741928887250189
bonafide	bonafide	0.9993272821536093
spoof	spoof	0.0004032712168281342
spoof	spoof	0.000374976540017502
spoof	spoof	0.0004202793264364512
spoof	spoof	0.0003811723529015415
bonafide	bonafide	0.9993146579088418
bonafide	bonafide	0.9992933904086738
spoof	spoof	0.00038562433007117823
spoof	spoof	0.0003798715114946002
spoof	spoof	0.00037412600883520434
bonafide	bonafide	0.999292122440848
spoof	spoof	0.000380397334407921
spoof	spoof	0.0003797435179476525
spoof	spoof	0.00047487804707210243
bonafide	bonafide	0.9992771228082505
spoof	spoof	0.00038178513283571947
spoof	spoof	0.0003833664354763525
spoof	spoof	0.0003777020143566911
spoof	spoof	0.0029957684289555835
spoof	spoof	0.00038489392170985506
spoof	spoof	0.0003839410134304291
spoof	spoof	0.0003765917567256817
spoof	spoof	0.0003756681690558476
spoof	spoof	0.0003762346207773602
spoof	spoof	0.0008226875086599292
spoof	spoof	0.00038124267258676033
bonafide	bonafide	0.9992718397940787
spoof	spoof	0.0003844293118597684
spoof	spoof	0.00041640267607281965
bonafide	bonafide	0.9992701736937563
spoof	spoof	0.0003738003408940151
spoof	spoof	0.0003746499534061606
spoof	spoof	0.0003757053269316167
spoof	spoof	0.0003795293564843953
spoof	spoof	0.00037676268455193645
spoof	spoof	0.00037578753499618964
spoof	spoof	0.00037671904749536774
spoof	spoof	0.0003814526185288961
spoof	spoof	0.000376221439874649
spoof	spoof	0.00039009267591202105
spoof	spoof	0.0003758374238175093
spoof	spoof	0.00038295541463563874
spoof	spoof	0.00039694397774408613
spoof	spoof	0.0003828312180427241
spoof	spoof	0.0003769256049456553
spoof	spoof	0.0003739162618681253
spoof	spoof	0.0003768007588681843
spoof	spoof	0.00037583590108049335
spoof	spoof	0.000406592679985395
spoof	spoof	0.00037672739740541016
spoof	spoof	0.0003882994378377405
spoof	spoof	0.00037506305807258154
bonafide	bonafide	0.9993097085622791
spoof	spoof	0.0005393490385447008
spoof	spoof	0.0003857701182289129
spoof	spoof	0.000378949546821792
spoof	spoof	0.0003807748455107241
spoof	spoof	0.0003765480497164424
spoof	spoof	0.0003822895497751165
spoof	spoof	0.00038845632795185775
spoof	spoof	0.0003718036244860325
spoof	spoof	0.0003918443207543172
spoof	spoof	0.000394183597314398
spoof	spoof	0.00040262223761143535
spoof	spoof	0.00038546316316477705
spoof	spoof	0.0003761966036457334
spoof	spoof	0.0003825686306425595
spoof	spoof	0.000386369107324972
spoof	spoof	0.00038196906773459545
spoof	spoof	0.00038389151321316747
spoof	spoof	0.0003786767150058286
spoof	spoof	0.00037782184620146515
spoof	spoof	0.00037628779740550377
bonafide	bonafide	0.9993112432840535
spoof	spoof	0.00040502283901544897
spoof	spoof	0.00038064763633669613
spoof	spoof	0.00037965003930540354
spoof	spoof	0.0003875712615709692
spoof	spoof	0.0003843300087594381
spoof	spoof	0.0003840780186372135
spoof	spoof	0.00037451363230599883
spoof	spoof	0.0003853249293844096
spoof	spoof	0.0003742967099823199
spoof	spoof	0.0003731485209189473
spoof	spoof	0.009958065059984526
spoof	spoof	0.0003828759278271995
spoof	spoof	0.0003781461498214651
bonafide	bonafide	0.9993106792081777
spoof	spoof	0.00037193346362554363
spoof	spoof	0.000379347680877063
spoof	spoof	0.0003773289874468507
bonafide	bonafide	0.9992454320077256
spoof	spoof	0.00037601222125738877
spoof	spoof	0.00040939513697254014
spoof	spoof	0.0005541763670091457
bonafide	bonafide	0.9992501785233948
spoof	spoof	0.048091428459743284
spoof	spoof	0.00037941269067790764
spoof	spoof	0.000376825006309838
spoof	spoof	0.0003942121572174185
spoof	spoof	0.0004261123879670054
spoof	spoof	0.0003745536218302134
bonafide	bonafide	0.999305919467057
spoof	spoof	0.00037508907101686524
bonafide	bonafide	0.9992891884193714
spoof	spoof	0.00037974315593370983
spoof	spoof	0.0003778563352832444
spoof	spoof	0.000373918578871795
spoof	spoof	0.0007494164365084301
spoof	spoof	0.0003733654009498569
spoof	spoof	0.00040623914931372965
spoof	spoof	0.00037950511598624744
spoof	spoof	0.00037840011145202354
spoof	spoof	0.0003745237185468774
bonafide	bonafide	0.9993080477780691
spoof	spoof	0.0003761652244727844
spoof	spoof	0.0003745904016781672
spoof	spoof	0.000390801371005234
bonafide	bonafide	0.9993012732281578
spoof	spoof	0.00037436112217289027
spoof	spoof	0.00037704312376529145
spoof	spoof	0.00037536307624964937
spoof	spoof	0.0004100457450834432
bonafide	bonafide	0.9992599328342239
spoof	spoof	0.0003743897632839469
spoof	spoof	0.00037350050310902533
spoof	spoof	0.0003811534578321839
spoof	spoof	0.00038149007557551444
spoof	spoof	0.00454396293743894
spoof	spoof	0.0003764434247900103
bonafide	bonafide	0.9992479943677328
spoof	spoof	0.00037648442783742663
spoof	spoof	0.00037949498608735573
bonafide	bonafide	0.9993255905145316
spoof	spoof	0.00038131200558927386
spoof	spoof	0.0003769253354491686
bonafide	bonafide	0.9993237663869976
spoof	spoof	0.00037531289257768693
spoof	spoof	0.0003811697184366613
spoof	spoof	0.0003745241648469948
spoof	spoof	0.000376171679403172
spoof	spoof	0.0003798534956513547
spoof	spoof	0.00037746255459152576
spoof	spoof	0.0003774057940244679
spoof	spoof	0.0003750473260330094
spoof	spoof	0.00037351385577749397
spoof	spoof	0.00037524912158220006
bonafide	bonafide	0.999323384914083
spoof	spoof	0.00037707385720294216
spoof	spoof	0.0003798341227830666
spoof	spoof	0.0003863461795914534
spoof	spoof	0.00038052908516162694
spoof	spoof	0.0003752850752855192
spoof	spoof	0.0003776006686227519
spoof	spoof	0.00037445428072534643
spoof	spoof	0.0003786350220886226
spoof	spoof	0.00040718584835489416
spoof	spoof	0.00046529711069269436
spoof	spoof	0.00037614559140675564
spoof	spoof	0.000388406708653314
spoof	spoof	0.00037853514019647096
spoof	spoof	0.0003819430329727619
spoof	spoof	0.00046580667894511175
spoof	spoof	0.0003769199455598833
spoof	spoof	0.0003805811451715416
spoof	spoof	0.0004062517355385037
spoof	spoof	0.0003794870270706997
spoof	spoof	0.00038358769791546057
spoof	spoof	0.00037999139744586055
spoof	spoof	0.0003961519156230411
spoof	spoof	0.0011648540008138439
spoof	spoof	0.00037764386774260893
spoof	spoof	0.00037879180043820174
spoof	spoof	0.00037500075948680603
spoof	spoof	0.0003853196949262455
spoof	spoof	0.00037564480176751654
spoof	spoof	0.00037472594693731905
spoof	spoof	0.00037705121126926444
spoof	spoof	0.0004150436665646844
spoof	spoof	0.0003778427373843632
spoof	spoof	0.00037571284849089137
spoof	spoof	0.00037889951595978003
spoof	spoof	0.00037938972349563606
spoof	spoof	0.0003759706423854918
spoof	spoof	0.0005645522933602875
spoof	spoof	0.0003824116567818531
spoof	spoof	0.00037408668903880256
bonafide	bonafide	0.9993243643524038
spoof	spoof	0.0003770908425454439
spoof	spoof	0.00038242222907256484
spoof	spoof	0.00041281620603398337
spoof	spoof	0.0003770768228425545
spoof	spoof	0.00038695731373176767
spoof	spoof	0.00037944913358677686
spoof	spoof	0.000386294067794596
spoof	spoof	0.00037789100763647234
spoof	spoof	0.00038314046100849025
spoof	spoof	0.000391632671036761
spoof	spoof	0.0003831091419959152
bonafide	bonafide	0.9993127374272522
spoof	spoof	0.0003765163720356509
spoof	spoof	0.00039758143908594045
spoof	spoof	0.00038077312127926706
spoof	spoof	0.0003782936197457751
spoof	spoof	0.00039412282045849396
spoof	spoof	0.0003799305442613989
spoof	spoof	0.00037886086847913866
spoof	spoof	0.0003750879088880874
spoof	spoof	0.0004037835122086814
spoof	spoof	0.000384128641470979
spoof	spoof	0.000378624193510225
spoof	spoof	0.00037702587100303984
spoof	spoof	0.0003746899574809071
spoof	spoof	0.0003806368409378262
spoof	spoof	0.0003847615772875792
spoof	spoof	0.00037677830892396044
spoof	spoof	0.00037351154128077246
spoof	spoof	0.0003794164885348669
spoof	spoof	0.0003753356130527977
spoof	spoof	0.0003768753920926569
spoof	spoof	0.00042950539774064473
spoof	spoof	0.00038759028992339746
spoof	spoof	0.0005890847141478826
spoof	spoof	0.00037699873544258343
spoof	spoof	0.0003761323239786874
bonafide	bonafide	0.9993291006401478
spoof	spoof	0.0003750850482787375
spoof	spoof	0.00037800909760885785
spoof	spoof	0.00038247190452200136
spoof	spoof	0.0003791456700442866
spoof	spoof	0.00037498538753903384
spoof	spoof	0.00037599331305400674
spoof	spoof	0.0009293444400798352
spoof	spoof	0.00037400405068928344
spoof	spoof	0.00039082046473993886
spoof	spoof	0.00040114371643229583
spoof	spoof	0.00037935193013445204
spoof	spoof	0.00037679537075962534
spoof	spoof	0.0003824451974695427
spoof	spoof	0.0004074964983997698
spoof	spoof	0.0003780847810537413
spoof	spoof	0.00037556933803673843
spoof	spoof	0.0003759602483856625
spoof	spoof	0.00037451631004258907
spoof	spoof	0.0003765345886200687
spoof	spoof	0.00037882168323515383
spoof	spoof	0.00037943168034272205
spoof	spoof	0.0004000608649680806
spoof	spoof	0.00039751795956530456
bonafide	bonafide	0.9992691505801288
spoof	spoof	0.00042278123271354494
bonafide	bonafide	0.9993144166925603
spoof	spoof	0.0003751064139816476
bonafide	bonafide	0.9993192166656923
spoof	spoof	0.0003935732485480273
spoof	spoof	0.00037701823331343656
spoof	spoof	0.0003749058567080582
spoof	spoof	0.0003842152558517119
spoof	spoof	0.0003778767780781811
spoof	spoof	0.00037410398567387095
bonafide	bonafide	0.9993192640267079
bonafide	bonafide	0.9993166101518289
spoof	spoof	0.00037867951274681727
spoof	spoof	0.000373758293895504
spoof	spoof	0.0003766977695287952
bonafide	bonafide	0.9993076333606454
spoof	spoof	0.0003758124337958235
spoof	spoof	0.0003745925443048583
spoof	spoof	0.00038677862852906853
spoof	spoof	0.00037460200771929
spoof	spoof	0.00038009700808543323
bonafide	bonafide	0.9992966012715527
spoof	spoof	0.000389249243668209
spoof	spoof	0.0003762284337655414
spoof	spoof	0.00038000135946051906
bonafide	bonafide	0.9993146665629612
bonafide	bonafide	0.9993264062923006
spoof	spoof	0.00041750864712831857
spoof	spoof	0.0003736584512215852
spoof	spoof	0.00037249348707777834
spoof	spoof	0.0003735370015332369
spoof	spoof	0.00037335285441483806
spoof	spoof	0.0003816695021584677
spoof	spoof	0.0003746716515150455
spoof	spoof	0.00037765016802700474
spoof	spoof	0.0003885369728268006
spoof	spoof	0.00037675433386007287
spoof	spoof	0.0003743933324232255
spoof	spoof	0.00037878114792626983
spoof	spoof	0.00038088657419468224
spoof	spoof	0.00037508415434278804
spoof	spoof	0.00038613381742295467
spoof	spoof	0.0003773451748871531
bonafide	bonafide	0.9993169287192611
spoof	spoof	0.00038864338299877694
spoof	spoof	0.0003778254480471722
spoof	spoof	0.0004206027681846185
spoof	spoof	0.00037474327311865516
spoof	spoof	0.00039323834373728957
bonafide	bonafide	0.9993004066988889
spoof	spoof	0.0003807600536735306
bonafide	bonafide	0.9992209929111542
spoof	spoof	0.00037989170111772923
spoof	spoof	0.00037621471510212236
spoof	spoof	0.00038478679534214216
spoof	spoof	0.0003851691199029788
spoof	spoof	0.0003750386558158851
spoof	bonafide	0.9965573668524698
spoof	spoof	0.00037374502156637844
spoof	spoof	0.0003779614428303926
spoof	spoof	0.00037686641017648106
bonafide	bonafide	0.9992564278841033
spoof	spoof	0.00038550046262753534
spoof	spoof	0.00038110359024694565
spoof	spoof	0.000380125816079049
spoof	spoof	0.00037528516472688567
spoof	spoof	0.00037668035301575465
bonafide	bonafide	0.999268566520236
spoof	spoof	0.0004563250451485728
bonafide	bonafide	0.9992782494724284
spoof	spoof	0.0003794215524032592
spoof	spoof	0.0003748885230125209
spoof	spoof	0.0003847353522633778
spoof	spoof	0.00037762964748690224
spoof	spoof	0.0003741784416569623
spoof	spoof	0.0003800314282151328
spoof	spoof	0.00038452305039410155
bonafide	bonafide	0.9991833152048153
spoof	spoof	0.00038001077833265697
spoof	spoof	0.00037364571674098165
spoof	spoof	0.000377475149217876
spoof	spoof	0.00038419355464461475
bonafide	bonafide	0.9993231704728831
spoof	spoof	0.00037309952241417106
spoof	spoof	0.0003780370266406497
spoof	spoof	0.000385305002090138
spoof	spoof	0.00039118799117243
spoof	spoof	0.00037900924932433584
spoof	spoof	0.00037508165133345953
spoof	spoof	0.0003770146391600815
spoof	spoof	0.00037778826064255956
spoof	spoof	0.0003771366798258189
spoof	spoof	0.00039526684352966655
spoof	spoof	0.0003750993515435731
spoof	spoof	0.0003779557678978133
spoof	spoof	0.00037618862412224733
spoof	spoof	0.0003810072343963215
spoof	spoof	0.0003917178960155776
spoof	spoof	0.0003727247322515834
spoof	spoof	0.0003763076172611245
spoof	spoof	0.0003799100809449789
spoof	spoof	0.0004182804863999903
spoof	spoof	0.0003876955169432236
spoof	spoof	0.00037395743537939195
bonafide	bonafide	0.9993019309865252
bonafide	bonafide	0.9992784822613499
spoof	spoof	0.00037434140479939484
spoof	bonafide	0.9162900390371506
spoof	spoof	0.00042470368591047833
spoof	spoof	0.0003745320198160791
spoof	spoof	0.00038433422220762834
spoof	spoof	0.00038246889646730204
spoof	spoof	0.00037553541562750943
spoof	spoof	0.0003770364741697075
spoof	spoof	0.00038875779021082775
spoof	spoof	0.00038845142128370865
spoof	spoof	0.0004281861888219459
spoof	spoof	0.0003754189034009815
spoof	spoof	0.0003719987104954224
spoof	spoof	0.000383818601224443
spoof	spoof	0.0003796141199443715
spoof	spoof	0.00038063430088845226
spoof	spoof	0.0003739601091407151
spoof	spoof	0.0003780019805402288
spoof	spoof	0.00037633021855089025
spoof	spoof	0.00037664157274458764
spoof	spoof	0.00041196312889129103
spoof	spoof	0.00037571831066994657
bonafide	bonafide	0.999264535637443
spoof	spoof	0.00037872274498390894
spoof	spoof	0.00037548332965847003
spoof	spoof	0.0003793793254252866
spoof	spoof	0.00037887025909330585
spoof	spoof	0.00037691787945608467
spoof	spoof	0.00038888659649188634
spoof	spoof	0.0003729929217576086
spoof	spoof	0.00038146198244587784
bonafide	bonafide	0.9992924090907124
spoof	spoof	0.00037488173271101597
spoof	spoof	0.0003965779450953194
spoof	spoof	0.0003822043713304381
spoof	spoof	0.00038087549970224673
spoof	spoof	0.00041726732923837547
spoof	spoof	0.0003788572567664118
spoof	spoof	0.0003796890387300927
spoof	spoof	0.00037725687184340587
spoof	spoof	0.0003794476866552087
spoof	spoof	0.0003947263071017442
spoof	spoof	0.0005850277053761912
spoof	spoof	0.0003955615220218501
spoof	spoof	0.00037544485153664
bonafide	bonafide	0.9993017801212247
spoof	spoof	0.0003757640707303746
spoof	spoof	0.0003754115666670512
bonafide	bonafide	0.9992879040946475
spoof	spoof	0.00042142170120709456
spoof	spoof	0.00037946911989329414
spoof	spoof	0.0003744193881703928
spoof	spoof	0.0003844481860131145
spoof	bonafide	0.9901850356140328
spoof	spoof	0.00037974342744413454
spoof	spoof	0.00038370537266206595
spoof	spoof	0.00037569879046068236
spoof	spoof	0.0003909365374512706
spoof	spoof	0.00038135626535354216
spoof	spoof	0.00037764800791766144
spoof	spoof	0.00037569252271860777
spoof	spoof	0.0003778508420334146
spoof	spoof	0.0003777213685428511
spoof	bonafide	0.9986116079623765
spoof	spoof	0.0017411112923338258
bonafide	bonafide	0.9991176982625819
spoof	spoof	0.0003854151201587847
bonafide	bonafide	0.9992850697985931
spoof	spoof	0.00037297896546079914
spoof	spoof	0.0003793644069523728
spoof	spoof	0.00037599331305400674
spoof	spoof	0.0003775951790883827
spoof	spoof	0.0003740492454541606
spoof	spoof	0.00037232697997548306
spoof	spoof	0.00037819770367587206
bonafide	bonafide	0.9992834266070734
spoof	spoof	0.00037949616186532567
spoof	spoof	0.0003758697610419417
spoof	spoof	0.0003734352599318748
spoof	spoof	0.00046787339240403147
spoof	spoof	0.0003744968522591181
spoof	spoof	0.00039390834459284
spoof	spoof	0.0003779712615657069
spoof	spoof	0.0003745575496029567
spoof	spoof	0.0005312051475837913
spoof	spoof	0.0003761261386484611
spoof	spoof	0.00037421696841088807
spoof	spoof	0.0003764561648649808
spoof	spoof	0.0003846081037453878
spoof	bonafide	0.991368669927993
bonafide	bonafide	0.9993213569436153
spoof	spoof	0.00038088076458474247
spoof	spoof	0.0003747600642027539
spoof	spoof	0.0003774703812027739
spoof	spoof	0.0003801953991023233
spoof	spoof	0.0003763149715001359
spoof	spoof	0.00037370164482396874
spoof	spoof	0.0004015894679620352
spoof	spoof	0.0006270213193988145
spoof	spoof	0.00039989176083015017
spoof	spoof	0.0003782437655960709
spoof	spoof	0.0003911259981329706
spoof	spoof	0.00037446891693337437
spoof	spoof	0.0003820820573041908
bonafide	bonafide	0.999306071918547
bonafide	bonafide	0.9993212649350288
spoof	spoof	0.00037713802806543627
spoof	spoof	0.0003818126127792056
spoof	spoof	0.0003774240536245805
spoof	bonafide	0.9989894493301817
spoof	spoof	0.00037631730336201653
spoof	spoof	0.00039368150660161634
bonafide	bonafide	0.9992695526884393
bonafide	bonafide	0.9992628322890097
spoof	spoof	0.0003764334662991385
spoof	spoof	0.0003808112376900287
spoof	spoof	0.000378184544157172
spoof	bonafide	0.9956477068522047
spoof	spoof	0.00037798504425734394
spoof	spoof	0.0003766530627792107
spoof	spoof	0.0003808654240092719
spoof	spoof	0.00038018171705967216
bonafide	bonafide	0.9993138315092138
spoof	spoof	0.00037347032783603446
bonafide	bonafide	0.9993047486763893
spoof	spoof	0.00038542963347602767
spoof	spoof	0.00038442711298952514
spoof	spoof	0.0003734532384969202
spoof	spoof	0.0003735830302383869
bonafide	bonafide	0.9992953341926544
spoof	spoof	0.0003794494953205307
spoof	spoof	0.00042288764473417896
bonafide	bonafide	0.9992828669328256
spoof	spoof	0.00038550551578789657
spoof	spoof	0.00037526334166516966
spoof	spoof	0.0003763329092710083
spoof	spoof	0.0003768291375109551
spoof	spoof	0.00037349640838629805
spoof	spoof	0.0003775790709152578
bonafide	bonafide	0.9993080838814924
bonafide	bonafide	0.9992652741668984
spoof	spoof	0.0003728765759881626
spoof	spoof	0.00038508586983160715
spoof	spoof	0.0003789023153462437
spoof	spoof	0.0003861787286864456
spoof	spoof	0.0003817476468296247
spoof	spoof	0.0003902396876810899
spoof	spoof	0.0003902256443170304
spoof	spoof	0.0003804015047582174
spoof	spoof	0.0003794115151584552
spoof	spoof	0.0003766577307058626
bonafide	bonafide	0.9993210329986862
spoof	spoof	0.00037367804357737485
bonafide	bonafide	0.9992279228525092
spoof	spoof	0.0003751517419064526
bonafide	bonafide	0.9992716494611086
spoof	spoof	0.000377478207976244
spoof	spoof	0.0003773207141343155
spoof	spoof	0.0003919298719932591
spoof	spoof	0.0010853579585090372
spoof	spoof	0.00037649097797186435
spoof	spoof	0.00038214635153363405
spoof	spoof	0.00037844376277224934
spoof	spoof	0.00038248530432569497
spoof	spoof	0.00046925621620145033
spoof	spoof	0.00039637233581298113
spoof	spoof	0.00037290972505882227
spoof	spoof	0.00037401483632065643
spoof	spoof	0.000383053358490839
spoof	spoof	0.00038016586100347036
spoof	spoof	0.0003734600029335144
spoof	spoof	0.00037548780411451177
spoof	spoof	0.00037680183649913847
spoof	spoof	0.0003746692405520255
bonafide	bonafide	0.9992537153980493
spoof	spoof	0.00037826017256580746
spoof	spoof	0.0003749507135978236
spoof	spoof	0.0003758466499442521
spoof	spoof	0.0003873452097085639
spoof	spoof	0.00037775368774250285
spoof	spoof	0.0012227261790270316
spoof	spoof	0.00037461691754575127
spoof	spoof	0.0003826699412238974
spoof	spoof	0.0003785330652422624
spoof	spoof	0.0003796279625199562
spoof	spoof	0.0003781608401516521
bonafide	bonafide	0.9993160978864746
bonafide	bonafide	0.9993219416908727
spoof	bonafide	0.9935351948387481
spoof	spoof	0.00038002816763280263
spoof	spoof	0.0003988892825217249
spoof	spoof	0.0004167094306555188
spoof	spoof	0.00037626618508721903
spoof	spoof	0.00037287044417730586
spoof	spoof	0.0003789556882490337
bonafide	bonafide	0.9993102155852355
spoof	spoof	0.0003800855036160671
spoof	spoof	0.0003732351510715442
bonafide	bonafide	0.9993080652530205
bonafide	bonafide	0.99921991242913
spoof	spoof	0.00037709884119911305
spoof	spoof	0.00040013914987049843
spoof	spoof	0.0003831686777038904
spoof	spoof	0.0003791825391644711
spoof	spoof	0.0003833548320885476
spoof	spoof	0.00038657588666658597
spoof	spoof	0.00037881725934923923
spoof	spoof	0.0003727596446179281
bonafide	bonafide	0.9993189153920302
spoof	spoof	0.0003885820708836893
spoof	spoof	0.0004434394681471264
spoof	spoof	0.03603323422093125
bonafide	bonafide	0.9993177639074715
spoof	spoof	0.0003796628878614646
spoof	spoof	0.0003746018291620887
spoof	spoof	0.00037482509209163083
spoof	spoof	0.0003779413557534703
spoof	spoof	0.0003933218557472118
spoof	spoof	0.0003754205139227359
spoof	spoof	0.0003807979872671595
spoof	spoof	0.0003741515109569062
spoof	spoof	0.0003778512922967905
spoof	spoof	0.0003809867131107441
bonafide	bonafide	0.999197726428243
spoof	spoof	0.000375010054458487
bonafide	bonafide	0.9993185496937237
spoof	spoof	0.0004063579594360599
spoof	spoof	0.0003750997091321796
spoof	spoof	0.0003733007151748063
spoof	spoof	0.00037739895814521175
spoof	spoof	0.0003737339764973023
spoof	spoof	0.0003752330240251228
spoof	spoof	0.00037584512716986966
spoof	spoof	0.000377465973091428
spoof	spoof	0.00037954826152911245
spoof	spoof	0.0003750755726660321
spoof	spoof	0.00037975220638577156
bonafide	spoof	0.03250304888041201
spoof	spoof	0.00037834825950345933
spoof	spoof	0.0003784015543904303
spoof	spoof	0.0003771939393106215
spoof	spoof	0.0003741326071196413
spoof	spoof	0.0003816358475650322
spoof	spoof	0.0003747794463359305
bonafide	bonafide	0.9993144670005861
spoof	spoof	0.00037647698056269
spoof	spoof	0.0003751498643097489
spoof	spoof	0.0003815247175242711
spoof	spoof	0.0003908599591306996
spoof	spoof	0.0004224049746888728
spoof	spoof	0.10754177671075218
spoof	spoof	0.00037854172599600933
spoof	spoof	0.0003776741100659511
spoof	spoof	0.00037325854643864586
spoof	spoof	0.000375708998150077
spoof	spoof	0.0003827515745624876
spoof	spoof	0.0003840326193817573
spoof	spoof	0.00038474507181918984
bonafide	bonafide	0.9993013446414464
spoof	spoof	0.0003809249743129468
spoof	spoof	0.02044423491874243
spoof	spoof	0.00037519314083006615
spoof	spoof	0.0004038783104905037
spoof	spoof	0.00037498091906773405
spoof	spoof	0.0003758907234985864
spoof	spoof	0.000808218965290498
spoof	spoof	0.00037545836317221876
spoof	spoof	0.00037751680443841003
spoof	spoof	0.00038346576387515843
spoof	spoof	0.00038083991826580433
spoof	spoof	0.0003752936617538662
spoof	spoof	0.00037677229256609645
spoof	spoof	0.0003781873382632775
spoof	spoof	0.00043511997129629457
spoof	spoof	0.0003777709737971747
spoof	spoof	0.00038231041455430117
spoof	spoof	0.0003775097866064218
spoof	spoof	0.00037859775503200317
spoof	spoof	0.0003850280551199125
spoof	spoof	0.0003776084081018102
spoof	spoof	0.00042710945125627584
bonafide	bonafide	0.9991753860838889
bonafide	bonafide	0.9993142366641471
spoof	spoof	0.00037350967189004057
spoof	spoof	0.0003783851412906029
spoof	spoof	0.00038260537656609997
spoof	spoof	0.00037474380899270006
spoof	spoof	0.00039409933886560015
bonafide	bonafide	0.9992900358507524
spoof	spoof	0.000387737467893907
spoof	spoof	0.0003775704321780255
bonafide	bonafide	0.9992838222314655
bonafide	bonafide	0.9983539155094703
spoof	spoof	0.0003773832181043835
spoof	spoof	0.0003743014379242215
spoof	spoof	0.00037821555087774793
bonafide	bonafide	0.9992994354519283
spoof	spoof	0.0003768704520122797
bonafide	bonafide	0.9993230962894436
spoof	spoof	0.0003756443541324988
spoof	spoof	0.000373264417749458
spoof	spoof	0.00038252122176035935
spoof	spoof	0.0003798421796036499
spoof	spoof	0.0004006433622554239
spoof	spoof	0.00037695381330975534
spoof	spoof	0.00037635461511656594
bonafide	bonafide	0.9992728082121198
spoof	spoof	0.0003783462757438984
spoof	spoof	0.0003746465603998281
spoof	spoof	0.0003765357552293825
spoof	spoof	0.00037588714008985583
spoof	bonafide	0.9976421346663956
spoof	spoof	0.00037450318931616175
spoof	spoof	0.0003955474757564179
spoof	spoof	0.0003759437619406181
spoof	spoof	0.0003834701506348353
spoof	spoof	0.00037935111644318365
spoof	spoof	0.00038236499636861235
bonafide	bonafide	0.9992877888889145
spoof	spoof	0.000387747632904042
spoof	spoof	0.00038361302191184207
spoof	spoof	0.0003814568913557152
spoof	spoof	0.0003833953997950759
spoof	spoof	0.00037370494021090765
bonafide	bonafide	0.9993036144056742
bonafide	bonafide	0.9993065865670436
spoof	spoof	0.0003873549951715646
bonafide	bonafide	0.9992255818621363
spoof	spoof	0.00037678154163352034
bonafide	bonafide	0.9992910995050649
spoof	spoof	0.00037712832084772855
bonafide	bonafide	0.9992267093984141
spoof	spoof	0.00038346877976704757
spoof	spoof	0.00037466048977951216
spoof	spoof	0.0003785286447255571
spoof	spoof	0.0003746518285017857
spoof	spoof	0.00037895234657775375
spoof	spoof	0.000374425991627085
spoof	spoof	0.0003765015661013045
spoof	spoof	0.000380781561012898
spoof	spoof	0.0003761472050447795
bonafide	bonafide	0.9992516376416927
spoof	spoof	0.00038254483429639983
spoof	spoof	0.0003742711087677762
spoof	spoof	0.0003778783090808901
spoof	spoof	0.0004481962801673975
spoof	spoof	0.0003812607542913147
spoof	spoof	0.0003754274929301465
spoof	spoof	0.0003805102219675137
spoof	spoof	0.0003779010947363875
spoof	spoof	0.00037973473920679463
bonafide	bonafide	0.9992154056182853
spoof	spoof	0.0003742299899233116
spoof	spoof	0.0003754599738631893
spoof	spoof	0.00041931388976984096
spoof	spoof	0.00038037938429141366
spoof	spoof	0.0003921636453206252
spoof	spoof	0.00039464804617391955
bonafide	bonafide	0.9991805402532202
spoof	spoof	0.0009698233440525754
spoof	spoof	0.0003774737098107464
spoof	spoof	0.00038073010876784697
spoof	spoof	0.00037748189651193515
spoof	spoof	0.0003775995887080481
spoof	spoof	0.000394128738040524
bonafide	bonafide	0.9993141533319225
bonafide	bonafide	0.9993014899424694
bonafide	bonafide	0.9992896687037426
spoof	spoof	0.00038214407464110233
spoof	spoof	0.0003771758706227236
bonafide	bonafide	0.9992080378391325
spoof	spoof	0.0003784620725722234
spoof	spoof	0.0003734588458501505
spoof	spoof	0.0003752953611823398
bonafide	bonafide	0.999319652035922
bonafide	bonafide	0.9992745835874938
bonafide	bonafide	0.994384656994977
spoof	spoof	0.0004074724145550201
spoof	spoof	0.00038193520468498063
spoof	spoof	0.00037604681407994364
spoof	spoof	0.00037358525614152884
spoof	spoof	0.00038862680369359696
spoof	spoof	0.00037686057204571475
spoof	spoof	0.00041051958146468877
spoof	spoof	0.00038519684332357176
spoof	spoof	0.000374459635369264
spoof	spoof	0.0003768326400864965
spoof	spoof	0.0003812214117795355
bonafide	bonafide	0.9993234305345393
spoof	spoof	0.00037908016390492816
spoof	spoof	0.0003776119179178295
spoof	spoof	0.00037838333769665806
spoof	spoof	0.00037711178320020295
spoof	spoof	0.0004140368662655916
spoof	spoof	0.0003790717618671698
spoof	spoof	0.00037765286818105246
spoof	spoof	0.0003729139911049056
spoof	spoof	0.0003789073723548435
spoof	spoof	0.00039252766334445997
spoof	spoof	0.0003978827733279401
spoof	spoof	0.00037318738637587604
spoof	spoof	0.3392366892085223
spoof	spoof	0.11260946256289724
spoof	spoof	0.00037801098951039655
spoof	spoof	0.00037212640050899405
spoof	spoof	0.00037686138039689
spoof	spoof	0.0003787050543698818
spoof	spoof	0.00038051874656447657
spoof	spoof	0.0003854571919109363
spoof	spoof	0.0003773137898708277
spoof	spoof	0.00037560433771651933
spoof	spoof	0.000374395830840958
spoof	spoof	0.00037995598912510356
spoof	bonafide	0.9779840456285452
spoof	spoof	0.00037760651821438406
spoof	spoof	0.00037969600656633667
spoof	spoof	0.00038586988524380453
spoof	spoof	0.0003766861883557122
spoof	spoof	0.00037464298884739975
spoof	spoof	0.0003770038569055181
spoof	spoof	0.00037402785080218356
spoof	spoof	0.00037359255719689226
spoof	spoof	0.0004525625564180362
spoof	spoof	0.00037788524370022006
bonafide	bonafide	0.9992267646637236
spoof	spoof	0.0003775205833250352
spoof	spoof	0.00037615688701823924
spoof	spoof	0.00037848741912607916
spoof	spoof	0.0003786773467519877
spoof	spoof	0.00037565751482463274
spoof	spoof	0.00037605246036073416
spoof	spoof	0.0003768294069386875
spoof	spoof	0.00037436629704017745
spoof	spoof	0.0003839905200279574
spoof	spoof	0.00037361143375719703
spoof	spoof	0.0003732774061286472
spoof	spoof	0.0003796637927057392
spoof	spoof	0.0003829202777896323
spoof	spoof	0.0003731406949548182
bonafide	bonafide	0.9993033165234487
spoof	spoof	0.00037691248967337696
spoof	spoof	0.0003814365276742666
spoof	spoof	0.00037723178747600417
spoof	spoof	0.0003883770882118789
spoof	spoof	0.00037707134092094906
spoof	spoof	0.0005214053839165393
bonafide	bonafide	0.9992308891724122
spoof	spoof	0.0004092139942937184
spoof	spoof	0.0003963300177194914
bonafide	bonafide	0.9992697867145958
spoof	spoof	0.0003773593844346276
spoof	spoof	0.0003755914474296204
spoof	spoof	0.0003752605691538901
spoof	spoof	0.0003781803079711461
spoof	spoof	0.00037636026601719813
spoof	spoof	0.0003742865406492094
spoof	spoof	0.00037645428074223005
spoof	spoof	0.00038304541616442154
spoof	spoof	0.00040139828900080904
spoof	spoof	0.00038628283613698446
spoof	spoof	0.0003758784504654947
spoof	spoof	0.00037667927573210516
spoof	spoof	0.0003811189404116672
bonafide	bonafide	0.9993202142810437
spoof	spoof	0.0003749907497748555
spoof	spoof	0.00038102430604212067
spoof	spoof	0.0003750694047070949
bonafide	bonafide	0.9993303261903259
spoof	spoof	0.00038875019289917037
spoof	spoof	0.0003780783834146587
spoof	spoof	0.00037661473410698635
spoof	spoof	0.00037307293608096996
spoof	bonafide	0.994043938897086
spoof	spoof	0.00037472058848666537
spoof	spoof	0.00037630689978208366
spoof	spoof	0.00037359905703692034
spoof	spoof	0.000394528145160329
spoof	spoof	0.00038466438860611197
spoof	spoof	0.00037868592055403363
spoof	spoof	0.0003775967989426862
spoof	spoof	0.00043356028762870513
spoof	spoof	0.0003752038713178552
bonafide	bonafide	0.9993178030801237
spoof	spoof	0.00037842112478573945
spoof	spoof	0.00038338416101422063
spoof	spoof	0.0003810221266405075
bonafide	bonafide	0.9993156193172364
spoof	spoof	0.00041427424332858966
spoof	spoof	0.00047790522121748735
spoof	spoof	0.0003777964541631912
spoof	spoof	0.00037714126386017584
spoof	spoof	0.00038693647209528344
spoof	spoof	0.00037699064906375837
spoof	spoof	0.000377995314040481
spoof	spoof	0.0003831963485194261
spoof	spoof	0.00037636510971381755
spoof	spoof	0.0003792008846942364
spoof	spoof	0.00037272926267943845
spoof	spoof	0.0003792734621614883
spoof	spoof	0.00038049435221573053
bonafide	bonafide	0.999172408965227
spoof	spoof	0.000383401064996446
spoof	spoof	0.0003731672861149241
spoof	spoof	0.0003747439876175519
spoof	spoof	0.0004304633072643275
bonafide	bonafide	0.9993217739790875
bonafide	bonafide	0.9992871049064045
spoof	spoof	0.0003803602565638193
bonafide	bonafide	0.9992958244201959
spoof	spoof	0.00037803783751431984
spoof	spoof	0.000388620598213722
bonafide	bonafide	0.9993072536865033
spoof	spoof	0.0003913698319069993
spoof	spoof	0.0006889205065018794
spoof	spoof	0.0003731289563162568
spoof	spoof	0.0003728366765902799
spoof	spoof	0.00375230016467165
bonafide	bonafide	0.9993148928375859
bonafide	bonafide	0.9993168099046178
spoof	spoof	0.00037572654886063115
spoof	spoof	0.00038102321633975647
spoof	spoof	0.00040685148484179465
spoof	spoof	0.0003734307209260112
spoof	spoof	0.00038358065868983614
spoof	spoof	0.00037636726248787254
spoof	spoof	0.00038091743923280457
spoof	spoof	0.00038792861466248183
spoof	spoof	0.00037746030559530994
spoof	spoof	0.00038053126174417454
spoof	spoof	0.0003793054621173575
spoof	spoof	0.0003782240240864858
spoof	spoof	0.00038546885890845063
spoof	spoof	0.00038081641092541947
spoof	spoof	0.00037406680781185093
spoof	spoof	0.00041538871966710476
spoof	spoof	0.000623471946941767
spoof	bonafide	0.9964342938333429
spoof	bonafide	0.9733147361545862
spoof	spoof	0.0003921985083567636
spoof	spoof	0.00041985135916450164
spoof	spoof	0.00038445780669039097
bonafide	bonafide	0.9993214355210447
spoof	spoof	0.00039562930933119726
spoof	spoof	0.00037324458020665405
spoof	spoof	0.000389876582697193
spoof	spoof	0.0003781063175636648
spoof	spoof	0.00037810568676979137
bonafide	bonafide	0.9993139346592775
spoof	spoof	0.00039234724848675453
spoof	spoof	0.0003956623115280117
spoof	spoof	0.00037898486138716116
bonafide	bonafide	0.9993157425775373
spoof	spoof	0.00038061869809973215
spoof	spoof	0.00038148234748575696
spoof	spoof	0.00037365871838316726
spoof	spoof	0.00037917377338715077
spoof	spoof	0.0003890728386587639
spoof	spoof	0.00037735641657355925
spoof	spoof	0.0003776959832547653
spoof	spoof	0.00037122552689870016
spoof	spoof	0.00039520486366267406
spoof	spoof	0.0003819034380469131
spoof	spoof	0.00037287195490395613
bonafide	bonafide	0.9993200537564068
spoof	spoof	0.00037960688219723773
spoof	spoof	0.00037786290927731823
spoof	spoof	0.0004024724813063125
spoof	spoof	0.00037446864919272685
spoof	spoof	0.0003743828035601812
spoof	spoof	0.0003786987364936332
spoof	spoof	0.00037512652924887925
spoof	spoof	0.00040169878129801167
spoof	spoof	0.0003780829788909388
bonafide	bonafide	0.9992305385749787
spoof	spoof	0.00039552852822856286
spoof	spoof	0.00039034181952229773
bonafide	bonafide	0.9993176189003383
spoof	spoof	0.0003842878768170328
spoof	spoof	0.0004952850773895145
spoof	spoof	0.00037757790107469157
spoof	spoof	0.00038307207381898454
bonafide	bonafide	0.9992940587780562
spoof	spoof	0.00037755252542489404
bonafide	bonafide	0.9993244052388827
bonafide	bonafide	0.9993194044684395
spoof	spoof	0.00037610337033786994
spoof	spoof	0.00038971679719809266
spoof	spoof	0.0003758078659069091
spoof	spoof	0.0003758066119863277
spoof	spoof	0.0003747999907046151
spoof	spoof	0.00039180892892207007
spoof	spoof	0.0003816320275013676
spoof	spoof	0.0003794655023842562
spoof	spoof	0.0003795775707319577
spoof	spoof	0.0003788155439787996
spoof	spoof	0.0003756104249501649
spoof	spoof	0.0003783534894648678
spoof	spoof	0.0003751453044711481
spoof	spoof	0.0003829394429424805
spoof	spoof	0.0003759004884606924
spoof	spoof	0.00037362051621554515
spoof	spoof	0.0003795310750859271
spoof	spoof	0.0003850840343105689
spoof	spoof	0.0003813469949161806
spoof	spoof	0.0003748080301118473
spoof	spoof	0.0003800797968037318
spoof	spoof	0.00037682329995737115
spoof	spoof	0.00042231096249321985
spoof	spoof	0.0003836391704631008
spoof	spoof	0.00037546507443016435
spoof	spoof	0.0003910433249577972
spoof	spoof	0.00038105254858168425
bonafide	bonafide	0.9991578003904505
spoof	spoof	0.0003833442340253563
spoof	spoof	0.0004793392691018042
spoof	spoof	0.0003967474449905246
spoof	spoof	0.00037597834846733963
spoof	spoof	0.00037639399379102797
spoof	spoof	0.00038168141841482794
bonafide	bonafide	0.9992872431478695
spoof	spoof	0.00038429749348417174
spoof	spoof	0.000379218508082952
spoof	spoof	0.0003905208472189513
spoof	spoof	0.00037608723614874313
spoof	spoof	0.0003790564037846743
spoof	spoof	0.000385604479199016
spoof	spoof	0.0003767924971332194
spoof	spoof	0.00038111576133272707
spoof	spoof	0.0003855850888240634
spoof	spoof	0.0003990899194196993
spoof	spoof	0.08961283438373384
spoof	spoof	0.0003728778201359996
bonafide	bonafide	0.9993356468816806
spoof	spoof	0.0003902555917033632
spoof	spoof	0.0003825555014410121
spoof	spoof	0.0003736036871288958
spoof	spoof	0.00037740669349147914
spoof	spoof	0.0003766821484953478
spoof	spoof	0.00037480615423474156
spoof	spoof	0.00037545800524183
spoof	spoof	0.0003735375356829863
spoof	spoof	0.0004005624966931613
spoof	spoof	0.0003807278403103151
bonafide	bonafide	0.9984262166430009
spoof	spoof	0.00037841472145747995
spoof	spoof	0.00037723277643382784
spoof	spoof	0.0003763138952610627
bonafide	bonafide	0.999292354973358
spoof	spoof	0.0003830897857518037
spoof	spoof	0.00037600155727226533
spoof	spoof	0.00037562071976089077
spoof	spoof	0.00037501675770599277
bonafide	bonafide	0.9992934792917886
spoof	spoof	0.00037772667986496245
spoof	spoof	0.00037585363687048473
bonafide	bonafide	0.999310263736342
spoof	spoof	0.00038102784759631934
spoof	spoof	0.0003741744286814551
spoof	spoof	0.0003740928408431789
spoof	spoof	0.00038012346062657487
spoof	spoof	0.00038061525105822033
spoof	spoof	0.00037553049310493715
spoof	spoof	0.00037690278825865017
spoof	spoof	0.0003739502163192727
spoof	spoof	0.00037799450325798724
spoof	spoof	0.0003850987187237578
spoof	spoof	0.00038116208767558386
spoof	spoof	0.0005966650832989311
spoof	spoof	0.00037731972494604046
spoof	spoof	0.0003883991182000134
spoof	spoof	0.00040630169701339364
spoof	spoof	0.0003763890600184408
spoof	spoof	0.0005117738759417141
bonafide	bonafide	0.9992650245123706
spoof	spoof	0.0003746464711106026
spoof	spoof	0.00037764044763222225
spoof	spoof	0.0003734758464354275
spoof	spoof	0.00038117635005542784
spoof	spoof	0.00037597109040918324
spoof	spoof	0.00037856040142031903
spoof	spoof	0.00037822717905311285
spoof	spoof	0.0003887430589733383
bonafide	bonafide	0.9993154872280056
bonafide	bonafide	0.999295600914694
spoof	spoof	0.010909315014617272
spoof	spoof	0.000380792995789015
spoof	spoof	0.00037624224259840295
spoof	spoof	0.0003730640447533432
bonafide	bonafide	0.9992682058879444
spoof	spoof	0.00037360324192525177
spoof	spoof	0.0003751194664322201
bonafide	bonafide	0.999201889733489
spoof	spoof	0.0003743387283128831
bonafide	bonafide	0.9993156623630373
spoof	spoof	0.0003742680759872486
spoof	spoof	0.0003762250264691281
spoof	spoof	0.00037382181162987175
spoof	spoof	0.0003740633309344851
spoof	spoof	0.0003741032723947657
spoof	spoof	0.0003798419985496257
spoof	spoof	0.00038431187313999274
spoof	spoof	0.00044123377721321053
spoof	spoof	0.0003741518676422584
spoof	spoof	0.00038032762379799293
spoof	spoof	0.0003815044411464098
spoof	spoof	0.0003808792214219916
spoof	spoof	0.0003812138708377974
spoof	spoof	0.0003784094906499851
spoof	spoof	0.0003761625349511348
bonafide	bonafide	0.9993131229352333
spoof	spoof	0.0005171087907818129
spoof	spoof	0.0003771614882060688
spoof	spoof	0.0003756263596463495
spoof	spoof	0.0003922711418421317
spoof	spoof	0.0003947884942096442
spoof	spoof	0.00041077226995457796
spoof	spoof	0.0003762520166889032
spoof	spoof	0.00038043677324361633
spoof	spoof	0.000382139065525267
spoof	spoof	0.00038764987502783627
spoof	spoof	0.00038446376246835574
bonafide	spoof	0.15968453287904227
spoof	spoof	0.0004113426130455445
spoof	spoof	0.0003778624590001042
spoof	spoof	0.00037891414523990544
spoof	spoof	0.0003770596584030006
spoof	spoof	0.000378491748956207
bonafide	bonafide	0.9993231864373868
spoof	spoof	0.0004636784766491425
spoof	spoof	0.00038277282944933796
bonafide	bonafide	0.9993243744937691
spoof	spoof	0.0003752108462994261
spoof	spoof	0.0003921351403144293
spoof	spoof	0.00037556674228243086
spoof	spoof	0.0003801681261138833
spoof	spoof	0.00037737404421186543
spoof	spoof	0.00038071450205330934
spoof	spoof	0.00040515635627159376
spoof	spoof	0.0003746132569944934
spoof	spoof	0.0003762917433569086
spoof	spoof	0.000375011841979444
bonafide	bonafide	0.9993133786753586
spoof	spoof	0.00039512518953702537
spoof	spoof	0.0003772895109894409
spoof	spoof	0.00038555586725676227
spoof	spoof	0.0003815129880084332
spoof	spoof	0.00037270474572697996
spoof	spoof	0.000376689330499272
spoof	spoof	0.00037452023742420734
spoof	spoof	0.00545453370167014
bonafide	bonafide	0.9993185404391582
spoof	spoof	0.00038197352841374605
spoof	spoof	0.00037346053697319886
spoof	spoof	0.0003784257244264035
spoof	spoof	0.00037577660870546817
spoof	spoof	0.0003759812158869363
spoof	spoof	0.0003904530043038416
spoof	spoof	0.00038733837849407125
spoof	spoof	0.00037540771941264205
spoof	spoof	0.000384220658452403
spoof	spoof	0.00039295494752577745
spoof	spoof	0.0003795971114574186
spoof	spoof	0.0006962299828301658
spoof	spoof	0.000476683637684762
spoof	spoof	0.000382727766841297
spoof	spoof	0.00038458143089703837
bonafide	bonafide	0.9993054485080742
spoof	spoof	0.0005302797543783292
spoof	spoof	0.0003754272245043865
bonafide	bonafide	0.9992797652066033
spoof	spoof	0.0003851387365906417
spoof	spoof	0.00037975745574676323
spoof	spoof	0.00037549916947248493
spoof	spoof	0.000374340423418786
spoof	spoof	0.0003843412752568488
spoof	spoof	0.00037521889451614505
spoof	spoof	0.0003773696372251212
spoof	spoof	0.00038213788156202336
spoof	spoof	0.00037725543326830834
spoof	spoof	0.00037306066610438577
spoof	spoof	0.00038005805735091667
spoof	spoof	0.0003765610625668704
spoof	spoof	0.0003861329891904901
spoof	spoof	0.0005048454123201581
spoof	spoof	0.000402212243185168
spoof	spoof	0.00037743709673676053
spoof	spoof	0.0004167684248919672
spoof	spoof	0.00039897513516224347
spoof	spoof	0.00039754628723381435
spoof	spoof	0.0003745317520303308
spoof	spoof	0.00037842861050398183
spoof	spoof	0.0003791872384274706
bonafide	bonafide	0.9992762592849815
spoof	spoof	0.00038401404018513117
spoof	spoof	0.00038522576226177513
bonafide	bonafide	0.9993067984965479
spoof	spoof	0.000389574903128046
spoof	spoof	0.0003781416436995442
spoof	spoof	0.00037805171273319117
spoof	spoof	0.0003742035906164027
spoof	spoof	0.00037569592519419285
spoof	spoof	0.0003738913995397411
spoof	spoof	0.00038108397200122695
spoof	spoof	0.00037861201172955907
spoof	spoof	0.0003751498643097489
spoof	spoof	0.0005067270909023865
spoof	spoof	0.00037686919454761
spoof	spoof	0.0003764244051984324
spoof	spoof	0.0003789771840278981
spoof	spoof	0.0003854124563814119
spoof	spoof	0.00038348038660249883
spoof	spoof	0.0003764164208448566
spoof	spoof	0.0003837578670515951
spoof	spoof	0.0003993793564410111
spoof	spoof	0.00037460682879588537
spoof	spoof	0.00038176147618996397
spoof	spoof	0.0003741518676422584
spoof	spoof	0.00037736792840736827
spoof	spoof	0.0003752150492355178
spoof	spoof	0.00043454328790800073
bonafide	bonafide	0.9993155958365683
spoof	spoof	0.000381651492034072
spoof	spoof	0.0003748853065385875
bonafide	bonafide	0.9992653889865245
spoof	spoof	0.00037424791754102165
spoof	spoof	0.00038709391877862976
spoof	spoof	0.00038206894479475356
spoof	spoof	0.00037337011713229007
spoof	spoof	0.0003764396566814124
spoof	spoof	0.00038084754257959537
spoof	spoof	0.0005264075792303246
spoof	spoof	0.00040077161583752016
spoof	spoof	0.00037952763789064276
spoof	spoof	0.0003782711710426934
spoof	bonafide	0.9989136707242428
bonafide	bonafide	0.999318823864123
spoof	spoof	0.0004110685106034941
spoof	spoof	0.0003787110113211334
spoof	spoof	0.00037719061316876756
spoof	spoof	0.00037781077074096364
spoof	spoof	0.0003754976481054201
spoof	spoof	0.00038043450653316445
spoof	spoof	0.0003813998939656794
spoof	spoof	0.0003835512233271651
spoof	spoof	0.00038435171767119456
spoof	spoof	0.00037302261396002825
spoof	spoof	0.0003750958650725178
bonafide	bonafide	0.9993226608624487
spoof	spoof	0.000373222786811825
spoof	spoof	0.0004271419226500699
spoof	spoof	0.00037782490776812805
spoof	spoof	0.00037482107218355065
spoof	spoof	0.0003788313437369729
spoof	spoof	0.00042088141996743877
spoof	spoof	0.0003737195471405859
spoof	spoof	0.00037533767048654026
spoof	spoof	0.0003751389565527997
spoof	spoof	0.0003802283830033526
spoof	spoof	0.0003781557931027203
spoof	spoof	0.00037927047925226783
spoof	bonafide	0.998276992059654
spoof	spoof	0.0003811889777031956
spoof	spoof	0.00037635407693997687
spoof	spoof	0.000372913902228448
spoof	spoof	0.00038209061710163
spoof	spoof	0.0003852190602194126
spoof	spoof	0.00038861893108675454
bonafide	bonafide	0.9993181353883266
spoof	spoof	0.00038364273631267843
spoof	spoof	0.0004004682855053268
spoof	spoof	0.00037470737130253776
spoof	spoof	0.0003767708558381249
spoof	spoof	0.0003747697998033855
spoof	spoof	0.0003768350649655508
spoof	spoof	0.0003784603588095412
spoof	spoof	0.0003788657443459156
spoof	spoof	0.00037952383892153087
spoof	spoof	0.0003796980878928642
spoof	spoof	0.00038084599955139433
spoof	spoof	0.0003786322246762131
spoof	spoof	0.00037846387654132216
spoof	spoof	0.0003844294034796348
spoof	spoof	0.00037739913803518544
spoof	spoof	0.00040795640361173915
spoof	spoof	0.0003768891348385683
bonafide	bonafide	0.999316624317152
spoof	spoof	0.0003786550557747895
spoof	spoof	0.00037799630499922294
spoof	spoof	0.0003958341559901741
spoof	spoof	0.0003840911085317684
spoof	spoof	0.0003730962323639057
spoof	spoof	0.0003756824050126729
spoof	spoof	0.00038311617257188476
spoof	spoof	0.000379457091808991
spoof	spoof	0.00037517650918023824
spoof	spoof	0.0003785309902994234
bonafide	bonafide	0.9992975155257944
spoof	spoof	0.0004279057621615113
spoof	spoof	0.000375864565400078
spoof	spoof	0.00039701209648800603
spoof	spoof	0.00037371402494153894
spoof	spoof	0.0003876528314264542
spoof	spoof	0.0003740046746429558
spoof	spoof	0.00038177667086717796
spoof	spoof	0.0003750611809195649
spoof	spoof	0.0003854807099995914
spoof	spoof	0.00037693153391709424
spoof	spoof	0.0003766617703044484
spoof	spoof	0.00040101448368000625
spoof	spoof	0.0003757133857508851
bonafide	bonafide	0.9992964668552591
spoof	spoof	0.0003777862798180809
spoof	spoof	0.0003791714238317786
spoof	spoof	0.0003744456242129073
spoof	bonafide	0.9893153188242962
bonafide	bonafide	0.9913934240168786
spoof	spoof	0.00038332322149024425
spoof	spoof	0.0003958144400771632
spoof	spoof	0.00037691491506606134
spoof	spoof	0.00037344967831632843
bonafide	bonafide	0.9992972203946142
spoof	spoof	0.0016243672924777584
spoof	spoof	0.0003829770459330817
spoof	spoof	0.0003746848674396887
bonafide	bonafide	0.9993000564179706
bonafide	bonafide	0.9993061248223046
spoof	spoof	0.00037546426907287926
spoof	spoof	0.0003935007491813399
spoof	spoof	0.00038022457702263944
spoof	spoof	0.0003759140164877195
spoof	spoof	0.0003755151889467669
bonafide	bonafide	0.9992935873505243
spoof	spoof	0.00038798991618061796
spoof	spoof	0.0003760773767070966
spoof	spoof	0.00037908043494150367
bonafide	bonafide	0.9992813260461518
spoof	spoof	0.0003838068926845658
spoof	spoof	0.0003778668717399293
spoof	spoof	0.00037777043359599763
spoof	spoof	0.00038181188480818925
spoof	spoof	0.000404362754290541
spoof	spoof	0.0003742414956091308
spoof	spoof	0.0003773216133986332
spoof	spoof	0.00037772109847761975
spoof	spoof	0.00040376801937609924
bonafide	bonafide	0.9993071333552122
spoof	spoof	0.0003759662517815572
spoof	spoof	0.0003737803857967545
spoof	bonafide	0.8853716634612885
spoof	spoof	0.00038734040938309764
spoof	spoof	0.0003855781048519436
spoof	spoof	0.00037416016067251854
spoof	spoof	0.00043741466262473515
spoof	spoof	0.00038179532384238665
spoof	spoof	0.00038004184415159245
spoof	spoof	0.00037530215897316015
spoof	spoof	0.0003758493372082071
bonafide	bonafide	0.9991045247285336
spoof	spoof	0.00038565355682532534
spoof	spoof	0.0003875269272852669
spoof	spoof	0.00037364527148727193
spoof	spoof	0.00037636026601719813
spoof	spoof	0.00037762451752603707
spoof	spoof	0.0004411920338775233
spoof	spoof	0.00037497743369707107
spoof	spoof	0.0003785662658739981
bonafide	bonafide	0.9992969742177364
spoof	spoof	0.0003794363826921915
spoof	spoof	0.00038358705798052247
spoof	spoof	0.0003760760322578002
spoof	spoof	0.0003787102892614476
bonafide	bonafide	0.9992886815429859
spoof	spoof	0.0003821908902784569
spoof	spoof	0.00037985747898033455
spoof	spoof	0.0003759984208635888
spoof	spoof	0.0003827700927024516
spoof	spoof	0.00038157245764493844
spoof	spoof	0.0005482666378017579
spoof	spoof	0.0003763809867118351
spoof	spoof	0.00037576156318553777
spoof	spoof	0.00039263703753320803
spoof	spoof	0.00037789677166060945
spoof	spoof	0.00037222707594410624
spoof	spoof	0.00037938149543383684
spoof	spoof	0.0003739254408514697
spoof	bonafide	0.9977546555140852
spoof	spoof	0.0003858728280726311
bonafide	bonafide	0.9992706911426669
spoof	spoof	0.0003861764277776111
spoof	spoof	0.0004161932398645646
spoof	spoof	0.0003737965992321613
spoof	bonafide	0.9986906063693147
spoof	spoof	0.00042311627923747463
spoof	spoof	0.0005032421476274641
spoof	spoof	0.00037726927978123584
spoof	spoof	0.00043084858837091097
spoof	spoof	0.00038605293510120633
spoof	spoof	0.0003886093915532695
spoof	spoof	0.0003778711944737866
spoof	spoof	0.00037866389981119886
spoof	spoof	0.0003808519901664348
spoof	spoof	0.0003746576324286539
bonafide	bonafide	0.9993282818816351
spoof	spoof	0.0003780224312118898
spoof	spoof	0.0003785990182620168
spoof	spoof	0.0003795001414485517
spoof	spoof	0.00037337394351273764
spoof	spoof	0.00038252878855342447
spoof	spoof	0.0003756818677969641
spoof	spoof	0.00037968451422955063
spoof	spoof	0.00038019558032473407
spoof	spoof	0.0003743361410607719
spoof	spoof	0.00037909859483334677
bonafide	bonafide	0.9992965858535304
spoof	spoof	0.00038090137094509555
spoof	spoof	0.00037651233399583594
spoof	spoof	0.0003729348776596208
spoof	spoof	0.0005561654709704023
spoof	spoof	0.000385921296012106
spoof	spoof	0.0003792019691868241
spoof	spoof	0.0005493859712250823
spoof	spoof	0.0003972181321665624
spoof	spoof	0.00037428118847956016
spoof	spoof	0.0003837952759705197
spoof	spoof	0.0003768052490174848
spoof	spoof	0.0003790340001681036
spoof	spoof	0.00037679115012838294
spoof	spoof	0.00037584790399837427
spoof	spoof	0.0003743264167213128
spoof	spoof	0.00037459531188246644
spoof	spoof	0.0003868840962990288
bonafide	bonafide	0.9993247441472954
spoof	spoof	0.00039175150570339135
spoof	spoof	0.0003730287482723656
spoof	spoof	0.00037382876092877625
spoof	spoof	0.0003807773864976234
spoof	spoof	0.0003803491973685438
spoof	spoof	0.00038349263356553536
spoof	spoof	0.0003781515572386238
bonafide	bonafide	0.9993097605311682
spoof	spoof	0.0003772255840724084
spoof	spoof	0.0003786856497994229
spoof	spoof	0.0003758926048018399
spoof	spoof	0.0003834830370314983
bonafide	bonafide	0.9992619917965958
bonafide	bonafide	0.9993265253646776
spoof	spoof	0.008326095303229338
spoof	spoof	0.000379640810329153
spoof	spoof	0.0003903158654570888
spoof	spoof	0.0004018068794988478
spoof	spoof	0.0003783725163134549
spoof	spoof	0.0004154387152754224
spoof	spoof	0.00037949489564304743
spoof	spoof	0.000375540785725697
spoof	spoof	0.00037737350457807146
spoof	spoof	0.00038209407749968503
spoof	spoof	0.0003840487281809339
spoof	spoof	0.0003812710221734882
spoof	spoof	0.0003747836444414937
spoof	spoof	0.0003760805137741392
spoof	spoof	0.00040239278109066226
spoof	spoof	0.0003733442233553048
spoof	spoof	0.0003765015661013045
spoof	spoof	0.0003891074270316057
spoof	spoof	0.0003799306348094951
spoof	spoof	0.0003830846729448834
spoof	spoof	0.0003791683513582514
spoof	spoof	0.0003788492208290783
spoof	spoof	0.00037828171906262206
spoof	spoof	0.00042269116618574675
spoof	spoof	0.00037303043744854207
spoof	spoof	0.000378096675543599
spoof	spoof	0.00040749717820635803
spoof	spoof	0.0003766485744427338
spoof	spoof	0.00037864982164642397
spoof	spoof	0.00038108015745957007
bonafide	bonafide	0.9992898521317655
spoof	spoof	0.0003949092272460326
spoof	spoof	0.00039823359031972513
spoof	spoof	0.00038151780706821223
spoof	spoof	0.00037712346733253567
spoof	spoof	0.0004096997582023035
spoof	spoof	0.00038015616648333735
spoof	spoof	0.0003870636604333383
spoof	spoof	0.00037640825724264684
spoof	spoof	0.000387596109460366
bonafide	bonafide	0.9992235980605494
spoof	spoof	0.00039598842679981137
spoof	spoof	0.028420166228697065
spoof	spoof	0.00037778546948378654
spoof	spoof	0.00037684611183418115
spoof	spoof	0.00037694860268870477
spoof	spoof	0.0003783472676223792
spoof	spoof	0.00037505680093238185
spoof	spoof	0.00038227369694846685
spoof	spoof	0.00037459486549759873
spoof	spoof	0.00039273792456259726
spoof	spoof	0.00037517507853510816
spoof	spoof	0.000375501227802439
bonafide	bonafide	0.9993043075880729
spoof	spoof	0.0004022005488863345
spoof	spoof	0.0003806623330859075
spoof	spoof	0.0003800989104328026
spoof	spoof	0.00038776750164756205
spoof	spoof	0.0003756491886189087
spoof	spoof	0.00037771902798392447
spoof	spoof	0.000385996631130491
spoof	spoof	0.00038044883237018046
spoof	spoof	0.010920969938318889
spoof	spoof	0.0003965915553524164
spoof	spoof	0.0003821873379182136
spoof	spoof	0.00040627439172538014
spoof	spoof	0.0003857596372930522
spoof	spoof	0.00037976885978093617
spoof	spoof	0.00037845693130744874
spoof	spoof	0.0003983175931758939
spoof	spoof	0.0003796788134356033
spoof	spoof	0.00038165476653895437
spoof	spoof	0.0003730821832864111
spoof	spoof	0.00037452220113045486
spoof	spoof	0.0005069011243024091
spoof	spoof	0.0003803403139854686
spoof	spoof	0.0003764753655104913
bonafide	bonafide	0.9992943970966801
bonafide	bonafide	0.999098302401616
spoof	spoof	0.0003761291864796337
spoof	bonafide	0.9549278475154048
spoof	spoof	0.0004259831346450636
spoof	spoof	0.0003791148581611397
spoof	spoof	0.00038066913732855655
spoof	spoof	0.0003763950702590929
spoof	spoof	0.0003737289885085424
spoof	spoof	0.00037545979489718483
spoof	spoof	0.00037970170761833706
spoof	spoof	0.0003795499802162184
spoof	spoof	0.0003790000359192501
spoof	spoof	0.00037578789324060663
spoof	spoof	0.0004095365366061825
bonafide	bonafide	0.999321858486449
spoof	spoof	0.00038239762160593353
spoof	spoof	0.00042385110394792437
spoof	spoof	0.0003829007485726218
spoof	spoof	0.00037773064089954253
spoof	spoof	0.000378870981457879
spoof	spoof	0.00037324244528728516
spoof	spoof	0.0003885691058140078
bonafide	bonafide	0.9993156059463991
spoof	spoof	0.0003784456568484245
spoof	spoof	0.0003824787410979044
spoof	spoof	0.0003767484974648541
spoof	spoof	0.0003792362226730664
spoof	spoof	0.0003876983812911216
spoof	spoof	0.0003727401003968631
spoof	spoof	0.0003738655587277204
spoof	spoof	0.00039403622727541274
spoof	spoof	0.0003790025650669796
spoof	spoof	0.000378289111867216
spoof	spoof	0.00037933818802711607
spoof	spoof	0.0003739897000420088
spoof	spoof	0.0003726421282204334
spoof	spoof	0.00037422312235688875
bonafide	bonafide	0.9993203563080904
spoof	spoof	0.0003768962309622991
spoof	spoof	0.0003831764399423204
spoof	spoof	0.00037641633113398045
spoof	spoof	0.000386795682120541
spoof	spoof	0.00038291726620992995
spoof	spoof	0.0003772498588415996
spoof	spoof	0.0004093495755092716
spoof	spoof	0.0003926931866714979
spoof	spoof	0.0003754136245169835
spoof	spoof	0.00037445347753536055
spoof	spoof	0.0003772980533807409
spoof	bonafide	0.9924758002544568
spoof	spoof	0.0004040955160776501
bonafide	bonafide	0.9993187521262146
spoof	spoof	0.00037779078170691136
spoof	spoof	0.00044340195428270375
spoof	spoof	0.00037838694489314146
spoof	spoof	0.00037727251670167293
spoof	spoof	0.0003760027222307204
bonafide	bonafide	0.9993065558376736
spoof	spoof	0.00038794913988442464
spoof	spoof	0.00043458523099135183
spoof	spoof	0.00037825494389382564
spoof	spoof	0.00046311185618071545
spoof	spoof	0.00038812309310692125
spoof	spoof	0.00037849725152010573
spoof	spoof	0.0003759641013003709
bonafide	bonafide	0.9992163058457593
spoof	spoof	0.000377222976875246
spoof	spoof	0.00037402615711115705
spoof	spoof	0.0003741936913562599
spoof	spoof	0.0003763027743041358
spoof	spoof	0.00039136246338401337
spoof	spoof	0.0003820232366472785
spoof	spoof	0.0003753158443727287
spoof	spoof	0.0004206210117753431
spoof	spoof	0.00038023155468303775
spoof	spoof	0.00041926492677954425
spoof	spoof	0.0003764826332999266
spoof	spoof	0.0003780717155679679
spoof	spoof	0.00038138416891168484
spoof	spoof	0.00037358739302101784
spoof	spoof	0.00037803999985260673
spoof	spoof	0.000402468260923359
spoof	spoof	0.000812252275889763
spoof	bonafide	0.9992408786717307
spoof	spoof	0.00037336566790198953
spoof	spoof	0.00038237529397818447
spoof	bonafide	0.9986066483571197
bonafide	bonafide	0.9992887528866602
bonafide	bonafide	0.999267854497216
spoof	spoof	0.0003757980137864339
spoof	spoof	0.00037670306646301173
spoof	spoof	0.000394412416457731
spoof	spoof	0.0003880969165343101
spoof	spoof	0.00040458079882881937
spoof	spoof	0.0003778783090808901
spoof	spoof	0.00037694680593951935
spoof	spoof	0.0003766210172286734
spoof	spoof	0.00037778970124870137
spoof	spoof	0.000379260536390901
spoof	spoof	0.00037420376898385124
spoof	spoof	0.0003795005936765579
spoof	spoof	0.00038398640186064747
spoof	spoof	0.0003775846502047262
spoof	spoof	0.0003785788070873865
spoof	spoof	0.00037711915314922695
spoof	spoof	0.0003904721740841877
spoof	spoof	0.00037503615311006323
spoof	spoof	0.0003773622623827951
spoof	spoof	0.00037623282743013363
bonafide	bonafide	0.9992919773855429
spoof	spoof	0.00037461566759739915
bonafide	bonafide	0.9993052775472796
spoof	spoof	0.0003786067781959637
spoof	spoof	0.0004037986206984359
spoof	spoof	0.0003758176287173337
spoof	spoof	0.0003903636818117728
spoof	spoof	0.0003874896165238119
spoof	spoof	0.0003814206193042503
spoof	spoof	0.00037287604278321714
spoof	spoof	0.0003832814739130607
spoof	spoof	0.00037881906501072187
spoof	spoof	0.00037360867344594093
spoof	spoof	0.0003765250764020405
spoof	spoof	0.00037705741180641414
spoof	bonafide	0.9988067055899185
spoof	spoof	0.0003743661185952875
bonafide	bonafide	0.9992663637053394
spoof	spoof	0.0003772746746640541
spoof	spoof	0.0003818225315225381
bonafide	bonafide	0.9978570760256508
spoof	spoof	0.00038028955577501815
bonafide	bonafide	0.9990293888586312
spoof	spoof	0.00039189802158867194
spoof	spoof	0.0003783906423052118
spoof	spoof	0.00038539757630842676
spoof	spoof	0.0003781093814345845
spoof	spoof	0.00038498208485234175
spoof	spoof	0.00039029754050743645
spoof	spoof	0.00039164676501678326
spoof	spoof	0.0007175189620053317
spoof	spoof	0.0004095752860877352
spoof	spoof	0.0003899084547294291
bonafide	bonafide	0.9993098092073407
spoof	spoof	0.0003772971541725522
spoof	spoof	0.000374242476730485
spoof	spoof	0.00037291372447559627
bonafide	bonafide	0.9993223783871144
spoof	spoof	0.00037516729949765745
spoof	spoof	0.0003773717058043293
bonafide	bonafide	0.9992930585133261
bonafide	bonafide	0.9992702474139507
spoof	spoof	0.00038203170407879
spoof	spoof	0.0003765082062665472
spoof	spoof	0.0003745677262965979
spoof	spoof	0.0003748501058213857
bonafide	bonafide	0.9992620276640269
spoof	spoof	0.00037842139535129027
spoof	spoof	0.00038921204542586744
bonafide	bonafide	0.9993038516246577
spoof	bonafide	0.9978216223723458
spoof	spoof	0.0003831611895757773
spoof	spoof	0.00037585551798819246
spoof	spoof	0.0003844785148693765
spoof	spoof	0.0003836923873526963
spoof	spoof	0.000374739700644598
spoof	spoof	0.00041562637619753747
spoof	spoof	0.0003760745981838462
spoof	spoof	0.00038318173661876535
spoof	spoof	0.0003804186399380058
spoof	spoof	0.00037722909033147605
spoof	spoof	0.00038243781462013395
spoof	spoof	0.00037829578354655686
spoof	spoof	0.0003776067881977232
spoof	spoof	0.000413319640339437
spoof	spoof	0.00037818625667136946
spoof	spoof	0.0003746501319862921
spoof	spoof	0.0003979174807548777
spoof	spoof	0.00038055701891596787
spoof	spoof	0.0003779696401056017
spoof	spoof	0.00037577311594181353
spoof	spoof	0.00037622565412667584
spoof	spoof	0.00037513234052682454
spoof	spoof	0.0003786912454340373
spoof	spoof	0.000441763324165987
spoof	spoof	0.00037680875137106965
bonafide	bonafide	0.9992754133751779
bonafide	bonafide	0.9993279785326608
spoof	spoof	0.00037709956018752575
spoof	spoof	0.000392407377560739
spoof	spoof	0.00037414384230404955
spoof	spoof	0.0003757375632454774
spoof	spoof	0.0003753008172941703
spoof	spoof	0.00037970632281834253
spoof	spoof	0.00037980008686455186
bonafide	bonafide	0.9992151263174488
spoof	spoof	0.0003824617866138389
spoof	spoof	0.00038533448015790615
spoof	spoof	0.0003733987714451554
spoof	spoof	0.0003752704966275925
spoof	spoof	0.00037542194550342677
spoof	spoof	0.00038506540426690855
spoof	spoof	0.0003760425122086034
spoof	spoof	0.0003864897535467216
bonafide	bonafide	0.9993174101140184
spoof	spoof	0.00038046678576269773
spoof	spoof	0.0003881501965062971
spoof	spoof	0.0003726615784900054
spoof	spoof	0.0003786587558057158
spoof	spoof	0.0003864117436341296
bonafide	bonafide	0.9993166939997555
spoof	spoof	0.00048448480458751004
spoof	spoof	0.0009112853821853246
spoof	spoof	0.0003806527166303009
spoof	spoof	0.00038364877090282486
spoof	spoof	0.0003737476938095302
spoof	spoof	0.0008692903575677612
spoof	spoof	0.00037669112602164106
spoof	spoof	0.0004112278343092699
spoof	spoof	0.0003790326451531008
spoof	spoof	0.00037363333888542846
spoof	spoof	0.000382087885230557
spoof	spoof	0.0003799841525082641
spoof	spoof	0.0003763897776540721
spoof	spoof	0.0003782069877212804
spoof	spoof	0.00037667083711673597
spoof	spoof	0.0003754883410528184
bonafide	bonafide	0.9992995446029564
spoof	spoof	0.00039393988888813844
spoof	spoof	0.0003759173313765234
spoof	spoof	0.00038616648800891926
spoof	spoof	0.0003791781110660733
spoof	spoof	0.000382839064688499
spoof	spoof	0.00037382421714180175
spoof	spoof	0.00037426129691960324
spoof	spoof	0.0005403223086505974
spoof	spoof	0.00037542677712854597
bonafide	bonafide	0.9993108120603618
spoof	spoof	0.00043860066636652737
spoof	spoof	0.00037363405126887594
spoof	spoof	0.0003805493097205434
spoof	spoof	0.00038336214126829117
spoof	spoof	0.00037527899332258965
bonafide	bonafide	0.9992940229525316
spoof	spoof	0.00037601894241173474
spoof	spoof	0.0003886692258954559
spoof	spoof	0.0003816282984284686
spoof	spoof	0.0003776935528379197
spoof	spoof	0.0005436249632156644
spoof	spoof	0.0006787578669172588
spoof	spoof	0.0003828245576439698
spoof	spoof	0.0003787343887469658
spoof	spoof	0.0003743439920878731
spoof	spoof	0.000385611004141517
spoof	spoof	0.00038857679219598786
bonafide	bonafide	0.9992949437472491
bonafide	bonafide	0.9992911344655168
bonafide	bonafide	0.9993042934991287
bonafide	spoof	0.00038262543786417644
spoof	spoof	0.000374119856485598
spoof	spoof	0.0003745510330934164
bonafide	bonafide	0.9992525043421936
spoof	spoof	0.0003838539119519091
spoof	spoof	0.00038086188396418275
spoof	spoof	0.0003730327489651742
spoof	spoof	0.0004284121734497834
spoof	spoof	0.0003793792350085329
spoof	spoof	0.00037796198330460425
spoof	spoof	0.00037718243278245104
spoof	spoof	0.00037442563468050364
spoof	spoof	0.00037538812586797505
spoof	spoof	0.0003767833375952561
spoof	spoof	0.00038804771305455993
spoof	spoof	0.0003756518744715667
spoof	spoof	0.00038595312077687843
spoof	spoof	0.0003753440217661664
bonafide	bonafide	0.9993157844744651
spoof	spoof	0.0003836445649663391
spoof	spoof	0.00039139809474318606
spoof	spoof	0.00037454889070407575
spoof	spoof	0.0003742166116634975
spoof	spoof	0.0003748049036552183
spoof	spoof	0.00037427690679892473
spoof	spoof	0.00040273864659920986
spoof	spoof	0.00037629479252950665
spoof	spoof	0.0003739805194818436
spoof	spoof	0.00038205820015707695
spoof	spoof	0.00037411798405144415
spoof	spoof	0.0003887065575566086
spoof	spoof	0.0006796459589272184
spoof	spoof	0.0003774269320657643
spoof	spoof	0.0003829618034993509
spoof	spoof	0.0003766957944198395
spoof	spoof	0.0003742315953466168
spoof	spoof	0.0003766523446417816
spoof	spoof	0.0003767968075810436
spoof	spoof	0.0003841237894456817
bonafide	bonafide	0.9993154296552225
spoof	spoof	0.0003773358220591963
spoof	spoof	0.0004043148619267713
spoof	spoof	0.00037845260187547355
spoof	spoof	0.0003808927470023015
spoof	spoof	0.00038370829898961786
spoof	spoof	0.00038172126325495496
spoof	spoof	0.00038358833785146585
spoof	spoof	0.000379881832513222
spoof	spoof	0.00038658242804024106
spoof	spoof	0.0003756782863785304
spoof	spoof	0.0003762675302160446
spoof	spoof	0.0003783431197842072
spoof	spoof	0.0003774725402964937
spoof	spoof	0.00038033161209701996
spoof	spoof	0.0003772220778459182
spoof	spoof	0.0003761065972587221
spoof	spoof	0.0003749123793885713
spoof	spoof	0.00037408446014913115
spoof	spoof	0.0004047695378443682
spoof	spoof	0.0003851469058862566
spoof	spoof	0.00043515128847754285
spoof	spoof	0.0003761114376918934
spoof	spoof	0.0003876240998822481
spoof	spoof	0.00037921859846141455
spoof	spoof	0.0003765414985894528
bonafide	bonafide	0.9993175195559295
spoof	spoof	0.0003758127920639679
spoof	spoof	0.0014432960712066048
spoof	spoof	0.0003770845515886762
spoof	spoof	0.0003730313264917061
spoof	spoof	0.00038349025725855506
spoof	spoof	0.0003820855176247538
spoof	spoof	0.0003725289992846449
bonafide	bonafide	0.9993131167164383
spoof	spoof	0.0003831970791290797
spoof	spoof	0.00037724536339616506
spoof	spoof	0.0004143191678032694
spoof	spoof	0.0003753819527711629
spoof	spoof	0.00040534449425546026
spoof	spoof	0.0003805260923809444
spoof	spoof	0.00038650688652102613
spoof	spoof	0.000376146756811301
spoof	spoof	0.0003781559733533084
spoof	spoof	0.00037777979719237474
spoof	spoof	0.0003765329733208297
spoof	spoof	0.00039707000660764923
spoof	spoof	0.00039026870603366554
spoof	spoof	0.0004021855001658211
spoof	spoof	0.00038805085745131863
spoof	spoof	0.0003762695927562465
spoof	spoof	0.00038121023670225425
spoof	spoof	0.00037699765724872236
spoof	spoof	0.0003733349696573708
spoof	spoof	0.0003752685289993321
bonafide	bonafide	0.9993031261108618
spoof	spoof	0.00040190916390495714
spoof	spoof	0.00037686218874979867
bonafide	bonafide	0.9993257291699839
spoof	spoof	0.00038268745216080103
spoof	spoof	0.0004034151170256358
spoof	spoof	0.00039217953425583357
spoof	spoof	0.0006792344571691658
bonafide	bonafide	0.9993211046583249
spoof	spoof	0.0003788649316970968
spoof	spoof	0.0003808706887525433
spoof	spoof	0.00039043755749542405
bonafide	bonafide	0.9993227784988797
spoof	spoof	0.00037194773540074277
spoof	spoof	0.0003751219696938029
spoof	spoof	0.0003764537424231755
spoof	spoof	0.0003768867994346521
bonafide	bonafide	0.9993123387599367
spoof	spoof	0.0003757041628942267
bonafide	bonafide	0.9993033920432449
spoof	spoof	0.000378656950908066
spoof	spoof	0.00037444375014892786
spoof	spoof	0.0003761370750984865
spoof	spoof	0.0003744191204651445
spoof	spoof	0.0003774385360043274
spoof	spoof	0.0003741967235342574
bonafide	bonafide	0.9992884008438413
spoof	spoof	0.00037611251335216585
spoof	spoof	0.0003784068752733419
spoof	spoof	0.0003805186558762702
spoof	spoof	0.0003761801068400415
spoof	spoof	0.00037407278098428525
spoof	spoof	0.0003775895996433955
spoof	spoof	0.00037709848170542064
spoof	spoof	0.0004268722508393456
spoof	spoof	0.000375651426828124
spoof	spoof	0.0003766565637187782
spoof	spoof	0.00038001005379574565
bonafide	bonafide	0.9993238002208541
spoof	spoof	0.0003778379647278869
spoof	spoof	0.00046067319686469586
spoof	spoof	0.00038441373679974823
spoof	spoof	0.00037628609348472976
bonafide	bonafide	0.9990385716335964
spoof	spoof	0.0003746860283201978
spoof	spoof	0.0003805809637654192
spoof	spoof	0.0003766460609976601
spoof	spoof	0.0006706695384092222
spoof	spoof	0.00041688027863055375
spoof	spoof	0.0003832211900288371
spoof	spoof	0.000375678554983729
spoof	spoof	0.0004775241932288076
spoof	spoof	0.000377299222354589
spoof	spoof	0.0003751976118293638
spoof	spoof	0.00038501759433729816
bonafide	bonafide	0.9993084925925748
spoof	spoof	0.0004128626451482433
spoof	spoof	0.0003778178842108314
spoof	spoof	0.0004068563329450649
spoof	spoof	0.00038505705316049235
spoof	spoof	0.0003880280149132521
spoof	spoof	0.0003760334605149827
spoof	spoof	0.0003754528152895225
spoof	spoof	0.0003773263795352849
bonafide	bonafide	0.9993175032952392
spoof	spoof	0.0003784376296382273
spoof	spoof	0.00038514809916865363
spoof	spoof	0.00037232165581644515
spoof	spoof	0.0003757186688483956
spoof	spoof	0.0003735721680212601
spoof	spoof	0.0003755437393124201
bonafide	bonafide	0.9993081615222027
spoof	spoof	0.0003751875968649021
spoof	spoof	0.0003788019115739991
spoof	spoof	0.0003757155347985397
spoof	spoof	0.00038173854883934974
spoof	spoof	0.00038350524651821184
spoof	spoof	0.0003796328482553372
spoof	spoof	0.0003760164331667307
spoof	spoof	0.000389323279671305
bonafide	bonafide	0.9992976047271155
spoof	spoof	0.0003758572199599423
spoof	spoof	0.0003887206389155157
spoof	spoof	0.0003945975422489005
spoof	spoof	0.00037779177212965073
bonafide	bonafide	0.9992975898331232
spoof	bonafide	0.996573897449621
spoof	spoof	0.0003760709233942905
bonafide	bonafide	0.9993202388990303
spoof	spoof	0.0003748977258542068
spoof	spoof	0.00037561418476138753
spoof	spoof	0.00038699853921133785
spoof	spoof	0.0003744501755501783
bonafide	bonafide	0.9993190646664982
spoof	spoof	0.0003922158008242847
spoof	spoof	0.00037273450383131906
spoof	spoof	0.00037986879548365665
spoof	spoof	0.00038340170462121273
spoof	spoof	0.0003826675700127676
spoof	spoof	0.00038370016019637423
spoof	spoof	0.00037941106303655825
spoof	spoof	0.000375762458735345
spoof	spoof	0.00038034584341382856
spoof	spoof	0.0003846783235889766
spoof	spoof	0.0003856793848250858
spoof	spoof	0.0003769667503353771
spoof	spoof	0.0003859019816826476
spoof	spoof	0.0003734241350155684
spoof	spoof	0.0003763213393109438
spoof	spoof	0.0003736106323744096
spoof	spoof	0.0004919267296204788
bonafide	bonafide	0.9992877154122043
spoof	spoof	0.00038065235374993856
bonafide	bonafide	0.9993265589001351
spoof	spoof	0.00037795324573289583
spoof	spoof	0.00037470638896286386
spoof	spoof	0.00037519385618637485
spoof	spoof	0.0004008455497967756
spoof	spoof	0.0004400654059821312
spoof	spoof	0.00037602037627353807
spoof	spoof	0.0003766931011061284
spoof	spoof	0.0003744549946734465
bonafide	bonafide	0.9991763021695157
spoof	spoof	0.000392161121843073
spoof	spoof	0.00039728156382688235
spoof	spoof	0.00037672739740541016
spoof	spoof	0.0003818308125055368
spoof	spoof	0.00038120560322966264
spoof	spoof	0.0004778278981766924
spoof	spoof	0.00038707417678526964
spoof	spoof	0.0003954026114958211
spoof	spoof	0.00037467325883234126
spoof	spoof	0.00038579439096274467
spoof	spoof	0.0003991316759809718
spoof	spoof	0.000375235259755659
spoof	spoof	0.00037655020353650337
spoof	spoof	0.00037377245750461316
spoof	spoof	0.00037620897672458093
spoof	bonafide	0.998664286590607
spoof	spoof	0.0003773985983655216
spoof	spoof	0.0007912951196176572
spoof	spoof	0.00037869620937263477
spoof	spoof	0.0003773620825103918
spoof	spoof	0.0003778729055695946
bonafide	bonafide	0.9992817630433075
spoof	spoof	0.0003808191337091052
spoof	spoof	0.00037401127078827927
spoof	spoof	0.0003724918891080386
spoof	spoof	0.00037451631004258907
bonafide	bonafide	0.9992975602115485
spoof	spoof	0.00037874494967873846
spoof	spoof	0.0003840809478056565
spoof	spoof	0.00038328439700899004
spoof	spoof	0.0003748160696914588
spoof	spoof	0.0004685048939525438
spoof	spoof	0.0003747788210901876
spoof	spoof	0.00037727809146305885
bonafide	bonafide	0.9993260519998282
spoof	spoof	0.00037569377625866067
spoof	spoof	0.00037834654625595356
spoof	spoof	0.00037718180352931094
spoof	spoof	0.0003741104052469936
spoof	spoof	0.00038840606068199957
spoof	spoof	0.00037449033680518774
spoof	spoof	0.0003786306906201147
bonafide	bonafide	0.9993126264001616
spoof	spoof	0.0004327583057167145
spoof	spoof	0.0003765031812658595
spoof	spoof	0.00037712265841940735
spoof	spoof	0.0003774164078717452
spoof	spoof	0.00037888515814126265
spoof	spoof	0.00037802918828480745
spoof	spoof	0.00038130328147776275
spoof	spoof	0.0004092675386326703
spoof	spoof	0.00037988165144030414
spoof	spoof	0.0003850095195415058
spoof	spoof	0.00037477480167816664
spoof	spoof	0.00038065915781427737
spoof	spoof	0.00038049190379865565
spoof	spoof	0.00037483456137876584
spoof	spoof	0.00037811641040870535
spoof	spoof	0.00037398524343126827
spoof	spoof	0.00037480829809505707
spoof	spoof	0.00037407064132946854
spoof	spoof	0.0003792492380010818
spoof	spoof	0.0003761891620623322
bonafide	bonafide	0.999317999722126
spoof	spoof	0.00039181733302563727
spoof	spoof	0.0003782091510267234
spoof	spoof	0.0003729051035639504
spoof	spoof	0.0003897044444184009
spoof	spoof	0.0004273492276820912
spoof	spoof	0.0004936925114693389
spoof	spoof	0.0003773505708548481
spoof	spoof	0.00037694303279409657
spoof	spoof	0.0003782560256821011
spoof	spoof	0.00037836178541395226
spoof	spoof	0.0004245338823471183
spoof	spoof	0.00039011266477200477
spoof	spoof	0.00038181270377568013
spoof	spoof	0.00037739787880716985
bonafide	bonafide	0.9993211725905061
spoof	spoof	0.000395970024372838
bonafide	bonafide	0.9993130528887079
spoof	spoof	0.0003836682468182757
spoof	spoof	0.0003794536552834763
spoof	spoof	0.00039487365280526895
spoof	spoof	0.00039679822396902076
spoof	spoof	0.00039410957666815254
spoof	spoof	0.0003757715934652484
spoof	spoof	0.00037672928289457215
spoof	spoof	0.0004749425560618643
spoof	spoof	0.00037584494802034784
spoof	spoof	0.00037595057147161824
spoof	spoof	0.00037507289093229664
spoof	spoof	0.00037786615128909234
spoof	spoof	0.000378496439661387
spoof	spoof	0.00038954064456672884
spoof	spoof	0.00038048718837310796
spoof	spoof	0.00044542779101496547
spoof	spoof	0.0003741057688775815
spoof	spoof	0.000381618657579546
spoof	spoof	0.0006115052211657444
spoof	spoof	0.00037388489461546894
bonafide	bonafide	0.9992332013442025
spoof	spoof	0.00037672766676042713
spoof	spoof	0.0003734839464628069
spoof	spoof	0.00038063520804699786
spoof	spoof	0.0003792476110606614
spoof	spoof	0.0003804494670716369
spoof	spoof	0.000384121317682764
spoof	spoof	0.0003810706212724115
spoof	spoof	0.0003774347579386653
spoof	spoof	0.0003759543346863825
spoof	spoof	0.00037655415223860006
bonafide	bonafide	0.9991600140049526
spoof	spoof	0.00037413492546341075
spoof	spoof	0.00037195890499797107
spoof	spoof	0.000386540878378476
spoof	spoof	0.0004247982305327205
spoof	spoof	0.0003806142532362384
spoof	spoof	0.0003840080913711962
bonafide	bonafide	0.9993262324602188
spoof	spoof	0.0003900842158191919
spoof	spoof	0.00037618441028485205
spoof	spoof	0.0003800919352056442
spoof	spoof	0.00039588311984768427
spoof	spoof	0.00038809071951223425
spoof	spoof	0.000381998472763006
spoof	spoof	0.00067056264551402
bonafide	bonafide	0.9993225879143788
spoof	spoof	0.00037568079336785045
bonafide	bonafide	0.999287175049464
spoof	spoof	0.0003804452961957286
spoof	spoof	0.000375717773402913
spoof	spoof	0.00038027867989663265
spoof	spoof	0.0003762183912962146
spoof	spoof	0.00038002436365542795
spoof	spoof	0.00037895406256743445
spoof	spoof	0.0003737538400412607
spoof	spoof	0.0003786673291869953
spoof	spoof	0.0003752744319150522
spoof	spoof	0.00037681279258871934
spoof	spoof	0.0003740042289616551
spoof	spoof	0.00038128574298235444
spoof	spoof	0.00037784084632458875
spoof	spoof	0.0003728958607459654
spoof	spoof	0.00037749629114220567
spoof	spoof	0.00037920811470338467
spoof	spoof	0.000379955898570967
spoof	spoof	0.0003778930790725299
spoof	spoof	0.00040570691543437753
spoof	spoof	0.00037430277603182503
spoof	spoof	0.00037444696283577596
spoof	spoof	0.0003778930790725299
spoof	spoof	0.0003764953747013413
spoof	spoof	0.0003744535667786073
spoof	spoof	0.0003751811588145736
spoof	spoof	0.00037680057926332475
spoof	spoof	0.0003752782778040168
spoof	spoof	0.00038456126708444116
spoof	spoof	0.0003780662191881383
spoof	spoof	0.00037735542729172165
bonafide	spoof	0.00045734840961266226
spoof	spoof	0.00038546398996105823
spoof	spoof	0.00040314869700033444
spoof	spoof	0.00038802154156390733
spoof	spoof	0.00037721587460193257
spoof	spoof	0.00037688006277363553
bonafide	bonafide	0.9993215407617504
bonafide	bonafide	0.999318106470129
spoof	spoof	0.0003745721005744113
spoof	spoof	0.0004283911418472352
spoof	spoof	0.0003765317169817662
spoof	spoof	0.0003728769314585498
spoof	spoof	0.00037630779663109837
bonafide	bonafide	0.9992952111207207
spoof	spoof	0.00039004963361073057
spoof	spoof	0.00039694662658800036
spoof	spoof	0.0003941469609938272
spoof	spoof	0.0003852157551455438
spoof	spoof	0.0003806770304023422
bonafide	bonafide	0.9993148262363603
spoof	spoof	0.0003904043396214762
spoof	spoof	0.00037527210651293086
spoof	spoof	0.00038263346267781805
spoof	spoof	0.00039843864538125146
spoof	spoof	0.0003758078659069091
spoof	spoof	0.00037665548650313904
spoof	spoof	0.0004026034310717839
spoof	spoof	0.00038505613546753123
spoof	spoof	0.0003755326411068549
spoof	spoof	0.00037916464634974557
spoof	spoof	0.0003848330174473933
spoof	spoof	0.00037318356190657435
spoof	bonafide	0.5488795810975213
spoof	spoof	0.00037388534015461825
spoof	spoof	0.00045731048249463317
spoof	spoof	0.0003739855999581739
spoof	spoof	0.00037444624890298407
spoof	spoof	0.0003754893254417076
spoof	spoof	0.0003753857102962677
spoof	spoof	0.0003789344646212074
spoof	spoof	0.00038894953247876993
spoof	spoof	0.0004053804319723289
spoof	spoof	0.00037865731188690797
spoof	spoof	0.0003773901436415005
spoof	spoof	0.00039394073385934266
spoof	spoof	0.0003861498302663206
spoof	spoof	0.00038855651158894566
spoof	spoof	0.0003803366881744287
spoof	spoof	0.0005134928911102159
spoof	spoof	0.00037606662124725003
bonafide	bonafide	0.9988421718029419
spoof	spoof	0.0003949849983056211
spoof	spoof	0.00037568482249286515
spoof	spoof	0.000383133156053681
bonafide	bonafide	0.9992915839000381
spoof	spoof	0.00037572413111203634
spoof	spoof	0.00037639838938833257
spoof	spoof	0.00041595258282741234
spoof	spoof	0.00037487038603419785
spoof	spoof	0.00037671770075300927
spoof	spoof	0.00038568480800552237
spoof	spoof	0.00037563226818857506
spoof	spoof	0.0003762177636507788
spoof	spoof	0.0003784167055757821
spoof	spoof	0.0007837357896276145
spoof	spoof	0.00037414910333967
spoof	spoof	0.00043462904253220157
spoof	spoof	0.0003768279699930064
spoof	spoof	0.00037491979572477734
spoof	spoof	0.00038251183185170876
spoof	spoof	0.0003752428613390863
spoof	spoof	0.0003818884203553086
spoof	spoof	0.0003975362444181207
spoof	spoof	0.0004821242217337906
spoof	spoof	0.0003751952869030824
spoof	spoof	0.00037442643781079
spoof	spoof	0.0004124185390975659
spoof	spoof	0.0003874887853843719
spoof	spoof	0.0003974033431152145
spoof	spoof	0.0003803367788192836
spoof	spoof	0.0003798824662691139
spoof	spoof	0.0003763873556392983
bonafide	bonafide	0.9993102916723046
spoof	spoof	0.00037359923511632025
spoof	spoof	0.00037709461716986287
spoof	spoof	0.00039019811706909966
spoof	spoof	0.00037678154163352034
spoof	spoof	0.00037358792724279913
spoof	spoof	0.0003738057752790979
spoof	spoof	0.00037369060103630106
spoof	spoof	0.00038412214160197
spoof	spoof	0.00037388355800120507
spoof	spoof	0.0003789481017945471
spoof	spoof	0.0003761195052188951
spoof	spoof	0.0003783960532172425
spoof	spoof	0.0006511395991767666
spoof	spoof	0.00038934424981880856
spoof	spoof	0.0003732101561203712
spoof	spoof	0.0003780269359137533
spoof	spoof	0.00038035799030909396
bonafide	bonafide	0.9993000389076634
bonafide	bonafide	0.9992580747901293
spoof	spoof	0.00038590704010411
spoof	spoof	0.0003772862739232514
spoof	spoof	0.00037609951599645663
spoof	spoof	0.0003762391938514645
spoof	spoof	0.00041004740636823276
spoof	spoof	0.00037202628428271094
spoof	spoof	0.0003775821305154066
spoof	spoof	0.0003776739300449596
spoof	spoof	0.0003748939732118827
spoof	spoof	0.0003819796277940063
spoof	spoof	0.0003742473823758234
spoof	spoof	0.00037573111576152046
spoof	spoof	0.00039086694558205316
bonafide	bonafide	0.9993132111378767
spoof	spoof	0.00038025910409905173
spoof	bonafide	0.9836945471297105
spoof	spoof	0.00038051421218062434
spoof	spoof	0.00037595084027142406
spoof	spoof	0.00037748945362441153
spoof	spoof	0.0003748737810668588
spoof	spoof	0.00037645822843880914
spoof	spoof	0.00038023635756262106
spoof	spoof	0.0003745586208208507
spoof	spoof	0.0003811494609182623
bonafide	bonafide	0.9993109700045638
spoof	spoof	0.00038344392221430776
spoof	spoof	0.0003859765771237221
bonafide	bonafide	0.9992806130666712
bonafide	bonafide	0.9993160481869159
spoof	spoof	0.0003857510872667258
spoof	spoof	0.0003882014483774874
spoof	spoof	0.0004099148179164541
spoof	spoof	0.00037365417666224105
spoof	spoof	0.0003779415359018841
bonafide	bonafide	0.999292591811589
spoof	spoof	0.000377312261154448
bonafide	bonafide	0.9992441922147645
spoof	spoof	0.000379465411946972
spoof	spoof	0.00039676058827431974
spoof	spoof	0.0004459874515530586
spoof	spoof	0.00037629981474998056
spoof	spoof	0.0004500696857432264
spoof	spoof	0.0003763868174159087
spoof	spoof	0.00037938863846628725
spoof	spoof	0.00037601894241173474
spoof	spoof	0.0003834481259519693
spoof	spoof	0.00037831507798385955
spoof	spoof	0.00042323225663614517
spoof	spoof	0.00037808532170425645
spoof	spoof	0.0003792206771719935
spoof	spoof	0.00040690200491209563
bonafide	bonafide	0.9993206687603348
spoof	spoof	0.00037968415227183553
spoof	spoof	0.000754117809482925
bonafide	bonafide	0.9993021363571352
spoof	spoof	0.0003869160926420909
spoof	spoof	0.00037754514700977855
spoof	spoof	0.00041645269441995317
bonafide	bonafide	0.9993128030852829
spoof	spoof	0.00037957386172632096
spoof	spoof	0.0004170318157723925
bonafide	bonafide	0.9992991958943106
spoof	spoof	0.00040866617709516
spoof	spoof	0.0003743845880924072
spoof	spoof	0.00038104210495506276
spoof	spoof	0.000401504105549936
spoof	spoof	0.0005013250177586499
spoof	spoof	0.00038595312077687843
spoof	spoof	0.00038399875649502627
spoof	spoof	0.0004496364700346989
spoof	spoof	0.0005463125375783612
spoof	spoof	0.0003782331284903299
spoof	spoof	0.0003757505480974208
spoof	spoof	0.00037830705354232236
spoof	spoof	0.0004273168423724014
spoof	spoof	0.0003810194024060145
spoof	spoof	0.00039998755231342067
spoof	spoof	0.00039023364246244894
spoof	spoof	0.0003800931128324204
spoof	spoof	0.00037609870927883223
spoof	spoof	0.0003796606257602092
spoof	spoof	0.00038868015638297555
spoof	bonafide	0.9887813104503188
spoof	spoof	0.000373790986809579
spoof	spoof	0.0003914586381782912
spoof	spoof	0.0003740948023093145
spoof	spoof	0.00037822339309631734
spoof	spoof	0.00038072874769170655
spoof	spoof	0.0008329818191015621
spoof	spoof	0.0003784301437416446
spoof	spoof	0.00037559762397024464
spoof	spoof	0.00037785957723863593
spoof	spoof	0.0003746705799740109
spoof	spoof	0.00042585798006232906
spoof	spoof	0.00038100859646765105
spoof	spoof	0.00038009664573463245
bonafide	bonafide	0.9993207299388325
spoof	spoof	0.0003747470242530555
spoof	spoof	0.0003767350292054382
spoof	spoof	0.00037584772484752934
spoof	spoof	0.00039946417209636085
spoof	spoof	0.00038197207185972635
spoof	spoof	0.00039113839595517844
spoof	spoof	0.00037770237442552297
spoof	spoof	0.0003762067351946178
spoof	spoof	0.3249336976237254
spoof	spoof	0.00037598596509872973
spoof	spoof	0.0003783098485532102
spoof	spoof	0.00038167295874415774
spoof	spoof	0.0004796636737892001
spoof	spoof	0.00038477450706553355
spoof	spoof	0.00038183217751996967
spoof	spoof	0.00042926338904833124
spoof	spoof	0.00037427913683481256
spoof	spoof	0.00037979338866517905
spoof	spoof	0.00044288838642067866
spoof	spoof	0.0003890450218221762
spoof	spoof	0.00037823060447523713
spoof	spoof	0.00037790028415591345
spoof	spoof	0.00039743753514350145
spoof	spoof	0.0008118299778764713
spoof	spoof	0.00037656088307622083
spoof	spoof	0.0003792335112025971
spoof	spoof	0.0003860526590813276
spoof	spoof	0.00037481928557157065
spoof	spoof	0.0003751774927519286
spoof	spoof	0.00040658173045150325
spoof	spoof	0.0003758141355725502
spoof	spoof	0.00037525386155000585
spoof	spoof	0.00038420380991467776
spoof	spoof	0.0003745262178343823
spoof	spoof	0.0003802732420740355
spoof	spoof	0.0003793109765066386
spoof	spoof	0.00037508889222758824
spoof	spoof	0.0003834138576944488
spoof	spoof	0.00037535234121045444
spoof	spoof	0.0003751859873419668
spoof	spoof	0.00037596248844755034
spoof	spoof	0.0003874221153369494
spoof	spoof	0.000410267146128679
spoof	spoof	0.00038218770226133505
bonafide	bonafide	0.9988904462127185
spoof	spoof	0.006367951578577969
bonafide	bonafide	0.9993222695623583
spoof	spoof	0.0003814474366541829
spoof	spoof	0.0003829043075613444
bonafide	bonafide	0.9993199095597143
spoof	spoof	0.00037666266799890434
spoof	spoof	0.00040261456136673964
spoof	spoof	0.00038302140760391806
spoof	spoof	0.0003723173965440108
bonafide	bonafide	0.9993038262477437
spoof	spoof	0.00037967103153754096
spoof	spoof	0.00037339601270450137
spoof	spoof	0.00037734607420974596
spoof	spoof	0.00038400882352794015
spoof	spoof	0.0003798099533462702
spoof	spoof	0.00037397508255728146
spoof	spoof	0.00037454380257848557
spoof	spoof	0.00037693368992982234
spoof	spoof	0.00037426664880491246
spoof	spoof	0.00037700942769855407
spoof	spoof	0.00037566414010936974
spoof	spoof	0.000376583679072998
spoof	spoof	0.00037482544941887924
spoof	spoof	0.0003744876592542327
spoof	spoof	0.0003741151308364612
bonafide	bonafide	0.9993037361771151
spoof	spoof	0.0003802728795552927
spoof	spoof	0.0003745647803831725
spoof	spoof	0.00037776359111459025
spoof	spoof	0.0003771147491379862
spoof	spoof	0.0003759928650038437
spoof	spoof	0.00037699577041688245
spoof	spoof	0.0003780959546547779
spoof	spoof	0.00037448721299760085
spoof	spoof	0.0003778667816834996
bonafide	bonafide	0.9993105803324671
spoof	spoof	0.000380111955356869
spoof	spoof	0.00037452550375053674
spoof	spoof	0.00038045454472139257
spoof	spoof	0.0003762207225598546
bonafide	bonafide	0.9992722071331741
spoof	spoof	0.0003793851121423262
bonafide	bonafide	0.9992816235685715
spoof	spoof	0.000376604501818798
spoof	spoof	0.0003934782423914632
bonafide	bonafide	0.9993151694572406
spoof	spoof	0.0003747836444414937
spoof	spoof	0.0003844191421902841
spoof	spoof	0.00037615957649952204
spoof	spoof	0.0003976241750364408
spoof	spoof	0.00041661072833134465
spoof	spoof	0.00037606563534548225
spoof	spoof	0.0003748515352277707
spoof	spoof	0.00043792762600769665
spoof	spoof	0.0003815471773705965
spoof	spoof	0.00039270759957805887
spoof	spoof	0.0003771575331375996
spoof	spoof	0.0003760534462279751
spoof	spoof	0.00038070170865385646
spoof	spoof	0.0003726981726152298
spoof	spoof	0.0007127371540533918
spoof	spoof	0.0003776812209637262
spoof	spoof	0.0003803395888204965
spoof	spoof	0.0003808861203157158
spoof	spoof	0.000393442234204171
bonafide	bonafide	0.9992017503542454
spoof	spoof	0.00047700419985786995
spoof	spoof	0.0004185212928251625
bonafide	bonafide	0.9993164806964929
spoof	spoof	0.00039917448336695293
spoof	spoof	0.0003803910789681679
spoof	spoof	0.000399117407872074
bonafide	bonafide	0.9993024279295242
spoof	spoof	0.0004182546690078511
spoof	spoof	0.0003912355413611529
spoof	spoof	0.00037724032856085196
spoof	spoof	0.00040341252117682215
spoof	spoof	0.0003726673515963671
spoof	spoof	0.00038098335353649814
spoof	spoof	0.0003739855999581739
spoof	spoof	0.0003743614790579937
spoof	spoof	0.000375380968663658
spoof	spoof	0.00039836002846934846
spoof	spoof	0.00038302232044943013
spoof	spoof	0.00037783355232551106
spoof	spoof	0.00037748972352408266
spoof	spoof	0.0009418582893733616
spoof	spoof	0.00038661283306023136
spoof	spoof	0.0003739041423904997
spoof	spoof	0.0003724632155935574
spoof	spoof	0.00037530958301690336
spoof	spoof	0.0003757659513999793
spoof	spoof	0.0003882350340480796
spoof	spoof	0.00038541061930429116
spoof	spoof	0.00037405842770079544
spoof	bonafide	0.9966177425493065
spoof	spoof	0.0003756306567587543
spoof	spoof	0.0003758616092910617
spoof	spoof	0.00037352106641687756
spoof	spoof	0.0003770303638338792
spoof	spoof	0.00044795271176080144
spoof	spoof	0.0003975770804665454
spoof	spoof	0.000377064780693251
spoof	spoof	0.000378737638233081
spoof	spoof	0.0003740200955429338
spoof	spoof	0.00038880096799547405
spoof	spoof	0.0003808253961854338
bonafide	bonafide	0.9993029607234823
spoof	spoof	0.00037530976191133496
spoof	spoof	0.00037813019839118116
spoof	spoof	0.00037475345485649526
spoof	spoof	0.0004445167806178971
bonafide	bonafide	0.9993246358631299
spoof	spoof	0.00037494392217029204
spoof	spoof	0.00037445776123518624
spoof	spoof	0.00037381628792029726
spoof	spoof	0.0003806965369760558
bonafide	bonafide	0.9993048030060206
spoof	spoof	0.0003782240240864858
spoof	spoof	0.000377431609579491
spoof	spoof	0.00037704132656573544
spoof	spoof	0.0003765359347080592
spoof	spoof	0.0004229319909772009
spoof	spoof	0.00037823835686086836
spoof	spoof	0.0003725444481509096
spoof	spoof	0.0003764102308445418
spoof	spoof	0.00037638475423337596
spoof	spoof	0.0003773284478774622
bonafide	bonafide	0.9993140281511752
spoof	spoof	0.00037493462883714636
spoof	spoof	0.00037435567971720265
spoof	spoof	0.00039053257434916276
spoof	spoof	0.00037444312546301825
spoof	spoof	0.0003771251750437245
spoof	spoof	0.00038065026719456574
spoof	bonafide	0.9989447685538623
spoof	spoof	0.00048241923955931844
spoof	spoof	0.00038325671983786304
spoof	spoof	0.000373653375187806
spoof	spoof	0.0003734948061157071
spoof	spoof	0.00038366605229952415
bonafide	bonafide	0.9988593004347451
spoof	spoof	0.0003817836769998218
spoof	spoof	0.0003832175367647311
spoof	spoof	0.00037432356191731105
spoof	spoof	0.00038406437999070637
spoof	spoof	0.00037600397680539934
spoof	spoof	0.0004003868827371582
spoof	spoof	0.00037876787784301433
spoof	spoof	0.00038065090223194715
spoof	spoof	0.0003837661899921173
spoof	spoof	0.0003797473191148788
spoof	spoof	0.00037355498499467166
spoof	spoof	0.00041216857096755473
spoof	spoof	0.0003793740812891804
spoof	spoof	0.0005952791040203199
spoof	spoof	0.0003780245033680825
spoof	spoof	0.00037551277255773306
spoof	spoof	0.0003720723042524478
spoof	spoof	0.0003861541556884506
spoof	spoof	0.0016077502148744568
spoof	spoof	0.0003762502232587891
spoof	spoof	0.00037326308335253053
spoof	spoof	0.00037853342610304707
bonafide	bonafide	0.9993058321478788
bonafide	bonafide	0.9992920298450175
spoof	spoof	0.00039133998558208696
spoof	spoof	0.0004815523990173414
bonafide	bonafide	0.9992860609475438
spoof	spoof	0.0003827304120705481
spoof	spoof	0.0003760110562695142
spoof	spoof	0.00038928217774615185
spoof	spoof	0.0003758770171446873
spoof	spoof	0.00038821162554671226
spoof	spoof	0.00037521460211242
spoof	spoof	0.00038040485920357703
spoof	spoof	0.00038013315431297933
spoof	spoof	0.0003744700771450579
spoof	spoof	0.00038075506269242805
spoof	spoof	0.0003756319996164584
bonafide	bonafide	0.9993169368564947
spoof	spoof	0.0003872024254543957
spoof	spoof	0.00038112820530720223
spoof	spoof	0.00037510864895809313
spoof	bonafide	0.9988031040762028
spoof	spoof	0.00037467549122890904
spoof	spoof	0.00037762586750898444
spoof	spoof	0.0004014462187211853
bonafide	bonafide	0.9990786853251601
spoof	spoof	0.00037429626395314654
spoof	spoof	0.0003789063790085439
spoof	spoof	0.0004074381363750969
spoof	spoof	0.00037889716810320356
spoof	spoof	0.0003776606987369243
spoof	spoof	0.0003792874731094685
spoof	spoof	0.0003780314406692767
bonafide	bonafide	0.9993043288038269
spoof	spoof	0.0003841146348478137
spoof	spoof	0.0003774212651556099
spoof	spoof	0.0004085166075977742
spoof	spoof	0.00037636860797790763
spoof	spoof	0.0003806324865778447
spoof	spoof	0.0003738632420524697
spoof	spoof	0.0003811679924178155
spoof	spoof	0.00037902587015072026
bonafide	bonafide	0.999304603555722
spoof	spoof	0.00037832319276068525
spoof	spoof	0.00038549853325650033
spoof	spoof	0.0005133654042880714
bonafide	bonafide	0.9992831076274763
spoof	spoof	0.0004685811556981176
spoof	spoof	0.00038512276565910817
spoof	spoof	0.00040661642113760536
spoof	spoof	0.0003752626261764276
spoof	spoof	0.0003773211637662066
spoof	spoof	0.0003807762975011625
spoof	spoof	0.0003745990615363477
spoof	spoof	0.00037513001600484745
spoof	spoof	0.0003804753093869267
spoof	spoof	0.000376956957684878
spoof	spoof	0.00038309754639265155
spoof	spoof	0.000378165256374703
spoof	spoof	0.0003729373663483611
spoof	spoof	0.0003771138503664986
spoof	spoof	0.0008918882496517961
bonafide	bonafide	0.9993146027158503
spoof	spoof	0.0003790824225489762
spoof	spoof	0.000376895422536399
spoof	spoof	0.0003802053664631411
bonafide	bonafide	0.9993167797907776
spoof	spoof	0.000376906381346111
spoof	spoof	0.0003795452764594711
spoof	spoof	0.0003755253021510072
spoof	spoof	0.0003737726356666352
spoof	spoof	0.0003745383574679884
spoof	spoof	0.00038945236605827813
bonafide	bonafide	0.9992435404682866
spoof	spoof	0.0003800967363223003
bonafide	bonafide	0.999301527719117
spoof	spoof	0.00037569699966656656
spoof	spoof	0.0003761831551083654
spoof	spoof	0.0003998005657774361
spoof	spoof	0.0003804709568741095
bonafide	bonafide	0.9993238153649846
spoof	spoof	0.00037614989445686333
bonafide	bonafide	0.9993227539728039
spoof	spoof	0.0004037503140093184
spoof	spoof	0.0003767467914587068
spoof	spoof	0.00037553031410533176
spoof	spoof	0.0003770542665936724
spoof	spoof	0.0003787093866887756
spoof	spoof	0.000383499671176399
spoof	spoof	0.00037748297609017256
spoof	spoof	0.00037745292898174306
spoof	spoof	0.0003786912454340373
spoof	spoof	0.00037513403922506737
spoof	spoof	0.00038755352724831907
spoof	spoof	0.00041111514510292917
spoof	spoof	0.00040015593401075
spoof	spoof	0.00037242912982790496
spoof	spoof	0.00037960896303541024
spoof	spoof	0.000374571654217193
spoof	spoof	0.0003988675133036881
spoof	spoof	0.0003793816762684427
spoof	spoof	0.0003776715897798756
spoof	spoof	0.0003724413790409808
spoof	spoof	0.0003749227444293146
spoof	spoof	0.00037834086554339625
spoof	spoof	0.0003771661624313476
spoof	spoof	0.0003779322583701972
spoof	spoof	0.0003753859786923568
spoof	bonafide	0.8233076593428922
spoof	spoof	0.00037366993934203886
spoof	spoof	0.0003738597670664999
spoof	spoof	0.0004054428475109027
spoof	spoof	0.0003894503241002322
spoof	spoof	0.0003749589349640978
spoof	spoof	0.0003743773607894081
spoof	spoof	0.000376615272656168
spoof	spoof	0.00038116563050995034
spoof	spoof	0.00037488262616471594
bonafide	bonafide	0.9992813861425914
spoof	spoof	0.00038645235840118776
spoof	spoof	0.00037563960923409296
bonafide	bonafide	0.999303064012167
spoof	spoof	0.00038426992634865405
spoof	spoof	0.0003800980951399075
spoof	spoof	0.00037850771563273394
spoof	spoof	0.0003806537145530804
spoof	spoof	0.00038100133214347224
spoof	spoof	0.00038016984760681977
spoof	spoof	0.0003917352606610379
bonafide	bonafide	0.9993220119623897
spoof	spoof	0.0003741178057248705
spoof	spoof	0.00037971582487727746
spoof	spoof	0.00038885619807113114
spoof	spoof	0.0003807923605146702
spoof	spoof	0.0003745222903900743
bonafide	bonafide	0.999304640998426
spoof	spoof	0.0003827627948063794
spoof	spoof	0.00038379189163962886
spoof	spoof	0.0003794772594146727
spoof	spoof	0.00037953261278862873
spoof	spoof	0.0003752587804478021
spoof	spoof	0.0003793960528953281
spoof	spoof	0.00037614630857835644
spoof	spoof	0.0003806684115368815
spoof	spoof	0.00044668916009808047
spoof	bonafide	0.996682967190955
spoof	spoof	0.00037603713493860637
spoof	spoof	0.00038424556633933536
spoof	spoof	0.00037382484079556867
spoof	spoof	0.0003798512324148546
spoof	spoof	0.0003795046637528544
spoof	spoof	0.00037548905697175474
spoof	spoof	0.000383886847163145
spoof	spoof	0.00037857131839922205
spoof	spoof	0.00038125030496051043
spoof	spoof	0.0003953020765386539
spoof	spoof	0.0003776206476016585
spoof	spoof	0.0003849460281829748
spoof	spoof	0.000377813021824543
spoof	spoof	0.00037819698259450085
spoof	spoof	0.00038070461208270076
bonafide	bonafide	0.9993245769672802
spoof	spoof	0.0003774216249569005
spoof	spoof	0.0003729166574084813
spoof	spoof	0.00038355707365423264
spoof	bonafide	0.9977193331809097
spoof	spoof	0.00037300696747505466
spoof	spoof	0.0003798493313066116
spoof	spoof	0.0014237880581365197
spoof	spoof	0.0003757783998789051
spoof	spoof	0.00037679986084474253
spoof	spoof	0.00038048274504479964
bonafide	bonafide	0.9992992848824086
spoof	spoof	0.0004495235444364694
spoof	bonafide	0.7533777031041146
spoof	spoof	0.0004135496087543255
bonafide	bonafide	0.9993101462285918
spoof	spoof	0.0028701361040348104
spoof	spoof	0.0003742129550223451
spoof	spoof	0.0003948234964044919
bonafide	bonafide	0.9993189869505023
spoof	spoof	0.00037404086573640234
bonafide	bonafide	0.9993037089711734
spoof	spoof	0.0003771378482998756
spoof	spoof	0.00037864395589885433
spoof	spoof	0.0003733381728345553
spoof	spoof	0.00038513231142364766
spoof	spoof	0.0003733773249978532
spoof	spoof	0.00037448230420973356
spoof	spoof	0.0004432378816237644
bonafide	bonafide	0.998013345017289
spoof	spoof	0.00042439580256743383
spoof	spoof	0.0003783290535410464
bonafide	bonafide	0.9993129081905753
spoof	spoof	0.00037503910272939576
spoof	spoof	0.0004789645173121376
spoof	spoof	0.0003801192933233234
spoof	spoof	0.0003736987057195849
spoof	spoof	0.00038249715488323794
spoof	spoof	0.0004563241751756228
spoof	spoof	0.0003769518368588122
spoof	spoof	0.00039955510000125023
spoof	spoof	0.00037640583510900426
spoof	spoof	0.00037737755185032843
spoof	spoof	0.0003796833378682378
spoof	spoof	0.0003876751899207307
spoof	spoof	0.000376081499714898
spoof	spoof	0.00037882944773121155
spoof	spoof	0.0003785567023500901
spoof	spoof	0.0003751065033804498
spoof	spoof	0.00037874088774706566
spoof	spoof	0.0003779387436111175
spoof	spoof	0.00037443286291507453
bonafide	bonafide	0.9992460011161383
bonafide	bonafide	0.9991919729729952
spoof	spoof	0.0004487335377896193
bonafide	bonafide	0.9993188288952314
spoof	spoof	0.00037697070340395375
bonafide	bonafide	0.9992299585384414
spoof	spoof	0.00037871408009015087
spoof	spoof	0.0003756499943726905
spoof	bonafide	0.9987497822352062
spoof	spoof	0.0004083752679949726
spoof	spoof	0.00039133280414976765
spoof	spoof	0.0006312973042194967
spoof	spoof	0.00037477006775927136
spoof	spoof	0.00042731602767926384
bonafide	bonafide	0.9993205764966325
spoof	spoof	0.000407044386938965
spoof	spoof	0.0003896095361167614
spoof	spoof	0.0003724238929683966
spoof	spoof	0.007844899365847396
spoof	spoof	0.0006120215261669775
spoof	spoof	0.0003766791859586067
spoof	spoof	0.0003730354161175417
spoof	spoof	0.0003780796449123914
spoof	spoof	0.0003804650629256715
spoof	spoof	0.0003743993108077163
spoof	spoof	0.0003773896039846935
spoof	spoof	0.0003805415099875788
spoof	spoof	0.00037485519810650245
spoof	spoof	0.0003741784416569623
spoof	spoof	0.00046257789518746104
spoof	spoof	0.00037868844760639863
bonafide	bonafide	0.999283045454336
bonafide	bonafide	0.999304326151893
spoof	spoof	0.0003885752178644103
spoof	spoof	0.0003744564225737285
spoof	spoof	0.00037654858817030303
spoof	spoof	0.00037402615711115705
spoof	spoof	0.0004288621497017782
spoof	spoof	0.00037477230073243456
spoof	spoof	0.0003783790091062527
bonafide	bonafide	0.9993149266254396
spoof	spoof	0.0003800595066091003
spoof	spoof	0.00037947138085394873
spoof	spoof	0.0003749382031687988
spoof	spoof	0.0003748116925656262
spoof	spoof	0.0003749539306327317
spoof	spoof	0.0003794777116154221
spoof	spoof	0.0003753801634867086
spoof	spoof	0.0003828400683408342
spoof	spoof	0.0003843906502242535
spoof	spoof	0.0003761362683003297
spoof	spoof	0.0003783633183809696
spoof	spoof	0.00037692776092448303
spoof	spoof	0.0003797479526464476
spoof	spoof	0.00038309590294970894
spoof	spoof	0.00037364384667896495
spoof	spoof	0.00040984712347027775
spoof	spoof	0.0003803051450762655
spoof	spoof	0.0003937395879610926
spoof	spoof	0.000380135509825498
spoof	spoof	0.00043774982522913494
spoof	spoof	0.00037779438325658677
spoof	spoof	0.00037820554552452345
spoof	spoof	0.0003801194745094717
spoof	bonafide	0.9978219757795471
spoof	spoof	0.00037406466819118735
spoof	spoof	0.0003779360414138817
spoof	spoof	0.00042507540591310024
spoof	spoof	0.0003750905907291594
spoof	spoof	0.00038227050824088344
spoof	spoof	0.00037409587220426705
spoof	spoof	0.0003879667998405356
spoof	spoof	0.00037734868225738113
spoof	spoof	0.00037570828181195185
spoof	spoof	0.00043567063155217485
spoof	spoof	0.00037372391151689437
spoof	spoof	0.00038801442100431133
spoof	spoof	0.00037777718616621215
spoof	spoof	0.00038295568844189825
spoof	spoof	0.0003776275774943099
spoof	spoof	0.0003736061802791027
spoof	spoof	0.00037880507135926465
spoof	spoof	0.0005329755527585216
spoof	spoof	0.00037619131383036155
spoof	spoof	0.00038706910307104896
spoof	spoof	0.0003794863939742665
spoof	spoof	0.0003733511637792212
spoof	spoof	0.000377972072298367
spoof	spoof	0.0003747748909979656
spoof	spoof	0.0003789570429890253
spoof	spoof	0.0003782615248203201
spoof	spoof	0.00037481535505517967
spoof	spoof	0.0003857471340927887
spoof	spoof	0.00037669489664646363
spoof	spoof	0.0003735162593084943
spoof	spoof	0.00037441572954856084
spoof	spoof	0.00038102303472299865
spoof	spoof	0.00037411085105477167
spoof	spoof	0.00037474309449414377
spoof	spoof	0.0003765358449687101
bonafide	bonafide	0.999295651427767
spoof	spoof	0.0003747427372453763
spoof	spoof	0.0003765071294750419
spoof	spoof	0.00037684700996781095
spoof	spoof	0.0003742803856607113
spoof	spoof	0.00037397704340621076
spoof	spoof	0.00038481238189320115
spoof	spoof	0.0003837626229955136
spoof	bonafide	0.9981968262969253
spoof	spoof	0.00037801071923816866
spoof	spoof	0.00038220264062825183
bonafide	bonafide	0.9992901148386962
spoof	spoof	0.000376336586619604
spoof	spoof	0.00037704887486141606
spoof	spoof	0.00038437727530271523
spoof	spoof	0.00037429572871884
spoof	spoof	0.00037816417484592393
spoof	spoof	0.00037362069430516996
spoof	spoof	0.0003884994722673004
spoof	spoof	0.00037532425264338214
spoof	spoof	0.0003785941458266092
spoof	spoof	0.0006276269795155336
spoof	spoof	0.0003900611606730234
spoof	spoof	0.0003965915553524164
spoof	spoof	0.00037856581475895245
spoof	spoof	0.00038256416301647684
spoof	spoof	0.00041974321002753636
bonafide	bonafide	0.9993218224549604
spoof	spoof	0.0003928427697020556
bonafide	bonafide	0.9993161158100202
spoof	spoof	0.00037733726094072193
spoof	spoof	0.00040099097391207533
spoof	spoof	0.0003943353454952659
spoof	spoof	0.0003773959899730212
spoof	spoof	0.0003771196025410198
spoof	spoof	0.0003744154618459275
spoof	spoof	0.00038459096324905986
spoof	spoof	0.00037526754518906917
spoof	spoof	0.00038705600397081184
spoof	spoof	0.00038011286127099175
spoof	spoof	0.000392570604753291
spoof	spoof	0.0003866483086048354
spoof	spoof	0.0003836473079631672
spoof	spoof	0.0003755368476461871
spoof	spoof	0.00037476703093711254
bonafide	bonafide	0.9993225264188679
spoof	spoof	0.0003873919236727827
spoof	spoof	0.00039186990945181083
spoof	spoof	0.0003757517122784713
bonafide	bonafide	0.9993103715300542
spoof	spoof	0.00038824521209745126
spoof	spoof	0.00038269411017510124
spoof	spoof	0.0004019657762931345
spoof	spoof	0.00039164891182644684
spoof	spoof	0.00037434327835133505
bonafide	bonafide	0.9992967636430391
bonafide	bonafide	0.9993225974368068
spoof	spoof	0.00037987558554741264
bonafide	bonafide	0.9993073527089356
spoof	spoof	0.0003824641565503135
spoof	spoof	0.000376768610961633
bonafide	bonafide	0.9993280869215974
spoof	spoof	0.000377647827909107
spoof	spoof	0.00038965800889837913
spoof	spoof	0.0003870146801363192
bonafide	bonafide	0.9992720222727212
spoof	spoof	0.00037377040864746216
bonafide	bonafide	0.9992956249130506
spoof	spoof	0.00038989014889985295
spoof	spoof	0.0003768551830821723
spoof	spoof	0.00037365257371508936
spoof	spoof	0.0004178142246489105
spoof	spoof	0.00038921918795484174
spoof	spoof	0.00038201722761614583
spoof	spoof	0.00037868772558971705
bonafide	bonafide	0.9993151022301661
spoof	spoof	0.0003750862997926446
spoof	spoof	0.000517683706233564
spoof	spoof	0.0003944855538031717
spoof	spoof	0.0003768171032686329
spoof	spoof	0.00039638612795318866
bonafide	bonafide	0.9992614226076412
spoof	spoof	0.00038412177541543815
spoof	spoof	0.00037524670690463073
spoof	spoof	0.0004304491505915606
spoof	spoof	0.005220821539588739
spoof	spoof	0.00037463870302941225
spoof	spoof	0.0003725428499626321
spoof	spoof	0.00038972608526015036
bonafide	bonafide	0.9992659523229026
spoof	spoof	0.0006142646674294729
spoof	spoof	0.0003756221521047341
spoof	spoof	0.0003771555556189121
bonafide	bonafide	0.9991870459884851
bonafide	bonafide	0.9993138743404402
spoof	spoof	0.00037948313806642956
spoof	spoof	0.00037567363058558953
spoof	spoof	0.00037770624518713633
spoof	spoof	0.000375922706933993
spoof	spoof	0.0003765467035851579
bonafide	bonafide	0.9993042629997323
spoof	spoof	0.0004317068033379959
spoof	spoof	0.0003769256049456553
spoof	spoof	0.0003784663119132401
spoof	spoof	0.00038080397712726623
spoof	spoof	0.0003728085096524484
spoof	bonafide	0.9958474097073085
spoof	spoof	0.0003792699369076564
spoof	spoof	0.00038469959374624933
spoof	spoof	0.00037801162014634615
spoof	spoof	0.0003809085425830086
bonafide	bonafide	0.999230100699711
spoof	spoof	0.0003724289523060383
spoof	spoof	0.00037952682382263303
spoof	spoof	0.0005381269000923288
spoof	spoof	0.00038460663714898424
spoof	spoof	0.00037317119935522514
spoof	spoof	0.00037954446235364186
spoof	spoof	0.0003829077753257523
spoof	spoof	0.0003811995162041707
spoof	spoof	0.00046757010595194974
spoof	spoof	0.00045796396561495424
spoof	spoof	0.0003774679522370954
spoof	spoof	0.0003833475230481074
spoof	spoof	0.0004245250803181583
spoof	spoof	0.00037449024755318097
spoof	spoof	0.00037803468412648015
spoof	spoof	0.0003840653868540985
bonafide	bonafide	0.9993064210088718
spoof	spoof	0.0003805699888558109
spoof	spoof	0.00038125875526675494
spoof	spoof	0.00040916630769133533
spoof	spoof	0.00037505858867607674
spoof	spoof	0.00039112963354388976
bonafide	bonafide	0.9992447502023575
spoof	spoof	0.00037644441168182614
spoof	spoof	0.0003780680212710845
spoof	spoof	0.0003761814516612583
spoof	spoof	0.00037446998789787776
spoof	spoof	0.000409685600644688
spoof	spoof	0.00038081033011211574
spoof	spoof	0.00039631915554449304
spoof	spoof	0.22907115355668958
spoof	spoof	0.00038112393616070216
spoof	spoof	0.00037763270749672844
spoof	spoof	0.00039372082083401514
spoof	spoof	0.0003764425276178767
spoof	spoof	0.00037572395202016654
spoof	spoof	0.0003731220200215315
spoof	spoof	0.0003774232440669513
bonafide	bonafide	0.9993282061772678
spoof	spoof	0.00037733618177906357
spoof	spoof	0.0003786457607345857
spoof	spoof	0.0003922229049777467
spoof	spoof	0.00039186990945181083
spoof	spoof	0.00039156192878383794
spoof	spoof	0.0003827600581312112
spoof	spoof	0.00037991234453197824
spoof	spoof	0.00037702964497734836
spoof	spoof	0.0003847769830300087
spoof	spoof	0.0003799400519292887
bonafide	bonafide	0.9993094228280205
bonafide	bonafide	0.9991439156405073
spoof	spoof	0.0003964207048791009
bonafide	bonafide	0.9993267629651197
spoof	spoof	0.00037888290067210746
spoof	spoof	0.0003738602125757173
spoof	spoof	0.00040569540962752154
spoof	spoof	0.0003916600194208446
spoof	spoof	0.0003791025702490707
spoof	spoof	0.0003779173067108543
bonafide	bonafide	0.9993032222367054
spoof	spoof	0.0003866412132356063
spoof	spoof	0.00038476139388959744
spoof	spoof	0.00037366806915883563
spoof	spoof	0.00037643544003316106
spoof	spoof	0.00037581736001273666
spoof	spoof	0.0003752880268618631
spoof	spoof	0.0006107801856103585
spoof	spoof	0.000404278729590549
bonafide	bonafide	0.9993016847948205
spoof	spoof	0.00037663861052684717
spoof	spoof	0.000380767131904323
spoof	spoof	0.00038267130923699946
spoof	spoof	0.0003771785673868805
spoof	spoof	0.00037393248119521047
spoof	spoof	0.00037570192437091704
spoof	spoof	0.0006011829462432721
spoof	spoof	0.0003789000577749014
spoof	spoof	0.0003897065805853951
spoof	spoof	0.00038033868236622486
spoof	spoof	0.0003746638829119495
spoof	spoof	0.001562616458176672
spoof	spoof	0.00040010482086632823
spoof	spoof	0.0003820032069109337
bonafide	bonafide	0.9992939938534681
spoof	spoof	0.00038893785286652757
spoof	spoof	0.0003765376397597527
spoof	spoof	0.00038842688887224245
spoof	spoof	0.001159762387472387
bonafide	bonafide	0.9993103136916192
spoof	spoof	0.0003729017263539046
spoof	spoof	0.0003768630869217299
spoof	spoof	0.00038926009769040676
spoof	spoof	0.00039478830603418424
spoof	spoof	0.00038211720833332787
spoof	spoof	0.0003768665898127076
bonafide	bonafide	0.9993158418544239
spoof	spoof	0.0003783431197842072
spoof	spoof	0.0003814480730209715
spoof	spoof	0.0003957637869454063
spoof	spoof	0.00037772586965845894
spoof	spoof	0.00037671177514380684
spoof	spoof	0.00038577186507923067
spoof	spoof	0.0003739451363234382
spoof	spoof	0.00037757655126315575
spoof	spoof	0.00039005465341858256
spoof	spoof	0.0009696244737206129
spoof	spoof	0.0003759482418813484
spoof	spoof	0.0004087235460630574
spoof	spoof	0.0003779172166424091
spoof	spoof	0.0003770927298529323
spoof	spoof	0.00037610363924688386
spoof	spoof	0.0003758188826746598
spoof	spoof	0.0003794249886381442
spoof	spoof	0.00038240737326447686
spoof	spoof	0.00038313525621392903
spoof	spoof	0.00040705884130434625
spoof	spoof	0.0003779552274324861
spoof	spoof	0.0004048625412804411
spoof	spoof	0.0004214841748012152
spoof	spoof	0.0004665067592574555
spoof	spoof	0.0003797585418305073
spoof	spoof	0.0003732395987471152
spoof	spoof	0.00037681333142101274
spoof	spoof	0.0005204099907450229
spoof	spoof	0.00038129946474171797
bonafide	bonafide	0.9992661502628098
spoof	spoof	0.00037486627629894126
bonafide	bonafide	0.99931823789184
spoof	spoof	0.00037688967377998796
spoof	spoof	0.000379675103441059
spoof	spoof	0.00037679456254998436
spoof	spoof	0.0009321656053752792
spoof	spoof	0.0003808561654992882
spoof	spoof	0.000372818638842561
spoof	spoof	0.0003783733279064639
spoof	spoof	0.0003754929050594145
spoof	spoof	0.00038828796281754424
spoof	spoof	0.00038580386142062666
spoof	spoof	0.0003800115028709492
spoof	spoof	0.00040871916275093777
bonafide	bonafide	0.9966736618927737
spoof	spoof	0.000454376125818638
bonafide	bonafide	0.9992724673496536
spoof	spoof	0.0003938588739534277
bonafide	bonafide	0.9993276298725383
spoof	spoof	0.00047093661988932025
bonafide	bonafide	0.9992830403299359
bonafide	bonafide	0.9993179233472504
spoof	spoof	0.0004204482305967674
spoof	spoof	0.0003899905162883728
spoof	spoof	0.0003960853603572344
spoof	spoof	0.00037445793972374204
spoof	spoof	0.00037466513302111717
spoof	spoof	0.0003838229005435501
spoof	spoof	0.00037580079026698507
spoof	spoof	0.0003764300571465563
spoof	spoof	0.00037336566790198953
spoof	spoof	0.008645922933685409
spoof	spoof	0.0003798254324714756
spoof	spoof	0.0003806921819334313
spoof	bonafide	0.9908308821119666
spoof	spoof	0.0003731020122012174
spoof	spoof	0.00038219990795653933
bonafide	bonafide	0.9993186475895941
spoof	spoof	0.0004095476632862638
spoof	spoof	0.0003796812566225322
spoof	spoof	0.0003790573975241318
spoof	spoof	0.00047672510204922313
bonafide	bonafide	0.999289068509306
spoof	spoof	0.0003946605555931212
spoof	spoof	0.00037592620108755406
spoof	spoof	0.00037693135424992345
spoof	spoof	0.0003793262544955134
spoof	spoof	0.00037411308010162794
spoof	spoof	0.00038518408295839406
spoof	spoof	0.0003770168855019146
spoof	spoof	0.00037440636007023457
spoof	spoof	0.0003745431777257207
spoof	spoof	0.000383385988435841
spoof	spoof	0.00037433471361898295
spoof	spoof	0.000657053632527676
spoof	spoof	0.00038275120968202735
spoof	spoof	0.0003732319487779386
spoof	spoof	0.0003774563473945036
spoof	spoof	0.0003794117864318519
spoof	spoof	0.0003738572722246895
bonafide	bonafide	0.9993080268405184
spoof	spoof	0.0004395246954068319
spoof	spoof	0.0004047112768643623
spoof	spoof	0.00038611992175775864
spoof	spoof	0.00037294643242630833
spoof	spoof	0.0003770000831892445
spoof	spoof	0.0004061522181906713
spoof	spoof	0.0003778285996903224
bonafide	bonafide	0.9993103035036653
spoof	spoof	0.0003795860744426044
spoof	spoof	0.0003734484322611366
spoof	spoof	0.0003754908467750649
spoof	spoof	0.0003820193216617237
spoof	spoof	0.0003855318851716405
spoof	spoof	0.0003723306181945975
spoof	spoof	0.0003969034904719871
spoof	spoof	0.00037693881050945827
spoof	spoof	0.00037887224559919483
spoof	spoof	0.000377148993926613
spoof	spoof	0.00037628098176868484
spoof	spoof	0.0003843230475114183
bonafide	bonafide	0.9992697665338799
spoof	spoof	0.00037516479593369345
spoof	spoof	0.0003800807026412408
spoof	spoof	0.0003753294408192121
spoof	spoof	0.0003791648270810282
spoof	spoof	0.0003783960532172425
spoof	spoof	0.0003927650692808813
spoof	spoof	0.0003873326551368095
spoof	spoof	0.0003858932445653254
spoof	spoof	0.0003803899004185668
spoof	spoof	0.0003770137406270944
spoof	spoof	0.0003747318413215069
spoof	spoof	0.0003783069633810245
spoof	spoof	0.0003785535446357988
spoof	spoof	0.00037222015640867717
spoof	spoof	0.0003936045784078435
spoof	spoof	0.00038465586284567747
spoof	spoof	0.00038110785916562856
spoof	spoof	0.00037735965424133625
spoof	spoof	0.0003763461837717179
bonafide	bonafide	0.9993104186845094
spoof	spoof	0.00037574257803168316
spoof	spoof	0.00037423079263410356
spoof	spoof	0.00038472554126257126
spoof	spoof	0.00037300696747505466
spoof	spoof	0.00037439493854699756
spoof	spoof	0.0003757947895121721
spoof	spoof	0.00042315046405519955
spoof	spoof	0.00037613510292826833
spoof	spoof	0.0003739572571293165
spoof	spoof	0.0003757119530592751
spoof	spoof	0.00038504815163101886
spoof	spoof	0.00037825260002983835
spoof	spoof	0.0003904570056851542
spoof	spoof	0.00039436476226895783
spoof	spoof	0.0003747920407936435
spoof	spoof	0.000373653375187806
bonafide	bonafide	0.9992683882307728
spoof	spoof	0.0003757521600413738
spoof	spoof	0.0003770123928316274
spoof	spoof	0.000575356217372474
spoof	spoof	0.00038039506793236335
spoof	spoof	0.0003840997133207567
spoof	spoof	0.00037424961223586314
spoof	spoof	0.00038277328557572067
spoof	spoof	0.00048818938337615557
spoof	spoof	0.00037553487862191254
spoof	spoof	0.0003834567163417515
spoof	spoof	0.00037845106854685447
spoof	spoof	0.0003852889324419068
spoof	spoof	0.00039615569214344627
spoof	spoof	0.00038476295277522756
spoof	spoof	0.000377837424430951
spoof	spoof	0.0003755567174686542
spoof	spoof	0.00038136317288470207
bonafide	bonafide	0.9993155746380515
spoof	spoof	0.0003798453480630389
spoof	spoof	0.0003795853507151353
spoof	spoof	0.0003793759800197469
bonafide	bonafide	0.9993141482663043
spoof	spoof	0.00037235298071208625
spoof	spoof	0.00037972098323738333
spoof	spoof	0.0003754376932511894
bonafide	bonafide	0.9993132589164
spoof	spoof	0.00037665638418262447
spoof	spoof	0.00037480856607845843
spoof	spoof	0.0003760079197816318
bonafide	bonafide	0.9992847484826075
spoof	spoof	0.0003829925628058651
spoof	spoof	0.0003772186615540065
spoof	spoof	0.0003726905337390589
bonafide	bonafide	0.9992942849583138
spoof	spoof	0.0003782176240921389
spoof	spoof	0.0003787347497996024
spoof	spoof	0.00047499450914111
spoof	bonafide	0.9968699162769359
spoof	spoof	0.00039127339917124476
spoof	spoof	0.0003775857300767227
spoof	bonafide	0.9989919095609584
spoof	spoof	0.00037661069501266123
spoof	spoof	0.000378162913066256
bonafide	bonafide	0.9992969567978774
spoof	spoof	0.0003782188860542866
spoof	spoof	0.00037781113091343534
spoof	spoof	0.0007359742523475235
spoof	spoof	0.00037687332623298817
spoof	spoof	0.00037747802804859534
bonafide	bonafide	0.9992854658783112
spoof	spoof	0.00037692937791669373
spoof	spoof	0.0003977680517328656
spoof	spoof	0.0003734948061157071
bonafide	bonafide	0.9993222279007823
bonafide	bonafide	0.999303637633477
spoof	spoof	0.0004369773768853171
spoof	spoof	0.0003758247942441031
spoof	spoof	0.0003718405774977927
bonafide	bonafide	0.99931882694771
spoof	spoof	0.00038409843174422667
bonafide	bonafide	0.9992113403816325
spoof	spoof	0.00037890619840040535
spoof	spoof	0.00037257490382607017
spoof	spoof	0.00041475543510859146
spoof	spoof	0.00037513654258386145
spoof	spoof	0.00037768446141722863
spoof	spoof	0.0003879375827565543
spoof	spoof	0.000385385176686286
spoof	bonafide	0.9991783346895929
spoof	spoof	0.0003861519469562053
spoof	spoof	0.00038044475217180603
spoof	spoof	0.00038683375582321565
spoof	spoof	0.00038206785210593885
spoof	spoof	0.00038025203530859674
spoof	spoof	0.0003762070938385148
spoof	spoof	0.0003792637903895739
spoof	spoof	0.0003784257244264035
spoof	spoof	0.0003778901070156397
spoof	spoof	0.0003825596042681119
spoof	spoof	0.00038029780352342367
spoof	spoof	0.00041808216200168937
bonafide	bonafide	0.9993124698182333
spoof	spoof	0.00037413617380831167
spoof	spoof	0.0003734286739414109
spoof	spoof	0.0003765506522505661
bonafide	bonafide	0.9992917524911171
spoof	spoof	0.00037574705557590304
spoof	spoof	0.0003820154067162745
spoof	spoof	0.00037994693381823165
spoof	spoof	0.000378707942576973
spoof	spoof	0.00040416274251950883
spoof	spoof	0.0003797005312037747
spoof	spoof	0.00043614506620163893
spoof	spoof	0.00037586590909367737
spoof	spoof	0.0003740853517034067
bonafide	bonafide	0.9993228570731584
spoof	spoof	0.000377482076441427
spoof	spoof	0.0003814041662021317
bonafide	bonafide	0.9993174571127675
spoof	spoof	0.0003836463936287129
bonafide	bonafide	0.9989385846068263
spoof	spoof	0.0003901323757201886
spoof	spoof	0.0003809500317955498
spoof	spoof	0.00037712823096725017
spoof	spoof	0.00037582604822532874
spoof	spoof	0.00038672415425344603
bonafide	bonafide	0.9992924579782241
spoof	spoof	0.0003788688143682898
spoof	spoof	0.0003816634986892741
spoof	spoof	0.00038179878156714415
spoof	spoof	0.0003855111202795555
spoof	spoof	0.00037225111789360323
spoof	spoof	0.00039635136512178185
spoof	spoof	0.0004586393668499573
spoof	bonafide	0.9989136927151968
spoof	spoof	0.00038122395574532444
spoof	spoof	0.00037604896503406164
spoof	spoof	0.0003758774650568527
bonafide	bonafide	0.9992996161927952
spoof	spoof	0.00037884777618425595
spoof	spoof	0.00037342555898636645
bonafide	bonafide	0.9992945640103166
spoof	spoof	0.0003784388021414616
spoof	spoof	0.0003759216318163519
spoof	spoof	0.00037700107153985696
spoof	spoof	0.0003731572363902831
spoof	spoof	0.0003838134786943138
spoof	spoof	0.0003730916974772937
spoof	spoof	0.0003782792848780811
spoof	spoof	0.0003736315579327498
spoof	spoof	0.0003745011364549592
bonafide	bonafide	0.9993207187717398
spoof	spoof	0.00037641247358652423
spoof	spoof	0.00038825446510106393
spoof	spoof	0.004488139654739836
spoof	spoof	0.00037861183126167955
spoof	spoof	0.0003776292874873758
bonafide	bonafide	0.9993076844959801
spoof	spoof	0.00037797054091591285
spoof	spoof	0.0003744981018111776
spoof	spoof	0.00039171350829683693
bonafide	bonafide	0.9992524277623106
spoof	spoof	0.00037590147392967035
spoof	spoof	0.0003826753221036346
spoof	spoof	0.00037325667831365685
spoof	spoof	0.0004079471673691402
spoof	spoof	0.000376034446332432
spoof	spoof	0.00040350127022067495
spoof	spoof	0.00037808243824377256
bonafide	bonafide	0.9992278779709646
spoof	spoof	0.0003741369763179466
spoof	spoof	0.00038168014490403334
spoof	spoof	0.0003835691402355262
spoof	spoof	0.0004343565090989859
spoof	spoof	0.00038001892946806196
spoof	spoof	0.0003728438741616778
spoof	spoof	0.00037447623525183727
spoof	spoof	0.0003767912399285556
spoof	spoof	0.00039106792935305945
spoof	spoof	0.000376937193476798
spoof	spoof	0.0003866344865771768
spoof	spoof	0.0003773597441769486
spoof	spoof	0.0003889021673346359
spoof	spoof	0.00041038566675556437
spoof	spoof	0.00037716697143775507
spoof	spoof	0.0005438331735663376
spoof	spoof	0.00037922492500729206
spoof	spoof	0.00037485144588971203
bonafide	bonafide	0.9993032896331068
spoof	spoof	0.00038620017381583153
spoof	spoof	0.0003816684106115931
spoof	spoof	0.00037695749672324595
spoof	spoof	0.0003789790807727853
spoof	spoof	0.00037574956302396364
spoof	spoof	0.00037262711934538486
spoof	spoof	0.0003788988838431173
spoof	spoof	0.0003762982901402539
spoof	spoof	0.00037258138596735506
spoof	spoof	0.00039125810641304885
spoof	spoof	0.0003943734091499187
bonafide	bonafide	0.9992929881065714
spoof	spoof	0.0003838550097467755
spoof	spoof	0.00037609745438818787
spoof	spoof	0.00037581521038287284
spoof	spoof	0.00037457576072365804
spoof	spoof	0.0003903388426243676
spoof	spoof	0.00039360429699082173
spoof	spoof	0.00037679537075962534
spoof	spoof	0.00038037494222156206
bonafide	bonafide	0.9992177684014911
spoof	spoof	0.0003777988852419454
spoof	spoof	0.0003992505015676836
spoof	spoof	0.00041555070745924157
spoof	spoof	0.00037150627314884015
spoof	spoof	0.00037343250092173756
spoof	spoof	0.00044258188119584
spoof	spoof	0.0003958561370887217
spoof	spoof	0.0003785910780290663
spoof	spoof	0.0004312672045729629
spoof	spoof	0.00038589195700685855
spoof	spoof	0.00037499977637826874
spoof	spoof	0.00038403023973004755
spoof	spoof	0.0003772370020100864
spoof	spoof	0.0003740876697544636
spoof	spoof	0.0003988714107619965
spoof	spoof	0.0003909455750549991
spoof	spoof	0.0003761310689759265
bonafide	bonafide	0.9993176029671837
spoof	spoof	0.00038165740435497776
spoof	spoof	0.00037361918054606367
spoof	spoof	0.0003997374942166727
spoof	spoof	0.0003841854971243834
spoof	spoof	0.00039532393388661815
spoof	spoof	0.00037496277762099814
bonafide	bonafide	0.9993132302824097
spoof	spoof	0.00040219307238158636
spoof	spoof	0.0003764528452264613
spoof	spoof	0.0003774505001283247
spoof	spoof	0.0003809878935087256
spoof	spoof	0.11880898767741739
spoof	spoof	0.0003807409975520716
spoof	spoof	0.0003843263449289795
spoof	spoof	0.0003893717168525587
spoof	spoof	0.00037728366630678894
spoof	spoof	0.0004365493710860519
spoof	spoof	0.0003768363223163864
spoof	spoof	0.00037540637735642275
spoof	bonafide	0.9991594659524679
spoof	spoof	0.0003752092366767901
spoof	spoof	0.0003779322583701972
spoof	spoof	0.0003788870544257436
spoof	spoof	0.0003807865523412111
spoof	spoof	0.00037721488568840235
spoof	spoof	0.00039690093650679594
spoof	spoof	0.0003764629836737238
spoof	spoof	0.00040760401904304573
spoof	spoof	0.0003745609418034602
spoof	spoof	0.00038335930894460894
spoof	spoof	0.0003751139235552822
bonafide	bonafide	0.9993071761090506
spoof	spoof	0.00038725687478009547
bonafide	bonafide	0.9991697698628529
spoof	spoof	0.00038088130923191136
spoof	spoof	0.0003795361404830641
spoof	spoof	0.00037503472299994637
bonafide	bonafide	0.9993090449576068
bonafide	bonafide	0.9993236582684313
spoof	spoof	0.0003743428322666896
spoof	spoof	0.0004506760939629569
spoof	spoof	0.00038257209536808037
spoof	spoof	0.0003742190197149814
spoof	bonafide	0.9989968455373582
spoof	spoof	0.00037988137983108915
spoof	spoof	0.0003752451865600557
bonafide	bonafide	0.9991648142549837
spoof	spoof	0.00038428769364475527
spoof	spoof	0.00037718369129187944
spoof	spoof	0.0003759305016288126
spoof	spoof	0.0004025377110316153
spoof	spoof	0.0003754269560788182
spoof	spoof	0.00037664956187217146
bonafide	bonafide	0.9993065484029441
spoof	spoof	0.0003850237423066956
spoof	spoof	0.0003744621342292865
spoof	spoof	0.0003790627276256662
spoof	spoof	0.0003823578884458471
spoof	spoof	0.00037861201172955907
spoof	spoof	0.00037353611128535105
spoof	spoof	0.0003907951308160748
spoof	spoof	0.00037841210604469766
spoof	spoof	0.0003731984152974457
spoof	spoof	0.000379605253723143
spoof	spoof	0.00039259156261420536
spoof	spoof	0.00037610023308024145
spoof	spoof	0.0003756115886972375
spoof	bonafide	0.9979225718955962
spoof	spoof	0.00037552879261212917
spoof	spoof	0.00037247457820841927
spoof	spoof	0.00037776755253609423
spoof	spoof	0.000382381582035394
spoof	spoof	0.0003913049190576129
spoof	spoof	0.00037608714651629155
spoof	spoof	0.00045151901315334603
spoof	spoof	0.0003821177547478956
spoof	spoof	0.0003765670755530519
spoof	spoof	0.0003766216455466051
spoof	spoof	0.0003795441909854201
spoof	spoof	0.00037848408158248226
spoof	bonafide	0.9438194314554502
spoof	spoof	0.00037496572666345673
spoof	spoof	0.0003742934985841311
spoof	spoof	0.0003809827179447019
bonafide	bonafide	0.9993041050113661
spoof	spoof	0.0003886272667930818
spoof	spoof	0.00037951578885069817
spoof	spoof	0.0003972684979704086
bonafide	bonafide	0.999277478016582
spoof	spoof	0.0003787315906006987
spoof	spoof	0.0003772133573725893
spoof	spoof	0.0003822793455814527
spoof	spoof	0.0004284321850589056
spoof	spoof	0.00037923586114255083
spoof	spoof	0.0003994854978317053
spoof	spoof	0.00038881394079850345
spoof	spoof	0.0003927458805788494
spoof	spoof	0.0003739540486424825
spoof	spoof	0.00037368677141192276
spoof	spoof	0.0003792889194303331
spoof	spoof	0.00038400763377393986
spoof	spoof	0.0003741415239050472
spoof	spoof	0.00037305648729140815
spoof	spoof	0.0003971292502042415
spoof	spoof	0.0003756358491684729
spoof	spoof	0.00037324449125143656
spoof	spoof	0.0003777438746570691
spoof	spoof	0.00039046072793712906
bonafide	bonafide	0.9993155343590617
bonafide	bonafide	0.9993068434179472
spoof	spoof	0.0003792420072081712
bonafide	bonafide	0.9992289634096031
spoof	spoof	0.00037849761234676167
spoof	spoof	0.00037928033198101095
spoof	bonafide	0.9965330380091417
spoof	spoof	0.00038011277067948236
spoof	spoof	0.0003788191552940219
spoof	spoof	0.00037464611395391327
spoof	spoof	0.0006416088319880056
spoof	spoof	0.00044874797470629787
spoof	spoof	0.00037711735558740897
spoof	spoof	0.00039101956081791114
spoof	spoof	0.0003809555700846747
spoof	spoof	0.0003745986151470135
spoof	spoof	0.00037799098988726973
bonafide	bonafide	0.9987171827544898
spoof	spoof	0.00039730637120010103
spoof	spoof	0.00037774693559215153
spoof	spoof	0.0003741879837937174
spoof	spoof	0.00039417223029688007
spoof	spoof	0.0004719971238056561
spoof	spoof	0.000595055179005396
spoof	spoof	0.0003849687811080508
spoof	spoof	0.00037761434780956166
spoof	spoof	0.0003743911909355769
spoof	spoof	0.0003764835305676078
spoof	spoof	0.0004385652339296623
spoof	bonafide	0.9972081083572304
spoof	spoof	0.00037862238877725595
spoof	spoof	0.00037839424957130497
spoof	spoof	0.00037746921169883025
bonafide	bonafide	0.9993247375509853
spoof	spoof	0.0003765434728897021
spoof	spoof	0.0003848479674509224
spoof	spoof	0.0003724551376952882
spoof	spoof	0.00037364438098144357
spoof	spoof	0.0007016678597994623
spoof	spoof	0.0003793201070650841
spoof	spoof	0.000376714019681785
spoof	spoof	0.0004940506421453553
spoof	spoof	0.00037784796036050944
spoof	spoof	0.00038805455677423087
spoof	spoof	0.0003778576860946119
spoof	spoof	0.0003746319172511646
spoof	spoof	0.0003820393522426971
spoof	spoof	0.0003726174393855904
spoof	spoof	0.0003795615589426273
spoof	spoof	0.0003751690877678565
bonafide	bonafide	0.9993122068573261
spoof	spoof	0.00037554722994484886
spoof	spoof	0.0006361319446326258
spoof	spoof	0.0003926332945426793
spoof	spoof	0.00037211380690788576
spoof	spoof	0.00037899244857728754
spoof	spoof	0.00041185141610378177
spoof	spoof	0.0003816370299734369
spoof	spoof	0.00037407420742762646
spoof	spoof	0.0003752523411764539
spoof	spoof	0.0003750526891542101
spoof	spoof	0.00037551483096222554
spoof	spoof	0.0004061682864626651
spoof	spoof	0.0003817551983261636
spoof	spoof	0.00037597834846733963
spoof	spoof	0.00038161401914464145
spoof	spoof	0.0003893358987398283
spoof	spoof	0.00038054395872374157
spoof	spoof	0.00037756296342904635
spoof	spoof	0.0004332702508189782
spoof	spoof	0.0003932585874452726
spoof	spoof	0.0003812122354725174
spoof	spoof	0.0004074446422102757
spoof	spoof	0.00038384439786119705
spoof	spoof	0.0003791379894286465
spoof	spoof	0.001367874106152604
spoof	spoof	0.0003766994753130422
spoof	spoof	0.00037483545472008484
spoof	spoof	0.00038686860622442115
spoof	spoof	0.00037628295470349424
spoof	spoof	0.00038170215904564616
spoof	spoof	0.00038132127517637925
spoof	spoof	0.00037702515215507203
spoof	spoof	0.010568434123492768
spoof	spoof	0.00038643946436205123
bonafide	bonafide	0.9992969738827432
spoof	spoof	0.00038486640353069707
spoof	spoof	0.0003755228856969208
spoof	spoof	0.0003778696634998921
spoof	spoof	0.00037562546442078355
spoof	spoof	0.00037772902047128655
spoof	spoof	0.00037383143377043296
spoof	spoof	0.00037498395762242657
spoof	spoof	0.0003821720358206345
spoof	spoof	0.0003780387384871035
bonafide	bonafide	0.9992597482092218
spoof	spoof	0.00037480892338995816
spoof	spoof	0.0003763008909487994
spoof	spoof	0.00037464700684627483
spoof	spoof	0.00037673772281881764
spoof	spoof	0.0003764337354440779
spoof	spoof	0.0004671103684698542
spoof	spoof	0.00037941703108896317
spoof	spoof	0.0003868687906264249
spoof	spoof	0.00039477805060721116
spoof	spoof	0.0003952096672260089
spoof	spoof	0.0003726928431502325
spoof	spoof	0.00037715969044253416
spoof	spoof	0.00039289782459990503
bonafide	bonafide	0.9991296336381497
spoof	spoof	0.00044123041236481404
bonafide	bonafide	0.9992825376192571
spoof	spoof	0.0003984421588177957
spoof	spoof	0.00037499843577987
spoof	spoof	0.00037689946468323355
bonafide	bonafide	0.9993095592121912
spoof	spoof	0.00037868574005093825
spoof	spoof	0.00037570344656531697
spoof	spoof	0.0003823495960362236
spoof	spoof	0.0003738725979444101
spoof	spoof	0.000389133857216381
spoof	spoof	0.0003908501783085164
spoof	spoof	0.0003844055830492972
spoof	spoof	0.0005804647631317582
spoof	spoof	0.0003760128485600464
spoof	spoof	0.0003720456137503233
spoof	spoof	0.0003741326962864438
spoof	spoof	0.0004142588417724759
spoof	spoof	0.0003765757810911722
spoof	spoof	0.00037728330663696664
spoof	spoof	0.00037971582487727746
spoof	spoof	0.0003909509790827752
spoof	spoof	0.00037924806298785614
spoof	spoof	0.0003839017604239415
spoof	spoof	0.00037587271721504644
bonafide	bonafide	0.9993112267098253
spoof	spoof	0.0003798864499017783
spoof	spoof	0.0003796620735034606
spoof	spoof	0.0003789499983939356
spoof	spoof	0.0003779555877426184
spoof	spoof	0.00037479338065446845
spoof	spoof	0.000377951444196827
spoof	spoof	0.029776964871419998
spoof	spoof	0.0003821231278660794
spoof	spoof	0.00037303443815946027
spoof	spoof	0.0004249861675154924
spoof	spoof	0.0003793126037187883
spoof	spoof	0.00037599860008623727
spoof	spoof	0.00040640628742356016
spoof	spoof	0.00037934460697584496
spoof	spoof	0.0003811147621991063
spoof	spoof	0.0003781633637013685
spoof	spoof	0.00038104791702500424
spoof	spoof	0.000379465231072468
spoof	spoof	0.00041176475648289906
spoof	spoof	0.00039020741659790385
spoof	spoof	0.00037845602933837114
spoof	spoof	0.0003877711982702665
spoof	spoof	0.0004018482498322174
spoof	spoof	0.0003729247453125689
spoof	spoof	0.00037504571711159825
spoof	spoof	0.00038484824260980245
spoof	spoof	0.00037502471238176453
spoof	spoof	0.00037334893927033216
spoof	spoof	0.0003800567892545376
spoof	spoof	0.00037524384508466174
spoof	spoof	0.0003794634223321692
spoof	spoof	0.00037777907690749363
spoof	spoof	0.0003788812753026411
spoof	spoof	0.00037525341438067494
spoof	spoof	0.0003914477228765976
spoof	spoof	0.0003774034554202675
spoof	spoof	0.0003806426468285925
spoof	spoof	0.0003883805129599688
spoof	spoof	0.00037961502467246245
spoof	spoof	0.0003788627646420983
spoof	spoof	0.0003796459676705888
spoof	spoof	0.0004050629957624643
spoof	spoof	0.0003732580126876953
spoof	spoof	0.00037869729242242704
spoof	bonafide	0.9612965226582385
spoof	spoof	0.000378959391216479
spoof	spoof	0.0003984542186869245
spoof	bonafide	0.9991991415956629
spoof	spoof	0.00039196611548339454
bonafide	bonafide	0.9992993052495784
spoof	spoof	0.00037807342757144254
spoof	spoof	0.00037639758202987877
spoof	spoof	0.00040536594057427545
spoof	spoof	0.00037969645902765514
spoof	spoof	0.0003859381278585659
spoof	spoof	0.00037993796927693205
spoof	spoof	0.00038977819539110924
spoof	spoof	0.00040189134845710034
spoof	spoof	0.0004150120155947769
spoof	spoof	0.000373702624530565
spoof	spoof	0.000372891772649519
spoof	spoof	0.00037996504464770937
spoof	spoof	0.00037478766394831675
spoof	spoof	0.0004260640529931042
spoof	spoof	0.0003748887910532606
spoof	spoof	0.0003751846460781265
spoof	spoof	0.00037658080706044853
spoof	spoof	0.00037296234303683945
spoof	spoof	0.00037297603203805354
spoof	spoof	0.00040326506592609296
spoof	spoof	0.00038719310523531637
bonafide	bonafide	0.9992765035747444
spoof	spoof	0.0003865031098324279
spoof	spoof	0.00037660925890066986
spoof	spoof	0.0003816422144227479
spoof	spoof	0.0003931498834593146
spoof	spoof	0.0003827456452980918
spoof	spoof	0.0003776237075385844
spoof	spoof	0.0003816081074955669
spoof	spoof	0.000382188704206709
spoof	spoof	0.000376985797319687
bonafide	bonafide	0.9993167234661969
spoof	spoof	0.00037844628820925535
spoof	spoof	0.0004074934878413626
spoof	spoof	0.0003756310148536729
spoof	spoof	0.0003902061146505342
spoof	spoof	0.00037660414279618883
spoof	spoof	0.0003991741028366404
spoof	spoof	0.0003767887255318079
spoof	spoof	0.00037666527132492063
spoof	spoof	0.00037620386605574614
spoof	spoof	0.0003753556511481474
spoof	spoof	0.00037691662183322844
spoof	spoof	0.00037559287966188235
spoof	spoof	0.00038157773215788024
spoof	spoof	0.00039440104284439064
spoof	spoof	0.0003889279347409283
spoof	spoof	0.00037293354444033894
spoof	spoof	0.00038369000980841944
spoof	spoof	0.00037992601688409064
spoof	spoof	0.0004206162002020936
spoof	spoof	0.0003769382714978009
spoof	spoof	0.0003901479034416756
spoof	spoof	0.0014091971705980741
spoof	spoof	0.00038068592164690785
spoof	spoof	0.00037835213688171336
spoof	spoof	0.000374757563355331
spoof	spoof	0.00037597816925434064
spoof	spoof	0.00041090738796928025
spoof	spoof	0.0003743422077490786
bonafide	bonafide	0.9992964127127684
spoof	spoof	0.0003902656366828328
spoof	spoof	0.0003768920990259098
spoof	spoof	0.00038134099651792843
spoof	spoof	0.0003745191663160468
spoof	spoof	0.00037550453905255284
spoof	spoof	0.00041217387532132904
spoof	spoof	0.0003754401986355781
bonafide	bonafide	0.999295655958663
spoof	spoof	0.0016350762483601082
spoof	spoof	0.00040253473709366325
spoof	spoof	0.0003846382618732838
bonafide	bonafide	0.9992916782417293
spoof	spoof	0.00037789470020431845
spoof	spoof	0.000379706051334437
spoof	spoof	0.0003743282901982668
bonafide	bonafide	0.9992835321055005
spoof	spoof	0.00037525573966701244
spoof	spoof	0.00038167959911499297
spoof	spoof	0.0003752222032775181
spoof	spoof	0.0003927554280110151
bonafide	bonafide	0.9993221154986487
spoof	spoof	0.0005845519876148895
spoof	spoof	0.00037356362092482115
spoof	spoof	0.00039562978077177757
spoof	spoof	0.00037462789941406123
spoof	spoof	0.00038311918571535245
spoof	spoof	0.000379413956626005
spoof	spoof	0.00038161720237821494
spoof	spoof	0.0004295047835925771
spoof	spoof	0.0003792966031023683
spoof	spoof	0.0004134593402678213
spoof	spoof	0.0003773829482808333
bonafide	bonafide	0.9992534467009826
spoof	spoof	0.000375242145889378
spoof	spoof	0.00038524559364514876
bonafide	bonafide	0.9993012828835276
spoof	spoof	0.00037733006658794137
spoof	spoof	0.0003746265601445988
spoof	spoof	0.00040206589723280927
spoof	spoof	0.00039422841098044406
spoof	spoof	0.00037610919674286913
spoof	spoof	0.0003825035361047059
spoof	spoof	0.00037572762342055435
spoof	spoof	0.00039306359763411405
bonafide	bonafide	0.9991962051751148
spoof	spoof	0.00037661329797959855
spoof	spoof	0.0003797370922514536
spoof	spoof	0.0003995368175463371
spoof	spoof	0.00038383881759074603
spoof	spoof	0.0003783492513871388
spoof	spoof	0.00037788164128469093
bonafide	bonafide	0.99930219404959
spoof	spoof	0.0003761165471055762
spoof	spoof	0.0003976920313431619
bonafide	bonafide	0.9993227852756653
spoof	spoof	0.0003721137182220647
spoof	spoof	0.00037239034330989495
spoof	spoof	0.00038108388117836297
spoof	spoof	0.0003834859616640589
spoof	spoof	0.0003724621503661789
spoof	spoof	0.00037706415163631573
spoof	spoof	0.00037420760390455114
spoof	spoof	0.00037597807964787316
spoof	spoof	0.0003831314211473731
spoof	spoof	0.0013444537359207141
spoof	spoof	0.00037859243146609557
bonafide	bonafide	0.9993208108543132
bonafide	bonafide	0.9993019810459801
spoof	spoof	0.00037746966150761075
spoof	spoof	0.0003775237324261069
spoof	spoof	0.0003839573929107232
spoof	spoof	0.00037931567736077627
spoof	spoof	0.00037389478570947746
spoof	spoof	0.00038014293884516766
spoof	spoof	0.00039119442409532194
spoof	spoof	0.00037559574414278455
spoof	spoof	0.0003767306296783203
spoof	spoof	0.00037937390045819327
spoof	spoof	0.0003750468791097031
spoof	spoof	0.000383876325885845
spoof	spoof	0.00037864955091761356
spoof	spoof	0.00041674756738978004
bonafide	bonafide	0.9993110594683356
bonafide	bonafide	0.9993116629222504
spoof	spoof	0.0003757156243424586
spoof	spoof	0.0003747974002656719
spoof	spoof	0.00037891965394233027
spoof	spoof	0.0003753819527711629
spoof	spoof	0.00046634058671847424
spoof	spoof	0.00038071368544050424
spoof	spoof	0.00037657183216235175
spoof	spoof	0.00039856847318442727
spoof	spoof	0.0003779581099231586
spoof	spoof	0.0003972215401774964
spoof	spoof	0.00037798495417276103
spoof	spoof	0.00037551384650649577
spoof	spoof	0.0003777597197655136
spoof	spoof	0.00038405833886576276
spoof	spoof	0.0003792505937900949
spoof	spoof	0.0003799451227827449
spoof	spoof	0.00037497278658656173
spoof	spoof	0.00037638708652750727
spoof	spoof	0.0003822987520046657
spoof	spoof	0.0003738487186076851
spoof	spoof	0.0003736930947662893
spoof	spoof	0.00038125548415825683
bonafide	bonafide	0.9993185383284502
spoof	spoof	0.0003778563352832444
spoof	spoof	0.0003803827385417855
spoof	spoof	0.0003934133550178331
spoof	spoof	0.0004069839557871505
spoof	spoof	0.0003771251750437245
spoof	spoof	0.00037829316895550283
bonafide	bonafide	0.9993282301859185
spoof	spoof	0.0003768758411940828
spoof	spoof	0.00038228353655661573
spoof	spoof	0.00038334048822824665
spoof	spoof	0.0003784160742642853
bonafide	bonafide	0.9993238421080469
spoof	spoof	0.0004406235821847092
bonafide	bonafide	0.9992978682483743
spoof	spoof	0.0003765993857789158
bonafide	bonafide	0.9992375887570321
bonafide	bonafide	0.9993140162202258
bonafide	bonafide	0.999309660536918
spoof	spoof	0.0003738889935956625
spoof	spoof	0.00037385344089288443
spoof	spoof	0.0003746669188985897
spoof	spoof	0.0003800297073487516
spoof	spoof	0.49655828845495276
spoof	bonafide	0.9990136311833776
bonafide	bonafide	0.999284453617295
bonafide	bonafide	0.9990606704951722
spoof	spoof	0.0003761687208796668
spoof	spoof	0.00038039760638589504
spoof	spoof	0.00037465173921130517
spoof	spoof	0.00037651924355696845
spoof	spoof	0.0003860888193652537
spoof	spoof	0.0003808744104252959
spoof	spoof	0.00039341138605956456
bonafide	bonafide	0.9992160440475322
spoof	spoof	0.0004364273538542457
spoof	spoof	0.0003920886021657181
spoof	spoof	0.0003955991383020674
spoof	spoof	0.00039409858747771953
spoof	spoof	0.00037792370162531406
spoof	spoof	0.000380059416030302
spoof	spoof	0.000376233455100691
bonafide	bonafide	0.9993005058660788
spoof	spoof	0.0003728095758700317
spoof	spoof	0.000373753750964717
spoof	spoof	0.00038002490707843696
spoof	spoof	0.00037854858256653823
spoof	spoof	0.00038301310080969677
spoof	spoof	0.0003758152999505385
bonafide	bonafide	0.9993106501382187
bonafide	spoof	0.0003844097973256973
bonafide	bonafide	0.9993257269208758
spoof	spoof	0.00037605335660357366
spoof	spoof	0.00037498395762242657
spoof	spoof	0.000381196427303024
spoof	spoof	0.00038166204331701865
spoof	spoof	0.0003748737810668588
spoof	spoof	0.0004262209585478627
spoof	spoof	0.0003850025459904622
spoof	spoof	0.0003821384280061418
bonafide	bonafide	0.9993053801619011
spoof	spoof	0.0003729642096892495
bonafide	bonafide	0.9993191016555499
bonafide	bonafide	0.999324959216078
spoof	spoof	0.0003804574462659538
bonafide	bonafide	0.9992496885399471
spoof	spoof	0.0003749347181950225
spoof	spoof	0.00037826792555725026
spoof	spoof	0.0003745855808129046
bonafide	bonafide	0.9993144382535946
spoof	spoof	0.0003794995987756554
spoof	spoof	0.00037435969463587746
spoof	spoof	0.00037501488078461794
spoof	spoof	0.000373828404551332
spoof	spoof	0.00037856707788243434
spoof	spoof	0.0003836564514275158
spoof	spoof	0.00037353726860801616
spoof	spoof	0.00037538401045882514
bonafide	bonafide	0.9993091126142235
spoof	spoof	0.000382112472773126
spoof	spoof	0.00038397496273865283
bonafide	bonafide	0.9992928546850826
spoof	spoof	0.00037737566311787555
spoof	spoof	0.00038308439904643766
spoof	spoof	0.00039662548851252845
spoof	spoof	0.00038624601331973223
bonafide	bonafide	0.999301150693262
spoof	spoof	0.00037682114457582164
spoof	spoof	0.0003768387472191265
spoof	spoof	0.00037401911500436027
spoof	spoof	0.000374804010386684
spoof	spoof	0.0003903482385356846
spoof	spoof	0.0003842773445528438
spoof	spoof	0.0003773750335424912
bonafide	bonafide	0.9992750082726952
spoof	spoof	0.00037389959768762684
spoof	spoof	0.0003750423205223881
spoof	spoof	0.0003840640138592179
spoof	spoof	0.0003787637253954207
spoof	spoof	0.0003747340740669928
spoof	spoof	0.0003822704171353432
spoof	spoof	0.00037684539332881803
spoof	spoof	0.0003809691891707228
spoof	spoof	0.0003782063567595228
spoof	bonafide	0.7096316585958988
spoof	spoof	0.00038028728994138057
spoof	spoof	0.0004341339082069977
spoof	spoof	0.0003738897064663687
spoof	spoof	0.0004095319493786806
spoof	spoof	0.00037671563575740713
spoof	spoof	0.0003799240248551599
spoof	spoof	0.00040354319963263575
bonafide	bonafide	0.9993054696890593
spoof	spoof	0.00041471036451557104
spoof	spoof	0.00037497108861823627
spoof	bonafide	0.9849557033492835
spoof	spoof	0.00037391153878970696
spoof	bonafide	0.9989253214020989
spoof	spoof	0.00039256190382708754
spoof	spoof	0.0003757883410466078
spoof	spoof	0.0004152492587667751
spoof	spoof	0.00037946459801238314
spoof	spoof	0.0003743831604659462
spoof	spoof	0.00039895250554210844
spoof	spoof	0.0003772132674718519
spoof	spoof	0.0003740873131302895
spoof	spoof	0.00038363240458317855
spoof	spoof	0.00037731612791961966
bonafide	bonafide	0.9993069609925423
spoof	spoof	0.0003750259636944296
spoof	spoof	0.0003748929010352584
spoof	spoof	0.0003793825804427648
spoof	spoof	0.0003899577081806712
spoof	spoof	0.000384763319572764
spoof	spoof	0.0008889455366633399
spoof	spoof	0.0003736442028805325
spoof	spoof	0.00037672039424253883
spoof	spoof	0.00041238296048800216
bonafide	bonafide	0.9993033839107367
spoof	spoof	0.00037582040534275
spoof	spoof	0.00039684040288213204
spoof	spoof	0.0003861733905989331
spoof	spoof	0.00038317223918200806
bonafide	bonafide	0.9993110978767417
spoof	spoof	0.00037820509483916436
spoof	spoof	0.00037362149570953183
spoof	spoof	0.0003852809437803923
spoof	spoof	0.0003749840469920548
spoof	spoof	0.0003893804398968767
bonafide	bonafide	0.9993279724482736
spoof	spoof	0.00038008215198574393
spoof	spoof	0.0003767777701417293
spoof	spoof	0.00037868691332259516
spoof	spoof	0.0003851113844797217
spoof	spoof	0.00040680174663777687
spoof	spoof	0.00037697528542165543
spoof	spoof	0.00037443732485789317
spoof	spoof	0.00038024106988077355
spoof	spoof	0.0003771511511827224
spoof	spoof	0.0003763785647536084
spoof	spoof	0.00037719942301390883
spoof	spoof	0.000381197699200466
spoof	spoof	0.00037574186162955754
spoof	spoof	0.0003770513011313939
spoof	spoof	0.00041041784533974227
spoof	spoof	0.00037475979625401775
spoof	spoof	0.00038038563953892373
spoof	spoof	0.0003821342386211959
spoof	spoof	0.0003746048646460817
spoof	spoof	0.00039591623756461984
spoof	spoof	0.0003761689001834596
spoof	spoof	0.0005849578702054839
spoof	spoof	0.0003746775450454945
spoof	spoof	0.00038172335567880964
spoof	spoof	0.0003826791526064809
spoof	spoof	0.0003745511223599048
spoof	spoof	0.00044150231169322893
spoof	spoof	0.0003846263450053168
bonafide	bonafide	0.9993024668188022
spoof	spoof	0.0003800471880906237
bonafide	bonafide	0.9992917172236278
spoof	spoof	0.00037243028372209994
spoof	spoof	0.00037354741759107707
spoof	spoof	0.00037380140994713564
spoof	spoof	0.00037456870827288656
spoof	spoof	0.0003775815005957029
spoof	spoof	0.0003752609268961304
bonafide	bonafide	0.9993190377346097
spoof	spoof	0.00037709650449623585
spoof	spoof	0.0003754457463319142
spoof	spoof	0.006073666728967257
spoof	spoof	0.0003755853605034136
spoof	spoof	0.000385415212013505
spoof	spoof	0.00037695138766686084
spoof	spoof	0.00037865171675351416
spoof	spoof	0.0003789244402569738
spoof	spoof	0.00038375521472384716
spoof	spoof	0.0003745004224189168
spoof	spoof	0.00037757781108710577
bonafide	bonafide	0.9992453356463162
spoof	spoof	0.0003794624275286783
bonafide	bonafide	0.9993139771571732
spoof	spoof	0.0003999351262724597
spoof	spoof	0.00037910979838442387
spoof	spoof	0.00038245011944829804
spoof	spoof	0.0003743533600060319
spoof	spoof	0.00037878457836352337
spoof	spoof	0.0003868876000923557
spoof	spoof	0.00037510167587560676
spoof	spoof	0.0003744356293133609
spoof	spoof	0.0003747600642027539
spoof	spoof	0.00038683154320528416
spoof	spoof	0.0003779648658467812
spoof	spoof	0.0003754401986355781
spoof	spoof	0.0006189090732889054
spoof	spoof	0.0004295687620664486
spoof	spoof	0.00037254684544617636
spoof	spoof	0.0003787417903947852
spoof	spoof	0.00037460584671969666
spoof	spoof	0.00037223665705159647
spoof	spoof	0.00037594134279481263
spoof	spoof	0.00037336255347231363
bonafide	bonafide	0.9993050020679831
spoof	spoof	0.000378965081212555
spoof	spoof	0.0003779728830327654
spoof	spoof	0.0003826229757391733
bonafide	bonafide	0.9993187837762223
bonafide	bonafide	0.9992850786557388
spoof	spoof	0.0003792698465169632
spoof	spoof	0.0003752730008966575
spoof	spoof	0.0003724055201621213
bonafide	bonafide	0.9993086072520018
bonafide	bonafide	0.9993128988594467
bonafide	bonafide	0.9993181443234768
bonafide	bonafide	0.999229360256659
spoof	spoof	0.0003812973746405432
spoof	spoof	0.00037706415163631573
spoof	spoof	0.0003754502203402615
spoof	spoof	0.0003752269429054324
spoof	spoof	0.00037640691161092187
spoof	spoof	0.00037553541562750943
spoof	spoof	0.00037769364285307976
spoof	spoof	0.0003753599451648483
bonafide	bonafide	0.9993222568057909
bonafide	bonafide	0.9993084696913614
spoof	spoof	0.00039031279573550567
spoof	spoof	0.0004131988940898153
spoof	spoof	0.000395968042623999
spoof	spoof	0.0003895382307979334
bonafide	bonafide	0.9993210941444041
spoof	spoof	0.0003728113529061108
spoof	spoof	0.00037272864085274816
spoof	spoof	0.0003953166793742622
bonafide	bonafide	0.9992938321888704
spoof	spoof	0.00038421754508002155
spoof	spoof	0.00037358988606253076
spoof	spoof	0.000374711211382328
spoof	spoof	0.00037694366164904526
spoof	spoof	0.0003765572035367525
spoof	spoof	0.0004055468303223156
bonafide	bonafide	0.9993216021850375
spoof	spoof	0.00037831877469394744
spoof	spoof	0.0003803160217112609
spoof	spoof	0.0003944156124080885
spoof	spoof	0.00041142810528846315
spoof	spoof	0.00037475506252459054
spoof	spoof	0.0003848018352593176
spoof	spoof	0.00037661069501266123
spoof	spoof	0.0003785059114547529
spoof	spoof	0.0003771720052943773
spoof	spoof	0.00037638403660731885
spoof	spoof	0.0003773812394028275
spoof	spoof	0.00038646304235940654
spoof	spoof	0.00040132300975256847
spoof	spoof	0.0003758972633075483
spoof	spoof	0.0003821675728242047
spoof	spoof	0.00037466513302111717
spoof	spoof	0.0003752884740724243
spoof	spoof	0.0003777057950965393
spoof	spoof	0.00041111416533217354
bonafide	bonafide	0.9992735519403745
spoof	spoof	0.0003755660262154331
spoof	spoof	0.00038995510595595163
spoof	spoof	0.0003743149976358892
spoof	spoof	0.00037973238617671076
bonafide	bonafide	0.9991407973707006
spoof	spoof	0.0003784781281993804
spoof	bonafide	0.6448025520472355
spoof	spoof	0.00038776694715719474
spoof	spoof	0.00037552270670094016
spoof	spoof	0.00037906950328661605
spoof	spoof	0.0003759004884606924
spoof	spoof	0.0003744370571398252
spoof	spoof	0.00037555806006212884
spoof	spoof	0.00037676609671583554
spoof	spoof	0.00038266930281945596
spoof	spoof	0.0003780905480324134
spoof	spoof	0.000375307525737066
spoof	spoof	0.00037342502499668103
spoof	spoof	0.0003760051417713479
spoof	spoof	0.00037353566616220345
spoof	spoof	0.00038666019594367506
spoof	spoof	0.0003729412771784948
spoof	spoof	0.00037402134350483465
spoof	spoof	0.0003864917799879658
spoof	spoof	0.00039901012802507095
spoof	spoof	0.00037869106492840473
spoof	spoof	0.0004406371282390269
spoof	spoof	0.0003823796682679097
spoof	bonafide	0.9991486557201023
spoof	spoof	0.00037390449884011916
bonafide	bonafide	0.9993298350573762
spoof	spoof	0.00037648828612200615
spoof	spoof	0.0003771667017687598
spoof	spoof	0.0003829483870086126
bonafide	bonafide	0.999287662972692
spoof	spoof	0.0004964014490887787
spoof	spoof	0.0003847460804663973
spoof	spoof	0.00039401491061334383
spoof	spoof	0.00038042108788381636
spoof	spoof	0.0003798415459149425
spoof	spoof	0.000386076213487481
spoof	spoof	0.0003774140692018007
spoof	spoof	0.00038199783547834067
spoof	spoof	0.0003790119591919698
spoof	spoof	0.0003825758336597417
spoof	spoof	0.00038111076569080643
bonafide	bonafide	0.9993012379349818
spoof	spoof	0.0003849718088163579
spoof	spoof	0.00037355872423889793
spoof	spoof	0.00042453742344470763
spoof	spoof	0.0003789918163056444
spoof	spoof	0.0003781672391854953
spoof	spoof	0.00037469308297906535
spoof	spoof	0.00037745715702311124
spoof	spoof	0.00037413287462011256
spoof	spoof	0.0003948442921880327
spoof	spoof	0.0003886792300585571
spoof	spoof	0.00037745094991481606
bonafide	bonafide	0.9992630551233687
spoof	spoof	0.0004085525343380169
bonafide	bonafide	0.9992833782911231
spoof	spoof	0.0003845865636726255
spoof	spoof	0.00037354608218282076
spoof	spoof	0.0003754809134743694
spoof	spoof	0.00037587173182142915
spoof	spoof	0.0003775502758928168
spoof	spoof	0.000375091484680443
spoof	spoof	0.00037603193698400626
spoof	spoof	0.0003781971628647148
spoof	spoof	0.00037900184245162106
spoof	spoof	0.00038209963241470156
spoof	spoof	0.00037453041310446007
spoof	spoof	0.00037414303977969284
spoof	spoof	0.00037718710726720154
spoof	spoof	0.0003894666600642641
spoof	spoof	0.00037993235522742254
spoof	spoof	0.0003765729091388339
spoof	spoof	0.00037790622845308366
spoof	spoof	0.000382442098478367
spoof	spoof	0.0003939718112811132
spoof	spoof	0.0003780850513789023
spoof	spoof	0.00037605443209779967
spoof	spoof	0.0003764438733768787
spoof	spoof	0.0004150269505955599
spoof	spoof	0.00038179978249331086
spoof	spoof	0.00042887635641165455
spoof	spoof	0.0003762460984019559
spoof	spoof	0.00039010234481412373
spoof	spoof	0.00038142316459888317
spoof	spoof	0.0005315051047163918
spoof	spoof	0.00038901646527150096
spoof	spoof	0.0004000625811598793
spoof	spoof	0.00040095628518556695
spoof	spoof	0.0005121264441998841
spoof	spoof	0.0003769671995456284
spoof	spoof	0.00038033659752959535
spoof	spoof	0.00037985974225403885
bonafide	bonafide	0.999263669368966
spoof	bonafide	0.9976669776482247
spoof	spoof	0.0004692618075797559
spoof	spoof	0.000376501835294916
spoof	spoof	0.0003754209612911156
spoof	spoof	0.00037680803293691216
spoof	spoof	0.00037953234142887587
spoof	spoof	0.0003745297882740244
spoof	spoof	0.0003792202252774205
spoof	spoof	0.0003753830263459278
spoof	spoof	0.0003741064821614448
spoof	spoof	0.00037417059410061116
spoof	spoof	0.00037476131463272123
spoof	spoof	0.00037524670690463073
spoof	spoof	0.000377802486868844
spoof	spoof	0.00037445999234824665
spoof	spoof	0.00037362861937938213
bonafide	bonafide	0.9993034796691492
spoof	spoof	0.0003831821019094938
spoof	spoof	0.00037907420114927705
spoof	spoof	0.00038463927024058624
spoof	spoof	0.0003732339057318784
spoof	spoof	0.0003892135295769482
spoof	spoof	0.00038274956772425914
spoof	spoof	0.001515434932161955
spoof	spoof	0.0003744048431291223
bonafide	bonafide	0.99930219803967
spoof	spoof	0.00037806072288818453
spoof	spoof	0.00038146589172192476
spoof	spoof	0.000380290190210855
spoof	spoof	0.00037403631937231625
spoof	spoof	0.0003770935387018892
spoof	spoof	0.00037674212242873924
spoof	spoof	0.000387799201331358
spoof	spoof	0.0003758916193561047
spoof	spoof	0.00046929737030439216
spoof	spoof	0.0004065773700997141
spoof	spoof	0.0003822109298519206
spoof	spoof	0.0003761355511478648
spoof	spoof	0.0003795010459051027
spoof	spoof	0.0003782673846457159
spoof	spoof	0.0003895049965785447
spoof	spoof	0.0003772979634598256
spoof	spoof	0.00037698130501971817
spoof	spoof	0.0003782539522572899
spoof	spoof	0.00040142029195458176
spoof	spoof	0.00038258130439628346
spoof	spoof	0.0003786421510717224
spoof	spoof	0.0003757561899314987
spoof	spoof	0.00037675837449432285
spoof	spoof	0.00038689128833012545
spoof	spoof	0.0003737770006626909
spoof	spoof	0.00037811650052460615
spoof	spoof	0.00038084391193495166
spoof	spoof	0.00038827287923407845
bonafide	bonafide	0.9992962519369993
spoof	spoof	0.00037951126641387535
spoof	bonafide	0.9850778334424559
spoof	spoof	0.0003764228800841075
spoof	spoof	0.0003750073731930211
spoof	spoof	0.00037578628114341895
spoof	spoof	0.0003800384023323241
spoof	spoof	0.0003830006865957731
spoof	spoof	0.0003852632223982156
spoof	spoof	0.0003733970806016924
spoof	spoof	0.0003765258840338619
spoof	spoof	0.0003744178711765158
spoof	spoof	0.00037961249143923933
spoof	spoof	0.0003740893637239317
spoof	spoof	0.0004042920259149176
spoof	spoof	0.000408909051930769
spoof	spoof	0.0004178061593094035
spoof	spoof	0.000382399900008572
bonafide	bonafide	0.9993128260068099
spoof	spoof	0.0003767739088916107
spoof	spoof	0.00037479096890843114
spoof	spoof	0.00037537515353559234
spoof	spoof	0.0003749011211343793
bonafide	bonafide	0.999224662359033
bonafide	bonafide	0.9993160630156865
spoof	spoof	0.0004370876729380475
spoof	spoof	0.0004169219085966093
spoof	spoof	0.0003787916198846572
spoof	spoof	0.00037544547789310814
spoof	spoof	0.00038029309050243993
spoof	spoof	0.0003873244394975456
spoof	spoof	0.0003756924331801925
spoof	spoof	0.0003798537672406405
spoof	spoof	0.00037759868878148675
spoof	spoof	0.006815057189811989
spoof	spoof	0.00038788451684392656
spoof	spoof	0.00037724104781892693
spoof	spoof	0.00037792172009095787
spoof	spoof	0.00037570461060048844
bonafide	bonafide	0.9993042613421181
spoof	spoof	0.00037436817071665493
spoof	spoof	0.0003788910276239908
spoof	spoof	0.0003951976113344887
bonafide	bonafide	0.9993255461644802
spoof	spoof	0.00038711772121164165
spoof	spoof	0.0003887837333692882
spoof	spoof	0.00043738443344092933
spoof	spoof	0.00037779474341344195
spoof	spoof	0.00037572663840717413
bonafide	bonafide	0.9992967663237813
spoof	spoof	0.00038298005798276144
spoof	spoof	0.00037561821317230265
bonafide	bonafide	0.9992876164697029
spoof	spoof	0.00037722486484380584
spoof	spoof	0.00037407393996908574
bonafide	bonafide	0.9992805280513067
spoof	spoof	0.0004212069309811354
spoof	spoof	0.00037951714559224985
spoof	spoof	0.0006177881516770707
spoof	spoof	0.0003737411913845008
spoof	spoof	0.0003786752710185639
spoof	spoof	0.00037478489495010976
spoof	spoof	0.00038297093063233427
spoof	spoof	0.000658043151650156
spoof	spoof	0.000375042052371918
spoof	spoof	0.00038837116439455964
spoof	spoof	0.0003825904224642982
spoof	spoof	0.00037794667016775825
spoof	bonafide	0.9990726457314725
spoof	spoof	0.0003901956062343062
spoof	spoof	0.0003799001213223444
spoof	spoof	0.00037621623937336387
bonafide	bonafide	0.9992929948443631
spoof	spoof	0.0004232579776675847
spoof	spoof	0.00038287574532767504
bonafide	bonafide	0.9992925805193227
spoof	spoof	0.00037634376203735895
spoof	spoof	0.00040099040052031314
spoof	spoof	0.0003976581017430037
spoof	spoof	0.00037910166674183786
spoof	spoof	0.0012578909495712185
spoof	spoof	0.00037990682140338477
spoof	spoof	0.00037577831032003053
spoof	spoof	0.00040287429157675206
spoof	spoof	0.00037735362860411335
bonafide	bonafide	0.9993192306148267
spoof	spoof	0.0003765132313342759
spoof	spoof	0.00037201599928713704
spoof	spoof	0.00039051554220425895
bonafide	bonafide	0.9992743545552158
spoof	spoof	0.00037731873576035766
spoof	spoof	0.0003756704969112783
spoof	spoof	0.0003774955713976605
spoof	spoof	0.0003729685652478579
spoof	spoof	0.0003809764528822845
spoof	spoof	0.00037506627607103096
spoof	spoof	0.00037512733388199654
spoof	spoof	0.00037942833447568664
spoof	spoof	0.00041279593975219385
spoof	spoof	0.00039790230773692134
spoof	spoof	0.00037529124678979453
spoof	spoof	0.00038053416387359706
spoof	spoof	0.00039564515004225143
spoof	spoof	0.000375313876506789
spoof	spoof	0.00038380561208467784
spoof	spoof	0.00037547679704836385
spoof	spoof	0.0003777747552270356
spoof	spoof	0.0003859018897119618
spoof	spoof	0.0003766049505975406
spoof	spoof	0.0004397447145031917
spoof	spoof	0.0003752118299611016
spoof	spoof	0.00038861124387155514
spoof	spoof	0.00039789007491230523
spoof	spoof	0.00037835448136225297
spoof	spoof	0.0003837602450161896
spoof	spoof	0.0003992760027782203
spoof	spoof	0.00037944479280861834
spoof	spoof	0.0003816721400762978
spoof	spoof	0.0003885084535532715
spoof	bonafide	0.9915656343527741
spoof	spoof	0.00038079462935648067
spoof	spoof	0.00037338862649918234
spoof	spoof	0.0003737476938095302
spoof	spoof	0.00037792226050838867
spoof	spoof	0.00037925366692979543
spoof	spoof	0.0003771899839019853
spoof	spoof	0.000851452989502938
spoof	spoof	0.0003745281815719749
spoof	spoof	0.0003861635429413834
spoof	spoof	0.00037946215621908786
spoof	spoof	0.00037689569201150645
spoof	bonafide	0.9972422451870508
spoof	spoof	0.00038231014120922413
spoof	spoof	0.00037464629253221543
spoof	spoof	0.00038868330590250484
spoof	spoof	0.000379895051069262
spoof	spoof	0.0003757240415660908
spoof	spoof	0.00038043069848999714
bonafide	bonafide	0.999254374549876
spoof	spoof	0.0004162435306612105
spoof	spoof	0.00037896977778158886
spoof	spoof	0.0003840451585592276
spoof	spoof	0.00040498760860870476
spoof	spoof	0.000393240311829851
spoof	spoof	0.00037758950965302264
spoof	spoof	0.0004168825636999035
spoof	spoof	0.00037890728205052686
spoof	spoof	0.00037368178405294356
spoof	spoof	0.00037530484234552376
spoof	spoof	0.00037918290064417343
spoof	spoof	0.00040107125684864665
bonafide	bonafide	0.9993167366524252
spoof	spoof	0.0003759206462945475
spoof	spoof	0.0003741038965139084
spoof	spoof	0.00037767095971098357
spoof	spoof	0.0003887487105142003
spoof	spoof	0.00038107162029035616
spoof	spoof	0.0003782127565632822
spoof	spoof	0.0003771463872586041
spoof	spoof	0.0004033859867910659
bonafide	bonafide	0.999282218757244
spoof	spoof	0.0003789088172268354
spoof	spoof	0.00037646459867282525
spoof	spoof	0.00037768374131404847
spoof	spoof	0.00039854254223414945
spoof	spoof	0.00038478276034238667
bonafide	bonafide	0.9993277484084272
spoof	spoof	0.00042148447614323266
spoof	spoof	0.0003814878935107864
bonafide	bonafide	0.9992731473564807
spoof	spoof	0.0003781461498214651
spoof	spoof	0.00037386742989897585
spoof	spoof	0.00043476661667348767
bonafide	bonafide	0.9993050269053284
spoof	spoof	0.0003764371446299602
spoof	spoof	0.0003747628330175743
bonafide	bonafide	0.999270822488847
spoof	spoof	0.0003800961022090786
bonafide	bonafide	0.999297763186346
spoof	spoof	0.0003777132666698706
spoof	spoof	0.0003805248227235207
spoof	spoof	0.0003848276062395194
bonafide	bonafide	0.9993167802791206
spoof	spoof	0.0003952270924063735
spoof	spoof	0.00037553192510485103
bonafide	bonafide	0.9992709774330419
bonafide	bonafide	0.9992849825839177
spoof	spoof	0.0003869321379135976
spoof	spoof	0.0003846305617010207
spoof	spoof	0.0003744375925761525
spoof	spoof	0.00037873131981344693
spoof	spoof	0.00038528305570929004
spoof	spoof	0.0005030263344768898
spoof	spoof	0.00037388168674926017
spoof	spoof	0.003977099600488392
spoof	spoof	0.0004169553944245635
spoof	spoof	0.0003735143898941579
spoof	spoof	0.00037965103460055295
spoof	spoof	0.0003933072328356929
spoof	spoof	0.0003752182685375446
spoof	spoof	0.00037571893748245634
spoof	spoof	0.0003752676346262593
bonafide	bonafide	0.9993134475436669
spoof	spoof	0.0003845149859661609
spoof	spoof	0.0003920651482837727
spoof	spoof	0.00037958082744970497
spoof	spoof	0.00037406297433350487
spoof	spoof	0.0003767731007279872
spoof	spoof	0.0003786121921975246
spoof	spoof	0.00046409026549204204
spoof	spoof	0.0003748455496248968
spoof	spoof	0.00038350652611628914
spoof	spoof	0.00039213672906354946
spoof	spoof	0.00037894232174064867
spoof	spoof	0.0003748305413691679
spoof	spoof	0.0003805274527328833
spoof	spoof	0.00038641947945126123
spoof	spoof	0.00037525529249544427
bonafide	bonafide	0.9992503090959173
spoof	spoof	0.00038799213542169587
spoof	spoof	0.000375940267623894
spoof	spoof	0.0003754816293791493
spoof	spoof	0.00037732745866891996
spoof	spoof	0.0003902927036083533
spoof	spoof	0.0003804938988039729
spoof	spoof	0.00037936015755527956
spoof	spoof	0.0003803880872724618
spoof	spoof	0.0003740446989882595
spoof	spoof	0.0003800087858594737
spoof	spoof	0.00037325614456537674
spoof	spoof	0.0003806136182599749
spoof	spoof	0.0003781557931027203
spoof	spoof	0.00038503640559766223
bonafide	bonafide	0.9993101233821052
spoof	spoof	0.00038010914703680396
spoof	spoof	0.0003733290082618649
spoof	spoof	0.00038130409935474097
bonafide	bonafide	0.9992580106243785
spoof	spoof	0.00039038154467595725
spoof	spoof	0.00038861670826191856
spoof	bonafide	0.8025732893747253
spoof	spoof	0.00037323986560933425
spoof	spoof	0.00037994783933921104
spoof	spoof	0.00038056790275175156
spoof	spoof	0.0003817627499720242
spoof	spoof	0.000381804332190764
spoof	spoof	0.0003868573578683353
spoof	spoof	0.000380589399241552
spoof	spoof	0.0003731639954673308
spoof	spoof	0.000378569694365906
spoof	spoof	0.00038150871455349647
spoof	spoof	0.0003842460242200117
spoof	spoof	0.0003818101558825861
spoof	spoof	0.0003890155381458843
spoof	spoof	0.00038966831710616313
spoof	spoof	0.0003742901088048126
spoof	spoof	0.00041927481884136675
spoof	spoof	0.00037521889451614505
bonafide	bonafide	0.9993227328344869
spoof	spoof	0.0003783171517436087
spoof	spoof	0.00037127321755800626
spoof	spoof	0.0003738315228654839
spoof	spoof	0.00037682464707709785
spoof	spoof	0.000375295987289506
spoof	spoof	0.00037881635652172417
spoof	spoof	0.00038599028364871965
spoof	spoof	0.00037807577032559727
spoof	spoof	0.0003757809970955482
spoof	spoof	0.00037790028415591345
spoof	spoof	0.0003846730062333454
spoof	spoof	0.00038168241903343213
spoof	spoof	0.00038540749629327426
spoof	spoof	0.0003910658789276831
spoof	spoof	0.00037870622770135704
spoof	spoof	0.0003804465655879055
spoof	spoof	0.00041053513757446393
spoof	spoof	0.0003745194340927998
spoof	spoof	0.0003740220566277896
spoof	spoof	0.00037423248725142796
spoof	spoof	0.00038266985002319775
spoof	spoof	0.0003755713072416245
spoof	spoof	0.00039737398388633484
spoof	spoof	0.0003820621155409116
spoof	spoof	0.0003767210227261991
spoof	spoof	0.0004346838390645719
spoof	spoof	0.00037493677343205037
spoof	spoof	0.00037619767954948465
spoof	spoof	0.0003824014493301173
spoof	spoof	0.0003836874493925909
spoof	spoof	0.00037927165433491875
spoof	spoof	0.00037631254996654785
spoof	spoof	0.0003747154087238414
spoof	spoof	0.00037693970886393247
spoof	spoof	0.0003907945719980243
spoof	spoof	0.0003747634582366542
spoof	spoof	0.00037636484061792614
spoof	bonafide	0.9983010484517844
bonafide	bonafide	0.9992975717590905
spoof	spoof	0.00037310423523940063
spoof	spoof	0.00037534026465819753
spoof	spoof	0.0003787328542770991
spoof	spoof	0.000380001631155485
spoof	spoof	0.0004793838203277485
bonafide	bonafide	0.9992291997794742
spoof	spoof	0.0003757950582006377
spoof	spoof	0.0003743207963466887
bonafide	bonafide	0.9992997378286894
spoof	spoof	0.00038616225448139647
spoof	spoof	0.00038967593235364847
spoof	spoof	0.0003778728155117274
spoof	spoof	0.0003795985589585657
spoof	spoof	0.0008984866645919403
spoof	spoof	0.00037692955758292294
spoof	spoof	0.0004170962233044768
spoof	spoof	0.00039288602647255386
spoof	bonafide	0.9990216988933609
spoof	spoof	0.0003743291823334441
spoof	spoof	0.00037655011379375493
spoof	spoof	0.00037416497606473123
spoof	spoof	0.00040829654006916484
bonafide	bonafide	0.999249051190456
spoof	spoof	0.0003739844412469729
spoof	spoof	0.0003840458907866173
spoof	spoof	0.0003786306003817141
spoof	spoof	0.00038609231595898314
spoof	spoof	0.0003753613765146607
bonafide	bonafide	0.9993045260130972
spoof	spoof	0.0003821081015388554
spoof	spoof	0.0003971134447384901
spoof	spoof	0.0003783460052320366
bonafide	bonafide	0.9993064857828398
bonafide	bonafide	0.9992896038834455
bonafide	bonafide	0.9992957205627161
bonafide	bonafide	0.9993180445680699
