audio_file_name	utterance_length_s
LA_E_1001320.flac	3.9054375
LA_E_1003257.flac	2.98475
LA_E_1007762.flac	3.921625
LA_E_1008240.flac	5.345125
LA_E_1012015.flac	1.3629375
LA_E_1012597.flac	2.3808125
LA_E_1013410.flac	3.6530625
LA_E_1015427.flac	2.0316875
LA_E_1019133.flac	2.461625
LA_E_1019819.flac	3.49175
LA_E_1023824.flac	3.32575
LA_E_1025210.flac	3.4139375
LA_E_1027204.flac	1.288
LA_E_1027220.flac	2.21225
LA_E_1029245.flac	5.642375
LA_E_1030540.flac	2.143125
LA_E_1030619.flac	1.5056875
LA_E_1030819.flac	5.417625
LA_E_1031731.flac	4.4199375
LA_E_1033230.flac	4.4390625
LA_E_1035053.flac	3.856625
LA_E_1035613.flac	2.0486875
LA_E_1036359.flac	2.255625
LA_E_1036786.flac	3.5055625
LA_E_1037060.flac	3.07375
LA_E_1038220.flac	5.1564375
LA_E_1038700.flac	2.25675
LA_E_1039225.flac	4.45975
LA_E_1040666.flac	3.3824375
LA_E_1042356.flac	2.6349375
LA_E_1046146.flac	2.938875
LA_E_1046787.flac	2.540375
LA_E_1047198.flac	3.837375
LA_E_1050514.flac	0.8970625
LA_E_1050779.flac	3.2761875
LA_E_1051370.flac	3.3021875
LA_E_1052257.flac	4.306125
LA_E_1055183.flac	3.9339375
LA_E_1055805.flac	3.541875
LA_E_1056218.flac	4.0956875
LA_E_1057127.flac	1.50725
LA_E_1058515.flac	3.7729375
LA_E_1061547.flac	0.959625
LA_E_1062957.flac	1.265875
LA_E_1063675.flac	3.440375
LA_E_1064405.flac	2.5395625
LA_E_1064525.flac	1.767
LA_E_1065223.flac	2.1695625
LA_E_1066571.flac	2.681375
LA_E_1067167.flac	2.6903125
LA_E_1068661.flac	2.6841875
LA_E_1070406.flac	4.8521875
LA_E_1073410.flac	2.8510625
LA_E_1073502.flac	1.3426875
LA_E_1075596.flac	6.7901875
LA_E_1076063.flac	4.475375
LA_E_1076078.flac	1.3846875
LA_E_1079389.flac	1.6724375
LA_E_1082906.flac	4.5440625
LA_E_1083304.flac	2.702
LA_E_1085264.flac	6.8530625
LA_E_1086100.flac	1.685375
LA_E_1087738.flac	2.981375
LA_E_1089951.flac	2.7834375
LA_E_1091093.flac	5.3711875
LA_E_1093487.flac	1.5800625
LA_E_1098244.flac	1.6310625
LA_E_1099342.flac	4.003
LA_E_1099431.flac	4.735125
LA_E_1100866.flac	4.9658125
LA_E_1101546.flac	2.8400625
LA_E_1104415.flac	3.2446875
LA_E_1108445.flac	0.8928125
LA_E_1108731.flac	3.7965625
LA_E_1109190.flac	1.776125
LA_E_1111043.flac	4.622375
LA_E_1114347.flac	3.580625
LA_E_1116303.flac	2.29875
LA_E_1118214.flac	2.586875
LA_E_1123759.flac	1.6318125
LA_E_1127849.flac	1.5445625
LA_E_1129264.flac	5.1683125
LA_E_1131984.flac	2.24325
LA_E_1136797.flac	2.481625
LA_E_1137577.flac	3.62225
LA_E_1139713.flac	4.005875
LA_E_1141204.flac	5.15525
LA_E_1141909.flac	2.666
LA_E_1141956.flac	4.20775
LA_E_1144382.flac	1.3483125
LA_E_1145066.flac	2.936
LA_E_1145420.flac	1.350125
LA_E_1145772.flac	2.1001875
LA_E_1145962.flac	3.8799375
LA_E_1148952.flac	2.84975
LA_E_1152326.flac	7.4519375
LA_E_1152568.flac	3.7918125
LA_E_1153394.flac	2.763625
LA_E_1154069.flac	1.8186875
LA_E_1159073.flac	2.9800625
LA_E_1161627.flac	2.156875
LA_E_1166323.flac	3.41075
LA_E_1168493.flac	2.6350625
LA_E_1174422.flac	3.3330625
LA_E_1174450.flac	3.9255625
LA_E_1178100.flac	2.801625
LA_E_1178651.flac	3.5751875
LA_E_1178884.flac	6.999875
LA_E_1180510.flac	2.207375
LA_E_1183624.flac	6.5668125
LA_E_1185576.flac	5.9776875
LA_E_1186682.flac	1.6708125
LA_E_1189977.flac	2.14125
LA_E_1192472.flac	3.2706875
LA_E_1192642.flac	2.42875
LA_E_1193863.flac	1.8638125
LA_E_1195738.flac	1.8574375
LA_E_1195897.flac	4.0900625
LA_E_1197012.flac	3.8805625
LA_E_1197462.flac	3.8145
LA_E_1200064.flac	3.831
LA_E_1201712.flac	2.6673125
LA_E_1202203.flac	2.5455625
LA_E_1204676.flac	1.368125
LA_E_1209085.flac	2.64275
LA_E_1210190.flac	2.5553125
LA_E_1210308.flac	4.70425
LA_E_1212535.flac	2.0864375
LA_E_1214661.flac	3.5871875
LA_E_1215227.flac	1.962875
LA_E_1216225.flac	2.4225
LA_E_1221584.flac	3.0424375
LA_E_1221902.flac	2.3406875
LA_E_1223847.flac	2.9845
LA_E_1224488.flac	3.777625
LA_E_1224525.flac	4.1321875
LA_E_1225943.flac	2.3299375
LA_E_1229877.flac	3.700875
LA_E_1231345.flac	2.386875
LA_E_1233669.flac	3.925
LA_E_1235225.flac	4.559
LA_E_1235441.flac	2.46475
LA_E_1235824.flac	5.37925
LA_E_1236743.flac	2.8540625
LA_E_1239200.flac	4.7035625
LA_E_1239732.flac	3.6684375
LA_E_1244505.flac	2.2589375
LA_E_1245491.flac	4.09425
LA_E_1246397.flac	2.442625
LA_E_1246405.flac	4.8974375
LA_E_1249312.flac	2.4226875
LA_E_1250948.flac	1.6720625
LA_E_1252301.flac	2.7098125
LA_E_1253384.flac	2.2215
LA_E_1255269.flac	1.105
LA_E_1260811.flac	3.8354375
LA_E_1262130.flac	2.9423125
LA_E_1262919.flac	4.91325
LA_E_1264695.flac	2.103
LA_E_1265304.flac	3.150375
LA_E_1266270.flac	3.1484375
LA_E_1269610.flac	3.821875
LA_E_1270781.flac	2.3315625
LA_E_1272161.flac	3.854375
LA_E_1275973.flac	3.451625
LA_E_1278158.flac	2.2966875
LA_E_1278271.flac	3.9614375
LA_E_1279759.flac	3.7208125
LA_E_1279763.flac	2.9301875
LA_E_1279855.flac	3.0873125
LA_E_1280739.flac	3.8719375
LA_E_1286599.flac	6.5206875
LA_E_1290321.flac	3.319625
LA_E_1294419.flac	2.38475
LA_E_1297191.flac	1.4993125
LA_E_1298698.flac	3.98325
LA_E_1300127.flac	3.9271875
LA_E_1307192.flac	2.024125
LA_E_1311001.flac	1.469625
LA_E_1311985.flac	3.5380625
LA_E_1312898.flac	2.0929375
LA_E_1315268.flac	5.506125
LA_E_1317160.flac	6.2381875
LA_E_1317732.flac	5.3721875
LA_E_1318403.flac	2.9836875
LA_E_1319523.flac	2.1735
LA_E_1320196.flac	1.65625
LA_E_1321597.flac	5.541875
LA_E_1324039.flac	8.10075
LA_E_1326237.flac	2.27075
LA_E_1327380.flac	2.141625
LA_E_1330872.flac	3.11025
LA_E_1335948.flac	3.979625
LA_E_1336095.flac	1.9283125
LA_E_1340256.flac	1.2185
LA_E_1342113.flac	1.458625
LA_E_1345189.flac	4.186125
LA_E_1348448.flac	4.0425
LA_E_1350175.flac	4.2628125
LA_E_1350316.flac	0.9349375
LA_E_1350377.flac	3.617625
LA_E_1350734.flac	3.53675
LA_E_1350979.flac	2.3888125
LA_E_1353663.flac	3.884
LA_E_1353690.flac	2.5399375
LA_E_1353832.flac	1.73925
LA_E_1353995.flac	2.399125
LA_E_1355264.flac	4.4260625
LA_E_1355452.flac	1.6948125
LA_E_1358418.flac	1.895375
LA_E_1360537.flac	5.42175
LA_E_1362746.flac	3.9215
LA_E_1363758.flac	2.38025
LA_E_1365474.flac	4.33975
LA_E_1368435.flac	0.8825625
LA_E_1368846.flac	2.9894375
LA_E_1370474.flac	6.5239375
LA_E_1374561.flac	3.142375
LA_E_1375060.flac	6.0150625
LA_E_1376027.flac	2.4698125
LA_E_1376201.flac	3.409875
LA_E_1377183.flac	2.606875
LA_E_1377556.flac	1.951875
LA_E_1377756.flac	6.1385625
LA_E_1379281.flac	3.0203125
LA_E_1382385.flac	1.6083125
LA_E_1386759.flac	2.8126875
LA_E_1387639.flac	3.2841875
LA_E_1392000.flac	4.22225
LA_E_1392020.flac	2.6354375
LA_E_1392317.flac	6.01175
LA_E_1394434.flac	3.10175
LA_E_1395018.flac	4.3294375
LA_E_1395043.flac	2.5133125
LA_E_1395552.flac	4.263875
LA_E_1396024.flac	4.4428125
LA_E_1396739.flac	2.589125
LA_E_1397136.flac	2.9830625
LA_E_1398070.flac	4.07875
LA_E_1401779.flac	2.6858125
LA_E_1402822.flac	3.6624375
LA_E_1407056.flac	5.3461875
LA_E_1407139.flac	1.8561875
LA_E_1409260.flac	1.9495625
LA_E_1411612.flac	3.785125
LA_E_1412604.flac	2.6424375
LA_E_1412639.flac	2.4675625
LA_E_1415193.flac	5.241
LA_E_1417930.flac	1.8578125
LA_E_1418069.flac	0.8194375
LA_E_1419283.flac	1.1814375
LA_E_1419560.flac	4.2103125
LA_E_1421446.flac	8.9038125
LA_E_1422655.flac	2.464375
LA_E_1424685.flac	1.549
LA_E_1425990.flac	3.45575
LA_E_1426135.flac	9.5819375
LA_E_1427133.flac	2.7131875
LA_E_1427302.flac	6.449625
LA_E_1431826.flac	3.750125
LA_E_1432266.flac	4.5761875
LA_E_1435631.flac	5.9745625
LA_E_1436934.flac	2.5685625
LA_E_1441981.flac	2.0838125
LA_E_1443286.flac	4.3916875
LA_E_1443485.flac	3.621375
LA_E_1447258.flac	7.1723125
LA_E_1449708.flac	1.168875
LA_E_1450599.flac	3.7416875
LA_E_1451698.flac	4.235
LA_E_1456792.flac	1.5975625
LA_E_1456972.flac	2.281
LA_E_1458228.flac	2.5521875
LA_E_1459099.flac	2.182375
LA_E_1461710.flac	4.39125
LA_E_1463850.flac	9.379875
LA_E_1465478.flac	3.3428125
LA_E_1468977.flac	4.06325
LA_E_1469806.flac	4.8975625
LA_E_1469830.flac	2.345625
LA_E_1470759.flac	3.74175
LA_E_1474839.flac	3.18375
LA_E_1475155.flac	3.7845
LA_E_1475393.flac	2.164
LA_E_1476720.flac	2.7285625
LA_E_1482035.flac	1.50075
LA_E_1483353.flac	2.1233125
LA_E_1483700.flac	2.985375
LA_E_1490752.flac	1.3468125
LA_E_1493352.flac	1.50475
LA_E_1495493.flac	1.492875
LA_E_1496516.flac	2.89825
LA_E_1498145.flac	3.0710625
LA_E_1498668.flac	1.9210625
LA_E_1499076.flac	4.69875
LA_E_1499300.flac	1.4075
LA_E_1499507.flac	4.1360625
LA_E_1503947.flac	2.518125
LA_E_1505047.flac	3.8171875
LA_E_1506004.flac	1.9409375
LA_E_1513560.flac	1.1999375
LA_E_1514361.flac	2.685625
LA_E_1516392.flac	6.0145625
LA_E_1516672.flac	1.8664375
LA_E_1517133.flac	1.605375
LA_E_1517193.flac	4.106125
LA_E_1517892.flac	4.3528125
LA_E_1519763.flac	2.256625
LA_E_1520324.flac	2.2146875
LA_E_1527918.flac	3.1059375
LA_E_1528017.flac	3.8603125
LA_E_1528206.flac	4.084125
LA_E_1530335.flac	1.3171875
LA_E_1530464.flac	2.445875
LA_E_1532568.flac	1.8753125
LA_E_1535014.flac	1.7559375
LA_E_1535034.flac	3.104125
LA_E_1535118.flac	3.6609375
LA_E_1538989.flac	3.797125
LA_E_1539637.flac	2.854375
LA_E_1544490.flac	1.93375
LA_E_1545133.flac	8.467625
LA_E_1546867.flac	3.833125
LA_E_1547551.flac	4.00525
LA_E_1548693.flac	3.0504375
LA_E_1548961.flac	6.0950625
LA_E_1551724.flac	3.363
LA_E_1553888.flac	2.8944375
LA_E_1554142.flac	4.3820625
LA_E_1554440.flac	0.8746875
LA_E_1554502.flac	2.427375
LA_E_1554746.flac	3.4054375
LA_E_1555795.flac	1.319
LA_E_1557897.flac	2.8935625
LA_E_1559147.flac	1.9071875
LA_E_1559549.flac	0.6641875
LA_E_1560131.flac	1.8218125
LA_E_1562445.flac	2.34325
LA_E_1563754.flac	3.5886875
LA_E_1566411.flac	1.3029375
LA_E_1566829.flac	3.414125
LA_E_1568249.flac	2.2425625
LA_E_1573757.flac	1.8978125
LA_E_1579654.flac	5.932375
LA_E_1579978.flac	2.2684375
LA_E_1580708.flac	4.5363125
LA_E_1582923.flac	4.0954375
LA_E_1584171.flac	2.084875
LA_E_1587458.flac	3.657625
LA_E_1588601.flac	3.9133125
LA_E_1589136.flac	2.332625
LA_E_1590226.flac	4.2245
LA_E_1590399.flac	3.864375
LA_E_1590581.flac	2.460875
LA_E_1596239.flac	2.7666875
LA_E_1596483.flac	3.2339375
LA_E_1598368.flac	1.5429375
LA_E_1599360.flac	1.9925625
LA_E_1601363.flac	4.299625
LA_E_1604995.flac	1.595625
LA_E_1609750.flac	5.6694375
LA_E_1611086.flac	2.3806875
LA_E_1611480.flac	4.3191875
LA_E_1611957.flac	2.5464375
LA_E_1612120.flac	2.125375
LA_E_1612210.flac	2.7793125
LA_E_1613408.flac	2.68525
LA_E_1616286.flac	2.582625
LA_E_1616694.flac	3.5811875
LA_E_1617668.flac	3.9360625
LA_E_1618341.flac	3.0286875
LA_E_1620231.flac	2.063625
LA_E_1624313.flac	2.2565
LA_E_1624997.flac	8.2145625
LA_E_1625125.flac	3.235125
LA_E_1625656.flac	1.10775
LA_E_1627307.flac	3.8350625
LA_E_1627339.flac	2.3415625
LA_E_1631326.flac	2.4120625
LA_E_1631944.flac	5.58575
LA_E_1632308.flac	3.6630625
LA_E_1634144.flac	1.64725
LA_E_1634419.flac	3.7940625
LA_E_1636612.flac	2.4225
LA_E_1636860.flac	1.67375
LA_E_1640052.flac	2.5595
LA_E_1642293.flac	3.79725
LA_E_1642617.flac	3.0610625
LA_E_1644334.flac	2.177125
LA_E_1645649.flac	4.135625
LA_E_1648265.flac	1.74225
LA_E_1648428.flac	3.6180625
LA_E_1649104.flac	2.1333125
LA_E_1651006.flac	2.2478125
LA_E_1651551.flac	2.0683125
LA_E_1651564.flac	4.682375
LA_E_1651670.flac	4.0920625
LA_E_1652606.flac	2.9068125
LA_E_1661207.flac	2.5054375
LA_E_1662939.flac	2.90625
LA_E_1665619.flac	2.2944375
LA_E_1669416.flac	2.158875
LA_E_1671608.flac	4.23275
LA_E_1671953.flac	3.8795
LA_E_1672376.flac	2.1706875
LA_E_1673131.flac	0.960375
LA_E_1676112.flac	2.3483125
LA_E_1676387.flac	2.985375
LA_E_1683254.flac	1.5534375
LA_E_1687973.flac	3.79325
LA_E_1691690.flac	4.0004375
LA_E_1693480.flac	5.669375
LA_E_1696819.flac	3.912375
LA_E_1698471.flac	3.8795625
LA_E_1701685.flac	3.7524375
LA_E_1702479.flac	4.9424375
LA_E_1704546.flac	2.2180625
LA_E_1706845.flac	3.7788125
LA_E_1708289.flac	2.116
LA_E_1714158.flac	1.183875
LA_E_1717981.flac	3.87275
LA_E_1720710.flac	3.5584375
LA_E_1721212.flac	2.935875
LA_E_1723430.flac	1.354625
LA_E_1724018.flac	2.5111875
LA_E_1724291.flac	5.343625
LA_E_1725565.flac	5.2883125
LA_E_1726370.flac	2.736125
LA_E_1727878.flac	2.4259375
LA_E_1728943.flac	2.900375
LA_E_1729164.flac	4.048375
LA_E_1729231.flac	2.9364375
LA_E_1730330.flac	2.9523125
LA_E_1730951.flac	4.328
LA_E_1731730.flac	1.41425
LA_E_1731797.flac	4.57975
LA_E_1734914.flac	5.713375
LA_E_1740245.flac	2.1785625
LA_E_1741852.flac	8.8955
LA_E_1745425.flac	2.3888125
LA_E_1745462.flac	2.090875
LA_E_1746654.flac	2.52175
LA_E_1747543.flac	1.963625
LA_E_1748282.flac	3.2788125
LA_E_1748360.flac	3.0271875
LA_E_1750363.flac	8.343
LA_E_1750371.flac	4.132375
LA_E_1750680.flac	4.9450625
LA_E_1753551.flac	3.7090625
LA_E_1754025.flac	1.7795625
LA_E_1756337.flac	3.770375
LA_E_1757460.flac	2.16825
LA_E_1757472.flac	2.10125
LA_E_1759471.flac	3.3445625
LA_E_1760163.flac	5.921625
LA_E_1760633.flac	2.72225
LA_E_1761392.flac	2.041875
LA_E_1761420.flac	3.4756875
LA_E_1762836.flac	1.718875
LA_E_1767198.flac	3.4476875
LA_E_1767612.flac	2.39275
LA_E_1767751.flac	1.742375
LA_E_1769041.flac	3.575
LA_E_1771542.flac	2.8203125
LA_E_1772316.flac	3.6213125
LA_E_1773201.flac	3.5770625
LA_E_1776072.flac	2.8423125
LA_E_1776103.flac	2.894
LA_E_1776858.flac	1.562
LA_E_1780412.flac	1.561625
LA_E_1781840.flac	2.4266875
LA_E_1783571.flac	2.1763125
LA_E_1790321.flac	3.6510625
LA_E_1791207.flac	5.1928125
LA_E_1794147.flac	3.535875
LA_E_1795916.flac	3.745875
LA_E_1798055.flac	4.0453125
LA_E_1804983.flac	2.431375
LA_E_1809237.flac	4.151625
LA_E_1809570.flac	3.25225
LA_E_1811418.flac	3.1750625
LA_E_1812906.flac	2.936625
LA_E_1813089.flac	1.436625
LA_E_1818575.flac	1.449875
LA_E_1820432.flac	2.4794375
LA_E_1822235.flac	2.1235
LA_E_1822635.flac	5.78175
LA_E_1827520.flac	2.9328125
LA_E_1829352.flac	1.4924375
LA_E_1831235.flac	3.111125
LA_E_1832578.flac	2.5103125
LA_E_1832715.flac	2.320375
LA_E_1835014.flac	2.731625
LA_E_1836185.flac	2.6806875
LA_E_1837629.flac	5.1190625
LA_E_1837732.flac	4.2204375
LA_E_1839754.flac	1.22125
LA_E_1840345.flac	2.4965
LA_E_1840790.flac	1.90225
LA_E_1841935.flac	2.414875
LA_E_1843663.flac	1.9846875
LA_E_1844932.flac	6.659875
LA_E_1846485.flac	2.0015625
LA_E_1846534.flac	2.7795625
LA_E_1846814.flac	4.2036875
LA_E_1849963.flac	4.4890625
LA_E_1850548.flac	3.3198125
LA_E_1850968.flac	2.38325
LA_E_1851292.flac	3.3234375
LA_E_1851850.flac	2.1373125
LA_E_1852684.flac	2.7276875
LA_E_1852876.flac	2.6658125
LA_E_1852945.flac	2.65525
LA_E_1854991.flac	4.578
LA_E_1856802.flac	3.8106875
LA_E_1859663.flac	2.3025
LA_E_1860133.flac	2.724
LA_E_1861781.flac	2.5420625
LA_E_1863159.flac	3.432875
LA_E_1864973.flac	0.6616875
LA_E_1868890.flac	2.537625
LA_E_1868945.flac	2.3631875
LA_E_1870299.flac	3.446125
LA_E_1870353.flac	2.7666875
LA_E_1871634.flac	1.8753125
LA_E_1872390.flac	3.9920625
LA_E_1873564.flac	3.2545
LA_E_1873948.flac	3.750125
LA_E_1874459.flac	4.627375
LA_E_1874581.flac	1.244125
LA_E_1876122.flac	2.6858125
LA_E_1876354.flac	2.2154375
LA_E_1877524.flac	1.5388125
LA_E_1878760.flac	2.325375
LA_E_1888310.flac	2.933125
LA_E_1890536.flac	4.7194375
LA_E_1890704.flac	2.1860625
LA_E_1892549.flac	1.2856875
LA_E_1894268.flac	4.9011875
LA_E_1894331.flac	3.10825
LA_E_1894511.flac	3.9714375
LA_E_1895916.flac	1.8860625
LA_E_1897374.flac	1.0846875
LA_E_1898930.flac	4.3848125
LA_E_1902726.flac	2.8543125
LA_E_1903330.flac	2.3581875
LA_E_1905695.flac	1.454375
LA_E_1907218.flac	3.39275
LA_E_1907790.flac	4.265875
LA_E_1908409.flac	2.5675625
LA_E_1911673.flac	6.4218125
LA_E_1911806.flac	1.987625
LA_E_1911910.flac	3.8815625
LA_E_1916014.flac	4.9770625
LA_E_1916552.flac	2.8061875
LA_E_1920822.flac	2.085
LA_E_1921860.flac	2.707125
LA_E_1926069.flac	2.6395625
LA_E_1928793.flac	2.798875
LA_E_1930513.flac	1.93975
LA_E_1930996.flac	2.684
LA_E_1936055.flac	1.981875
LA_E_1937264.flac	7.9066875
LA_E_1940368.flac	2.1665
LA_E_1943008.flac	2.1114375
LA_E_1945126.flac	3.11225
LA_E_1946920.flac	3.024375
LA_E_1951089.flac	4.471375
LA_E_1951884.flac	1.6941875
LA_E_1958125.flac	2.2720625
LA_E_1958399.flac	1.473125
LA_E_1959637.flac	3.218875
LA_E_1963263.flac	3.4593125
LA_E_1966819.flac	5.9715
LA_E_1967135.flac	2.3875625
LA_E_1967280.flac	1.6931875
LA_E_1967506.flac	2.51175
LA_E_1970710.flac	5.320375
LA_E_1970869.flac	2.0574375
LA_E_1971190.flac	2.7305
LA_E_1971860.flac	1.6194375
LA_E_1972767.flac	2.113
LA_E_1976746.flac	1.8994375
LA_E_1978790.flac	2.018625
LA_E_1978797.flac	3.15675
LA_E_1981613.flac	1.24325
LA_E_1982531.flac	3.9486875
LA_E_1982813.flac	5.1564375
LA_E_1982859.flac	4.4195
LA_E_1982999.flac	3.835875
LA_E_1983133.flac	2.6895
LA_E_1986600.flac	2.7354375
LA_E_1987055.flac	1.2615
LA_E_1990865.flac	4.6255625
LA_E_1991363.flac	2.890875
LA_E_1993861.flac	1.632
LA_E_1994389.flac	2.030875
LA_E_1996050.flac	1.5541875
LA_E_1996218.flac	2.3436875
LA_E_1996375.flac	2.0886875
LA_E_1999561.flac	3.75525
LA_E_2001712.flac	7.5271875
LA_E_2002192.flac	5.1118125
LA_E_2003624.flac	4.235625
LA_E_2003625.flac	5.1886875
LA_E_2004584.flac	6.01375
LA_E_2005255.flac	3.8898125
LA_E_2007559.flac	5.9104375
LA_E_2010370.flac	3.0714375
LA_E_2010615.flac	3.0325
LA_E_2010786.flac	2.197875
LA_E_2012960.flac	2.7134375
LA_E_2013378.flac	1.75525
LA_E_2013449.flac	3.1689375
LA_E_2014376.flac	2.8045
LA_E_2015161.flac	6.696625
LA_E_2016640.flac	1.747
LA_E_2017366.flac	5.822875
LA_E_2017813.flac	4.95275
LA_E_2017941.flac	7.1846875
LA_E_2020165.flac	4.0020625
LA_E_2020473.flac	3.321125
LA_E_2021637.flac	4.4715
LA_E_2021989.flac	3.0300625
LA_E_2022810.flac	1.0395625
LA_E_2023260.flac	2.5101875
LA_E_2024620.flac	1.1998125
LA_E_2025883.flac	3.606125
LA_E_2026181.flac	6.439625
LA_E_2029557.flac	1.4978125
LA_E_2031466.flac	4.267875
LA_E_2032553.flac	3.2830625
LA_E_2034487.flac	3.3665625
LA_E_2036070.flac	3.521125
LA_E_2039237.flac	1.426875
LA_E_2040965.flac	1.0601875
LA_E_2044128.flac	3.794125
LA_E_2046196.flac	2.6338125
LA_E_2047379.flac	3.02075
LA_E_2050154.flac	2.899625
LA_E_2050515.flac	1.8913125
LA_E_2054765.flac	2.696125
LA_E_2061435.flac	2.622125
LA_E_2063928.flac	2.93325
LA_E_2064424.flac	5.72225
LA_E_2067522.flac	1.48675
LA_E_2069078.flac	3.1928125
LA_E_2069929.flac	0.890375
LA_E_2070984.flac	4.24375
LA_E_2072124.flac	1.4140625
LA_E_2072959.flac	4.0231875
LA_E_2073647.flac	3.63025
LA_E_2074204.flac	3.1093125
LA_E_2075506.flac	1.52
LA_E_2079946.flac	1.6529375
LA_E_2084121.flac	1.233375
LA_E_2085042.flac	2.0863125
LA_E_2087660.flac	2.0955
LA_E_2089289.flac	4.3510625
LA_E_2089512.flac	2.766875
LA_E_2090775.flac	2.30025
LA_E_2093931.flac	1.383875
LA_E_2094497.flac	3.242375
LA_E_2101863.flac	1.4925625
LA_E_2102980.flac	1.342125
LA_E_2107012.flac	2.801625
LA_E_2111022.flac	4.064625
LA_E_2112450.flac	1.397125
LA_E_2113168.flac	4.07375
LA_E_2113197.flac	3.364125
LA_E_2113236.flac	1.8345
LA_E_2116342.flac	5.892375
LA_E_2116662.flac	1.806375
LA_E_2116958.flac	3.7834375
LA_E_2117678.flac	5.120125
LA_E_2118003.flac	1.8976875
LA_E_2119559.flac	2.1464375
LA_E_2120378.flac	2.8606875
LA_E_2123277.flac	3.911625
LA_E_2123630.flac	2.3430625
LA_E_2125045.flac	1.9775
LA_E_2125784.flac	1.303125
LA_E_2128468.flac	2.29775
LA_E_2134405.flac	4.218625
LA_E_2134549.flac	2.6864375
LA_E_2137273.flac	3.7089375
LA_E_2137408.flac	1.2695625
LA_E_2139071.flac	4.3886875
LA_E_2139475.flac	1.58275
LA_E_2140262.flac	1.9070625
LA_E_2142113.flac	1.5165625
LA_E_2142706.flac	1.3738125
LA_E_2143322.flac	1.568625
LA_E_2145238.flac	2.7871875
LA_E_2148419.flac	2.6875625
LA_E_2149224.flac	2.382125
LA_E_2149760.flac	3.560875
LA_E_2150000.flac	1.70375
LA_E_2154322.flac	4.134875
LA_E_2156023.flac	1.8585625
LA_E_2156523.flac	2.0144375
LA_E_2157770.flac	1.9525
LA_E_2158271.flac	3.28575
LA_E_2158885.flac	3.32575
LA_E_2159953.flac	3.4978125
LA_E_2161075.flac	4.049125
LA_E_2161096.flac	5.412875
LA_E_2161847.flac	2.20375
LA_E_2167289.flac	3.17225
LA_E_2168860.flac	1.6923125
LA_E_2173732.flac	1.7655625
LA_E_2173737.flac	3.74025
LA_E_2174314.flac	1.930125
LA_E_2175096.flac	2.2820625
LA_E_2181345.flac	4.070625
LA_E_2181698.flac	0.8826875
LA_E_2183271.flac	1.5745
LA_E_2186601.flac	5.6988125
LA_E_2188229.flac	3.8918125
LA_E_2197542.flac	2.8965625
LA_E_2197816.flac	3.0071875
LA_E_2197902.flac	6.3793125
LA_E_2201206.flac	4.535
LA_E_2203653.flac	2.362375
LA_E_2203673.flac	4.8375
LA_E_2204018.flac	1.6859375
LA_E_2204765.flac	4.805
LA_E_2205806.flac	4.38475
LA_E_2207289.flac	4.4153125
LA_E_2209666.flac	4.001625
LA_E_2212077.flac	5.0539375
LA_E_2213108.flac	3.272875
LA_E_2213516.flac	1.9778125
LA_E_2217240.flac	4.8169375
LA_E_2220808.flac	4.79925
LA_E_2224317.flac	1.0241875
LA_E_2225382.flac	2.4346875
LA_E_2228936.flac	2.814875
LA_E_2230880.flac	2.745875
LA_E_2231261.flac	2.475875
LA_E_2232105.flac	0.9904375
LA_E_2232681.flac	2.2558125
LA_E_2235003.flac	2.6569375
LA_E_2235901.flac	3.8798125
LA_E_2236101.flac	2.8584375
LA_E_2236109.flac	2.6466875
LA_E_2239807.flac	4.501375
LA_E_2242697.flac	1.4476875
LA_E_2242993.flac	5.6405625
LA_E_2245378.flac	6.1389375
LA_E_2245426.flac	4.306125
LA_E_2245547.flac	0.8321875
LA_E_2246800.flac	4.4729375
LA_E_2248768.flac	1.407375
LA_E_2250034.flac	5.9235
LA_E_2251748.flac	1.9083125
LA_E_2252816.flac	3.199125
LA_E_2252903.flac	3.466125
LA_E_2252999.flac	4.5865
LA_E_2256037.flac	2.3429375
LA_E_2256889.flac	2.430625
LA_E_2258630.flac	2.523125
LA_E_2260563.flac	2.8156875
LA_E_2261737.flac	3.53225
LA_E_2264664.flac	3.367375
LA_E_2265004.flac	1.4695
LA_E_2268417.flac	1.557875
LA_E_2268477.flac	3.92325
LA_E_2268693.flac	4.190375
LA_E_2269372.flac	2.965375
LA_E_2277571.flac	2.584625
LA_E_2278092.flac	3.4958125
LA_E_2278532.flac	3.9776875
LA_E_2279415.flac	3.5808125
LA_E_2279982.flac	7.79675
LA_E_2280704.flac	2.943375
LA_E_2283771.flac	1.4470625
LA_E_2285346.flac	1.6529375
LA_E_2286064.flac	4.4736875
LA_E_2286687.flac	5.0655625
LA_E_2291153.flac	3.834875
LA_E_2299283.flac	2.1061875
LA_E_2300639.flac	5.3863125
LA_E_2301320.flac	2.2655625
LA_E_2302528.flac	1.7920625
LA_E_2303032.flac	1.4804375
LA_E_2303242.flac	3.796125
LA_E_2306550.flac	3.483375
LA_E_2308959.flac	0.808625
LA_E_2309675.flac	1.98175
LA_E_2316215.flac	5.9704375
LA_E_2318961.flac	2.402375
LA_E_2322041.flac	2.7793125
LA_E_2322655.flac	3.7478125
LA_E_2323050.flac	1.916625
LA_E_2324137.flac	3.074875
LA_E_2324287.flac	1.991625
LA_E_2326699.flac	8.5686875
LA_E_2329141.flac	2.5985
LA_E_2329939.flac	3.7523125
LA_E_2331389.flac	4.2554375
LA_E_2331670.flac	1.426375
LA_E_2333765.flac	2.385625
LA_E_2336359.flac	1.7631875
LA_E_2339832.flac	4.0845625
LA_E_2341203.flac	1.1089375
LA_E_2342087.flac	3.747375
LA_E_2343295.flac	0.77
LA_E_2343790.flac	1.5264375
LA_E_2344590.flac	1.04725
LA_E_2345562.flac	2.5495
LA_E_2346610.flac	2.3868125
LA_E_2347727.flac	2.08425
LA_E_2349071.flac	5.2586875
LA_E_2350372.flac	1.13625
LA_E_2351177.flac	2.4241875
LA_E_2351298.flac	3.577875
LA_E_2351390.flac	2.8408125
LA_E_2351938.flac	3.14325
LA_E_2352593.flac	2.5408125
LA_E_2354443.flac	2.9825625
LA_E_2354956.flac	2.5754375
LA_E_2355000.flac	1.612375
LA_E_2355213.flac	5.8848125
LA_E_2355775.flac	6.225625
LA_E_2355871.flac	3.70725
LA_E_2362137.flac	2.43075
LA_E_2362333.flac	2.9825
LA_E_2365527.flac	2.184875
LA_E_2367237.flac	1.10425
LA_E_2367733.flac	3.2155
LA_E_2368594.flac	3.789
LA_E_2368757.flac	1.9829375
LA_E_2368833.flac	2.5796875
LA_E_2369973.flac	2.3
LA_E_2370222.flac	2.232375
LA_E_2370416.flac	4.29525
LA_E_2372314.flac	2.21125
LA_E_2374228.flac	2.8805625
LA_E_2375508.flac	1.86075
LA_E_2380072.flac	5.217125
LA_E_2383901.flac	6.5358125
LA_E_2391093.flac	3.502875
LA_E_2394352.flac	2.9845625
LA_E_2396701.flac	2.058
LA_E_2398224.flac	1.981375
LA_E_2401442.flac	3.4535625
LA_E_2402721.flac	3.1130625
LA_E_2406660.flac	2.113
LA_E_2407249.flac	4.9456875
LA_E_2407543.flac	1.0934375
LA_E_2407835.flac	1.3869375
LA_E_2409207.flac	4.326125
LA_E_2411760.flac	0.9368125
LA_E_2412083.flac	1.75625
LA_E_2413058.flac	2.451375
LA_E_2414656.flac	1.3473125
LA_E_2416407.flac	4.26175
LA_E_2416521.flac	4.5976875
LA_E_2417530.flac	1.8588125
LA_E_2419113.flac	4.132875
LA_E_2419694.flac	2.1386875
LA_E_2421403.flac	0.9263125
LA_E_2422193.flac	5.253125
LA_E_2422921.flac	4.100875
LA_E_2424303.flac	1.821875
LA_E_2427518.flac	6.0108125
LA_E_2427532.flac	1.8053125
LA_E_2429031.flac	3.1920625
LA_E_2431503.flac	3.5375
LA_E_2433543.flac	5.7169375
LA_E_2434548.flac	2.8635625
LA_E_2435681.flac	7.071875
LA_E_2436076.flac	4.5375
LA_E_2439085.flac	4.3873125
LA_E_2440860.flac	1.1133125
LA_E_2446282.flac	1.893875
LA_E_2446307.flac	1.3524375
LA_E_2446918.flac	2.789625
LA_E_2447398.flac	3.1366875
LA_E_2450724.flac	2.3134375
LA_E_2452224.flac	10.0
LA_E_2452350.flac	0.9414375
LA_E_2454619.flac	3.5408125
LA_E_2455573.flac	2.383875
LA_E_2457368.flac	6.10225
LA_E_2460090.flac	2.045625
LA_E_2461219.flac	2.8014375
LA_E_2462049.flac	3.1100625
LA_E_2462161.flac	4.2628125
LA_E_2468202.flac	1.8138125
LA_E_2468513.flac	1.1550625
LA_E_2472950.flac	2.0505
LA_E_2475064.flac	2.3385625
LA_E_2476587.flac	2.90225
LA_E_2477049.flac	2.1714375
LA_E_2477389.flac	2.8948125
LA_E_2482772.flac	4.0135625
LA_E_2486913.flac	3.92375
LA_E_2487213.flac	2.501
LA_E_2492808.flac	8.6789375
LA_E_2494996.flac	3.29425
LA_E_2499908.flac	4.8618125
LA_E_2500988.flac	6.4605
LA_E_2502212.flac	1.4300625
LA_E_2502398.flac	2.838625
LA_E_2503425.flac	0.8980625
LA_E_2507479.flac	2.29625
LA_E_2512207.flac	4.2216875
LA_E_2512497.flac	2.12825
LA_E_2512788.flac	0.8430625
LA_E_2513115.flac	4.209125
LA_E_2513755.flac	1.31825
LA_E_2514749.flac	1.545375
LA_E_2515756.flac	2.25525
LA_E_2516706.flac	2.0784375
LA_E_2520601.flac	1.62125
LA_E_2521714.flac	1.5083125
LA_E_2523660.flac	2.5001875
LA_E_2524229.flac	1.9653125
LA_E_2530967.flac	1.26875
LA_E_2531388.flac	3.663875
LA_E_2531397.flac	4.9980625
LA_E_2537808.flac	4.6183125
LA_E_2538735.flac	2.0829375
LA_E_2540561.flac	3.831875
LA_E_2541554.flac	3.1114375
LA_E_2547031.flac	3.9256875
LA_E_2547987.flac	1.851625
LA_E_2553827.flac	4.5174375
LA_E_2554161.flac	4.484625
LA_E_2554886.flac	3.111875
LA_E_2557015.flac	1.801875
LA_E_2557454.flac	2.2164375
LA_E_2558600.flac	2.906625
LA_E_2561501.flac	1.25775
LA_E_2562452.flac	5.9271875
LA_E_2562511.flac	2.6421875
LA_E_2564604.flac	2.4626875
LA_E_2565023.flac	0.9373125
LA_E_2568255.flac	6.1724375
LA_E_2570667.flac	2.45975
LA_E_2571305.flac	5.8786875
LA_E_2573788.flac	4.1318125
LA_E_2574929.flac	3.0925625
LA_E_2575354.flac	2.0788125
LA_E_2576560.flac	0.610875
LA_E_2585651.flac	4.780875
LA_E_2586448.flac	2.2593125
LA_E_2586680.flac	1.0968125
LA_E_2589560.flac	1.54
LA_E_2590852.flac	4.470875
LA_E_2590897.flac	4.095875
LA_E_2595475.flac	2.5149375
LA_E_2596343.flac	2.6655625
LA_E_2596691.flac	3.22125
LA_E_2596717.flac	1.692125
LA_E_2598693.flac	3.3799375
LA_E_2603610.flac	1.94425
LA_E_2605308.flac	7.3330625
LA_E_2606955.flac	1.0795
LA_E_2607678.flac	3.280875
LA_E_2607959.flac	2.382375
LA_E_2608310.flac	2.9961875
LA_E_2612611.flac	4.255875
LA_E_2613434.flac	7.8104375
LA_E_2613854.flac	4.909125
LA_E_2617524.flac	1.718125
LA_E_2618408.flac	5.3710625
LA_E_2619588.flac	1.3545625
LA_E_2620230.flac	1.4434375
LA_E_2620642.flac	3.093375
LA_E_2621295.flac	3.576375
LA_E_2621362.flac	2.4025
LA_E_2621501.flac	1.764375
LA_E_2624230.flac	4.1408125
LA_E_2627577.flac	4.0796875
LA_E_2628655.flac	1.841625
LA_E_2629578.flac	2.41675
LA_E_2634822.flac	2.896625
LA_E_2634860.flac	2.4315625
LA_E_2636404.flac	1.7026875
LA_E_2643339.flac	1.9826875
LA_E_2644663.flac	7.018375
LA_E_2646807.flac	3.957375
LA_E_2647230.flac	4.22
LA_E_2648898.flac	1.6479375
LA_E_2652303.flac	4.7683125
LA_E_2652576.flac	7.835125
LA_E_2653003.flac	2.2544375
LA_E_2653894.flac	4.304125
LA_E_2658555.flac	2.862
LA_E_2659714.flac	8.605
LA_E_2659817.flac	2.779125
LA_E_2660679.flac	2.22275
LA_E_2662878.flac	3.498875
LA_E_2664507.flac	1.7469375
LA_E_2665242.flac	2.202
LA_E_2666840.flac	1.935625
LA_E_2667132.flac	1.24225
LA_E_2669155.flac	3.2484375
LA_E_2675806.flac	2.25275
LA_E_2680792.flac	4.3839375
LA_E_2686099.flac	3.7686875
LA_E_2687712.flac	2.6885
LA_E_2690091.flac	3.32275
LA_E_2691073.flac	1.8016875
LA_E_2693745.flac	4.557
LA_E_2696809.flac	3.79525
LA_E_2699951.flac	2.9531875
LA_E_2705242.flac	2.4970625
LA_E_2706712.flac	8.2844375
LA_E_2710726.flac	3.7298125
LA_E_2714631.flac	5.34025
LA_E_2721750.flac	2.468875
LA_E_2722263.flac	6.4650625
LA_E_2723951.flac	2.4678125
LA_E_2724175.flac	5.892375
LA_E_2727497.flac	4.1355
LA_E_2729530.flac	2.5216875
LA_E_2730426.flac	1.7144375
LA_E_2732304.flac	2.0684375
LA_E_2738305.flac	1.5605
LA_E_2739041.flac	4.1389375
LA_E_2742907.flac	1.27875
LA_E_2742949.flac	3.017625
LA_E_2745830.flac	2.676375
LA_E_2746106.flac	6.780125
LA_E_2747397.flac	2.096875
LA_E_2752078.flac	3.2941875
LA_E_2753829.flac	3.8095625
LA_E_2760128.flac	2.4515
LA_E_2761778.flac	1.6010625
LA_E_2762013.flac	3.88325
LA_E_2764073.flac	2.7665625
LA_E_2766523.flac	1.769875
LA_E_2770869.flac	2.8153125
LA_E_2771356.flac	4.378875
LA_E_2771527.flac	3.657
LA_E_2773473.flac	2.299375
LA_E_2775127.flac	2.582125
LA_E_2775552.flac	6.70175
LA_E_2777273.flac	6.568125
LA_E_2777313.flac	2.5831875
LA_E_2777764.flac	1.91225
LA_E_2779248.flac	2.7875
LA_E_2783212.flac	3.0513125
LA_E_2790922.flac	8.0171875
LA_E_2796025.flac	2.2584375
LA_E_2796337.flac	3.62025
LA_E_2797695.flac	2.605625
LA_E_2798156.flac	2.5759375
LA_E_2802232.flac	1.9663125
LA_E_2804302.flac	3.3220625
LA_E_2805124.flac	2.9405625
LA_E_2806924.flac	1.8454375
LA_E_2807481.flac	2.13925
LA_E_2810025.flac	1.6654375
LA_E_2810800.flac	3.3694375
LA_E_2811249.flac	7.483
LA_E_2815475.flac	2.6030625
LA_E_2815582.flac	2.6039375
LA_E_2818540.flac	2.6244375
LA_E_2819144.flac	1.4645625
LA_E_2819216.flac	2.2241875
LA_E_2824354.flac	1.3205
LA_E_2824615.flac	3.227
LA_E_2824652.flac	1.91975
LA_E_2825562.flac	2.771625
LA_E_2827815.flac	1.401
LA_E_2829727.flac	4.6460625
LA_E_2829858.flac	1.8555625
LA_E_2830807.flac	1.2056875
LA_E_2831012.flac	1.794625
LA_E_2832737.flac	3.428125
LA_E_2833287.flac	1.4673125
LA_E_2834763.flac	1.4269375
LA_E_2835711.flac	1.6439375
LA_E_2839593.flac	2.6960625
LA_E_2846867.flac	3.780375
LA_E_2851478.flac	2.046625
LA_E_2851516.flac	2.7825
LA_E_2852025.flac	2.497375
LA_E_2853157.flac	5.4529375
LA_E_2854471.flac	1.6680625
LA_E_2854474.flac	3.629125
LA_E_2855242.flac	2.558875
LA_E_2861061.flac	3.18875
LA_E_2864414.flac	2.7255625
LA_E_2865545.flac	2.94275
LA_E_2873022.flac	2.594625
LA_E_2875297.flac	2.3595625
LA_E_2876746.flac	1.345375
LA_E_2877934.flac	2.2109375
LA_E_2882599.flac	3.538625
LA_E_2884281.flac	2.9295
LA_E_2885805.flac	5.0349375
LA_E_2892482.flac	4.8993125
LA_E_2893265.flac	2.3440625
LA_E_2893295.flac	5.1325625
LA_E_2893408.flac	3.44075
LA_E_2893951.flac	4.220625
LA_E_2894605.flac	2.085625
LA_E_2897344.flac	4.0051875
LA_E_2897795.flac	1.9371875
LA_E_2899927.flac	2.08775
LA_E_2901294.flac	1.252125
LA_E_2902127.flac	3.1943125
LA_E_2903134.flac	2.5383125
LA_E_2903611.flac	3.282875
LA_E_2911399.flac	3.3233125
LA_E_2913622.flac	3.4999375
LA_E_2913972.flac	1.728875
LA_E_2914296.flac	4.132375
LA_E_2918536.flac	1.4845
LA_E_2918711.flac	2.8204375
LA_E_2919269.flac	1.5906875
LA_E_2919347.flac	3.3709375
LA_E_2923797.flac	2.606125
LA_E_2925136.flac	4.5164375
LA_E_2925764.flac	4.1761875
LA_E_2925831.flac	1.64625
LA_E_2929931.flac	2.2564375
LA_E_2931199.flac	3.1951875
LA_E_2933812.flac	2.385625
LA_E_2934437.flac	2.346
LA_E_2938144.flac	1.3255
LA_E_2940791.flac	2.5965625
LA_E_2941003.flac	3.89275
LA_E_2945149.flac	2.026875
LA_E_2946031.flac	4.5225
LA_E_2946982.flac	1.8025625
LA_E_2947283.flac	2.8590625
LA_E_2947508.flac	3.052625
LA_E_2952501.flac	1.7785625
LA_E_2954180.flac	3.1915
LA_E_2959118.flac	1.9966875
LA_E_2960043.flac	2.2189375
LA_E_2968037.flac	4.568
LA_E_2969086.flac	2.302
LA_E_2969867.flac	2.5974375
LA_E_2972683.flac	2.5740625
LA_E_2974142.flac	1.89775
LA_E_2975935.flac	5.1291875
LA_E_2978436.flac	1.691
LA_E_2981668.flac	1.702
LA_E_2983309.flac	2.19425
LA_E_2985346.flac	1.473375
LA_E_2988006.flac	4.0100625
LA_E_2990865.flac	5.4685
LA_E_2991384.flac	2.9469375
LA_E_2991949.flac	2.973625
LA_E_2992000.flac	3.1524375
LA_E_2993017.flac	4.4759375
LA_E_2993851.flac	2.8949375
LA_E_2995044.flac	2.8151875
LA_E_2995230.flac	2.8981875
LA_E_2998383.flac	0.952375
LA_E_2998796.flac	4.1550625
LA_E_2999214.flac	1.815375
LA_E_3001686.flac	3.02275
LA_E_3003169.flac	2.98475
LA_E_3003752.flac	2.9845
LA_E_3004693.flac	2.6063125
LA_E_3004965.flac	1.229375
LA_E_3005039.flac	4.3060625
LA_E_3006090.flac	4.74175
LA_E_3007703.flac	3.9840625
LA_E_3013823.flac	5.6065625
LA_E_3015447.flac	4.7429375
LA_E_3017343.flac	3.1686875
LA_E_3018437.flac	1.333
LA_E_3021466.flac	3.322125
LA_E_3021853.flac	2.8939375
LA_E_3024013.flac	3.4359375
LA_E_3027264.flac	1.87025
LA_E_3030272.flac	2.3441875
LA_E_3030316.flac	4.69475
LA_E_3031658.flac	2.9013125
LA_E_3034548.flac	4.392375
LA_E_3037787.flac	3.982875
LA_E_3038066.flac	4.055125
LA_E_3038069.flac	3.2588125
LA_E_3038910.flac	3.3155
LA_E_3039135.flac	2.3458125
LA_E_3044004.flac	2.4819375
LA_E_3044181.flac	1.665
LA_E_3044749.flac	3.06725
LA_E_3045304.flac	4.4213125
LA_E_3047963.flac	2.421375
LA_E_3051443.flac	1.3085
LA_E_3054072.flac	2.4701875
LA_E_3055865.flac	2.1799375
LA_E_3058449.flac	5.7955625
LA_E_3058787.flac	1.20625
LA_E_3058816.flac	3.369375
LA_E_3059351.flac	2.4229375
LA_E_3061511.flac	2.3590625
LA_E_3061887.flac	2.019125
LA_E_3063505.flac	1.6665
LA_E_3064858.flac	1.15475
LA_E_3067445.flac	2.96875
LA_E_3070815.flac	3.105875
LA_E_3073484.flac	2.062125
LA_E_3075757.flac	2.2580625
LA_E_3077433.flac	4.8160625
LA_E_3079091.flac	2.343875
LA_E_3081555.flac	4.1565
LA_E_3084737.flac	4.1369375
LA_E_3087809.flac	1.446625
LA_E_3090256.flac	1.057875
LA_E_3090481.flac	5.0143125
LA_E_3091003.flac	2.5640625
LA_E_3097848.flac	2.08525
LA_E_3105122.flac	3.574125
LA_E_3105599.flac	0.956125
LA_E_3105719.flac	1.720375
LA_E_3105814.flac	3.7840625
LA_E_3105878.flac	2.389
LA_E_3106354.flac	2.6013125
LA_E_3106565.flac	2.684125
LA_E_3108884.flac	1.7895
LA_E_3112501.flac	1.0804375
LA_E_3116026.flac	3.0321875
LA_E_3116875.flac	4.0030625
LA_E_3117704.flac	2.345
LA_E_3118482.flac	2.5126875
LA_E_3119984.flac	2.6871875
LA_E_3125122.flac	4.183
LA_E_3125132.flac	2.216125
LA_E_3125426.flac	2.4685625
LA_E_3126028.flac	4.2603125
LA_E_3126893.flac	3.03025
LA_E_3127221.flac	3.7390625
LA_E_3127561.flac	3.4323125
LA_E_3132909.flac	2.0099375
LA_E_3133075.flac	3.20375
LA_E_3133204.flac	2.4304375
LA_E_3134881.flac	3.1743125
LA_E_3136389.flac	2.7666875
LA_E_3138297.flac	1.597375
LA_E_3139835.flac	1.86075
LA_E_3141295.flac	6.394375
LA_E_3142969.flac	1.2896875
LA_E_3145431.flac	4.0094375
LA_E_3154690.flac	6.2355
LA_E_3155275.flac	2.5378125
LA_E_3156430.flac	2.9719375
LA_E_3157197.flac	3.3185625
LA_E_3157579.flac	6.2675
LA_E_3158186.flac	2.383
LA_E_3161577.flac	1.7799375
LA_E_3161710.flac	5.35425
LA_E_3162248.flac	1.8241875
LA_E_3164918.flac	2.3733125
LA_E_3166035.flac	2.2175
LA_E_3166347.flac	4.0088125
LA_E_3168115.flac	1.6176875
LA_E_3168389.flac	2.706125
LA_E_3168809.flac	3.1458125
LA_E_3169464.flac	1.656625
LA_E_3170701.flac	2.8700625
LA_E_3171618.flac	2.4924375
LA_E_3171940.flac	3.6180625
LA_E_3176211.flac	7.1429375
LA_E_3177069.flac	2.16025
LA_E_3177571.flac	1.346125
LA_E_3179372.flac	1.531375
LA_E_3182162.flac	5.28775
LA_E_3184306.flac	3.3611875
LA_E_3185302.flac	5.2145
LA_E_3185939.flac	3.8033125
LA_E_3189904.flac	1.6205625
LA_E_3190216.flac	2.164375
LA_E_3199077.flac	4.0961875
LA_E_3199414.flac	4.304375
LA_E_3200624.flac	2.9359375
LA_E_3200738.flac	3.495125
LA_E_3204337.flac	1.7776875
LA_E_3205899.flac	2.111625
LA_E_3207920.flac	2.9545
LA_E_3209275.flac	6.147375
LA_E_3209589.flac	4.8524375
LA_E_3211125.flac	1.1024375
LA_E_3212868.flac	5.112375
LA_E_3219750.flac	3.7526875
LA_E_3221261.flac	2.064625
LA_E_3223238.flac	2.53925
LA_E_3225381.flac	2.394
LA_E_3226111.flac	2.052125
LA_E_3226264.flac	3.9675625
LA_E_3226329.flac	5.7066875
LA_E_3226373.flac	3.61625
LA_E_3226660.flac	1.822
LA_E_3227905.flac	2.142875
LA_E_3228069.flac	1.269375
LA_E_3229287.flac	3.8486875
LA_E_3231034.flac	1.2396875
LA_E_3231713.flac	3.45025
LA_E_3233972.flac	4.3473125
LA_E_3236471.flac	6.5766875
LA_E_3237419.flac	2.4226875
LA_E_3237473.flac	1.2978125
LA_E_3239828.flac	2.4703125
LA_E_3241361.flac	2.72825
LA_E_3242323.flac	4.46425
LA_E_3243580.flac	4.8665
LA_E_3243965.flac	2.603
LA_E_3245165.flac	2.6463125
LA_E_3246784.flac	2.382
LA_E_3248749.flac	6.6935
LA_E_3249695.flac	3.104125
LA_E_3250999.flac	1.2774375
LA_E_3251437.flac	2.1118125
LA_E_3252545.flac	1.6184375
LA_E_3253903.flac	1.1545
LA_E_3256512.flac	1.3565
LA_E_3257186.flac	0.9728125
LA_E_3257610.flac	1.834125
LA_E_3258934.flac	3.140625
LA_E_3260723.flac	3.939125
LA_E_3261702.flac	3.6615
LA_E_3264244.flac	4.347
LA_E_3267360.flac	2.337875
LA_E_3268198.flac	1.452
LA_E_3270005.flac	2.1290625
LA_E_3271122.flac	3.0855
LA_E_3272173.flac	6.102125
LA_E_3273643.flac	3.108
LA_E_3277639.flac	2.6918125
LA_E_3278587.flac	1.20375
LA_E_3279579.flac	0.9641875
LA_E_3280312.flac	3.5415625
LA_E_3281520.flac	4.859875
LA_E_3281646.flac	2.4103125
LA_E_3282177.flac	3.19575
LA_E_3283467.flac	0.77825
LA_E_3283540.flac	5.5629375
LA_E_3288804.flac	2.3826875
LA_E_3289994.flac	4.34925
LA_E_3293534.flac	3.451625
LA_E_3293930.flac	2.811375
LA_E_3295965.flac	2.253625
LA_E_3297234.flac	2.431875
LA_E_3297518.flac	2.1706875
LA_E_3297557.flac	2.2755
LA_E_3301540.flac	1.687125
LA_E_3302192.flac	3.484375
LA_E_3306156.flac	2.4034375
LA_E_3306343.flac	4.1805
LA_E_3307028.flac	2.7311875
LA_E_3307756.flac	3.7013125
LA_E_3314510.flac	7.0175625
LA_E_3317367.flac	3.56825
LA_E_3318379.flac	2.7268125
LA_E_3320664.flac	2.1173125
LA_E_3321183.flac	2.691875
LA_E_3328867.flac	5.5323125
LA_E_3330543.flac	3.8403125
LA_E_3332323.flac	5.8293125
LA_E_3334050.flac	1.667625
LA_E_3334821.flac	7.5450625
LA_E_3344337.flac	3.6240625
LA_E_3349353.flac	3.549875
LA_E_3349513.flac	2.9443125
LA_E_3355060.flac	3.873875
LA_E_3358225.flac	6.7708125
LA_E_3358578.flac	3.790875
LA_E_3362073.flac	3.64225
LA_E_3366489.flac	3.77275
LA_E_3368112.flac	3.7030625
LA_E_3370560.flac	3.111125
LA_E_3371073.flac	3.5209375
LA_E_3372093.flac	3.3209375
LA_E_3372566.flac	3.452375
LA_E_3376441.flac	2.5063125
LA_E_3378367.flac	3.904375
LA_E_3379393.flac	3.66325
LA_E_3379472.flac	2.131125
LA_E_3381070.flac	4.4753125
LA_E_3382571.flac	1.737625
LA_E_3383203.flac	2.081375
LA_E_3385515.flac	3.9526875
LA_E_3387058.flac	1.4221875
LA_E_3388285.flac	4.0684375
LA_E_3391985.flac	3.856625
LA_E_3396345.flac	2.44275
LA_E_3396772.flac	1.077375
LA_E_3397499.flac	1.82
LA_E_3400951.flac	3.3713125
LA_E_3401767.flac	1.716125
LA_E_3405875.flac	4.174125
LA_E_3406224.flac	1.467125
LA_E_3408258.flac	3.9361875
LA_E_3413141.flac	2.8198125
LA_E_3416324.flac	3.1908125
LA_E_3416428.flac	3.6558125
LA_E_3417613.flac	3.9345
LA_E_3419065.flac	4.6494375
LA_E_3421965.flac	1.5590625
LA_E_3423402.flac	6.6390625
LA_E_3424249.flac	3.836125
LA_E_3424730.flac	2.611875
LA_E_3425812.flac	2.297625
LA_E_3426087.flac	2.5794375
LA_E_3426381.flac	2.9009375
LA_E_3431429.flac	1.642375
LA_E_3432767.flac	2.14125
LA_E_3436623.flac	1.9379375
LA_E_3436959.flac	3.4814375
LA_E_3437879.flac	9.4791875
LA_E_3439753.flac	2.428875
LA_E_3442936.flac	4.43925
LA_E_3444076.flac	7.336375
LA_E_3445039.flac	4.2470625
LA_E_3447705.flac	6.896375
LA_E_3452082.flac	2.275625
LA_E_3452953.flac	2.870375
LA_E_3454049.flac	4.2515
LA_E_3454842.flac	3.3680625
LA_E_3455289.flac	3.2409375
LA_E_3455789.flac	2.432125
LA_E_3458456.flac	10.0
LA_E_3460847.flac	2.049625
LA_E_3464111.flac	2.898625
LA_E_3466600.flac	3.9468125
LA_E_3467867.flac	3.920875
LA_E_3471963.flac	3.11525
LA_E_3476113.flac	4.385625
LA_E_3476714.flac	3.74475
LA_E_3477372.flac	5.1415625
LA_E_3483845.flac	2.431875
LA_E_3484726.flac	3.0940625
LA_E_3486190.flac	1.433875
LA_E_3489613.flac	4.4795
LA_E_3492021.flac	1.4671875
LA_E_3495159.flac	4.3045625
LA_E_3495683.flac	3.432375
LA_E_3496701.flac	4.904
LA_E_3497087.flac	2.94
LA_E_3498353.flac	2.243375
LA_E_3498443.flac	2.89975
LA_E_3502101.flac	3.3235
LA_E_3503947.flac	3.414125
LA_E_3513835.flac	3.2859375
LA_E_3515275.flac	2.766875
LA_E_3515491.flac	2.897
LA_E_3520437.flac	2.2854375
LA_E_3521946.flac	3.6290625
LA_E_3524991.flac	2.1425625
LA_E_3527956.flac	0.765375
LA_E_3529845.flac	0.919125
LA_E_3529975.flac	1.421875
LA_E_3530248.flac	3.6641875
LA_E_3533493.flac	2.1839375
LA_E_3534522.flac	3.19225
LA_E_3536371.flac	3.111875
LA_E_3538290.flac	1.8649375
LA_E_3538586.flac	7.3325
LA_E_3539054.flac	4.832
LA_E_3541939.flac	4.6408125
LA_E_3543097.flac	5.5015625
LA_E_3546231.flac	3.506
LA_E_3551370.flac	8.14075
LA_E_3552546.flac	1.9059375
LA_E_3553568.flac	2.1569375
LA_E_3555515.flac	2.358375
LA_E_3555959.flac	4.5601875
LA_E_3557044.flac	1.8335
LA_E_3558965.flac	4.3846875
LA_E_3559207.flac	2.98275
LA_E_3562137.flac	2.689375
LA_E_3565937.flac	3.2901875
LA_E_3567031.flac	3.2076875
LA_E_3568196.flac	2.4223125
LA_E_3570035.flac	4.4985
LA_E_3571158.flac	1.9983125
LA_E_3571409.flac	2.4726875
LA_E_3577035.flac	2.7234375
LA_E_3577776.flac	2.381125
LA_E_3578907.flac	1.899875
LA_E_3579160.flac	1.4804375
LA_E_3580459.flac	6.2260625
LA_E_3580695.flac	1.601625
LA_E_3581006.flac	3.6200625
LA_E_3581504.flac	2.0524375
LA_E_3582930.flac	2.2585625
LA_E_3590595.flac	5.3764375
LA_E_3591517.flac	5.752625
LA_E_3593020.flac	1.5556875
LA_E_3593479.flac	2.216
LA_E_3594070.flac	4.0940625
LA_E_3595453.flac	3.703375
LA_E_3597358.flac	2.339125
LA_E_3598373.flac	3.81875
LA_E_3598398.flac	3.185625
LA_E_3599657.flac	2.982625
LA_E_3601366.flac	6.2854375
LA_E_3605433.flac	5.116
LA_E_3607606.flac	2.3813125
LA_E_3609940.flac	4.3928125
LA_E_3612892.flac	1.387125
LA_E_3613149.flac	3.6695
LA_E_3614289.flac	3.1015625
LA_E_3621170.flac	2.7285625
LA_E_3626442.flac	1.605625
LA_E_3626853.flac	5.242375
LA_E_3627372.flac	5.92775
LA_E_3628816.flac	5.7590625
LA_E_3629389.flac	2.344875
LA_E_3629647.flac	3.7090625
LA_E_3633666.flac	3.5538125
LA_E_3634933.flac	1.276375
LA_E_3637680.flac	1.73125
LA_E_3639006.flac	5.8493125
LA_E_3641088.flac	2.8965
LA_E_3641123.flac	4.82475
LA_E_3648786.flac	1.578875
LA_E_3651238.flac	1.4435
LA_E_3651291.flac	3.139125
LA_E_3654344.flac	1.697625
LA_E_3655101.flac	3.165875
LA_E_3657009.flac	2.3365
LA_E_3658262.flac	1.83075
LA_E_3659898.flac	3.021875
LA_E_3661926.flac	3.0705625
LA_E_3665350.flac	1.51875
LA_E_3666072.flac	3.3620625
LA_E_3668701.flac	1.6850625
LA_E_3669443.flac	7.0451875
LA_E_3671641.flac	2.427
LA_E_3672637.flac	7.2009375
LA_E_3679209.flac	5.6720625
LA_E_3681100.flac	2.433375
LA_E_3686007.flac	4.0509375
LA_E_3687111.flac	0.82175
LA_E_3691208.flac	1.2231875
LA_E_3692394.flac	2.651375
LA_E_3693738.flac	3.734125
LA_E_3696605.flac	3.45
LA_E_3696673.flac	3.139875
LA_E_3696683.flac	4.0048125
LA_E_3698865.flac	2.3888125
LA_E_3699730.flac	1.5285625
LA_E_3700215.flac	5.3775625
LA_E_3702042.flac	3.4084375
LA_E_3702547.flac	3.10025
LA_E_3703448.flac	3.0935625
LA_E_3704961.flac	2.9795
LA_E_3705616.flac	2.73
LA_E_3706147.flac	1.163875
LA_E_3706402.flac	2.941
LA_E_3707859.flac	2.4051875
LA_E_3710702.flac	2.0988125
LA_E_3718975.flac	1.139125
LA_E_3719378.flac	3.7418125
LA_E_3721288.flac	2.6895625
LA_E_3721637.flac	3.602
LA_E_3721925.flac	3.497625
LA_E_3727699.flac	3.1011875
LA_E_3731341.flac	1.061625
LA_E_3732123.flac	1.464625
LA_E_3733032.flac	4.18025
LA_E_3737188.flac	5.3220625
LA_E_3739109.flac	3.3004375
LA_E_3741023.flac	3.714
LA_E_3744905.flac	2.689875
LA_E_3746504.flac	2.4255
LA_E_3748329.flac	2.1284375
LA_E_3750607.flac	1.297875
LA_E_3750625.flac	3.86225
LA_E_3751967.flac	2.599875
LA_E_3752032.flac	3.7525625
LA_E_3754904.flac	2.132625
LA_E_3756703.flac	2.767125
LA_E_3757017.flac	2.204
LA_E_3757378.flac	3.154625
LA_E_3758069.flac	3.4003125
LA_E_3762322.flac	2.94
LA_E_3767787.flac	6.280375
LA_E_3767984.flac	6.7445625
LA_E_3768336.flac	3.0215
LA_E_3768600.flac	3.182375
LA_E_3770189.flac	1.617125
LA_E_3771600.flac	3.0965625
LA_E_3775468.flac	2.5565625
LA_E_3777919.flac	2.7708125
LA_E_3779174.flac	4.1308125
LA_E_3781933.flac	2.4765
LA_E_3781970.flac	4.905625
LA_E_3782192.flac	2.13075
LA_E_3783078.flac	2.647625
LA_E_3787236.flac	3.1278125
LA_E_3791948.flac	3.7033125
LA_E_3793491.flac	2.7958125
LA_E_3795277.flac	6.468
LA_E_3796020.flac	1.1045625
LA_E_3796398.flac	3.147375
LA_E_3796626.flac	3.7279375
LA_E_3799019.flac	4.617
LA_E_3799235.flac	3.059
LA_E_3799243.flac	2.38475
LA_E_3799313.flac	1.1795625
LA_E_3801648.flac	2.40375
LA_E_3801781.flac	4.011625
LA_E_3804470.flac	4.1675
LA_E_3805878.flac	3.02725
LA_E_3807924.flac	1.9346875
LA_E_3808560.flac	3.1965
LA_E_3809279.flac	5.164375
LA_E_3811699.flac	1.3716875
LA_E_3813927.flac	1.51375
LA_E_3814229.flac	3.05475
LA_E_3815584.flac	1.817625
LA_E_3817123.flac	2.917875
LA_E_3819347.flac	3.9395625
LA_E_3819690.flac	3.79925
LA_E_3820322.flac	1.725375
LA_E_3824259.flac	3.5768125
LA_E_3827295.flac	1.6630625
LA_E_3828016.flac	3.7900625
LA_E_3829218.flac	2.679125
LA_E_3831288.flac	2.7599375
LA_E_3831726.flac	3.1505625
LA_E_3833053.flac	2.90175
LA_E_3834974.flac	2.0884375
LA_E_3835699.flac	3.028
LA_E_3835788.flac	3.718875
LA_E_3836387.flac	4.1344375
LA_E_3836433.flac	1.74225
LA_E_3839327.flac	4.43075
LA_E_3840037.flac	1.4676875
LA_E_3841057.flac	1.603375
LA_E_3841958.flac	0.841
LA_E_3842195.flac	2.1818125
LA_E_3850054.flac	0.8073125
LA_E_3851153.flac	1.845125
LA_E_3851895.flac	6.2073125
LA_E_3852583.flac	1.5655625
LA_E_3852745.flac	2.812875
LA_E_3856880.flac	1.5365625
LA_E_3859437.flac	3.198625
LA_E_3859904.flac	2.2958125
LA_E_3860180.flac	5.2520625
LA_E_3860941.flac	1.5004375
LA_E_3862896.flac	5.0011875
LA_E_3863087.flac	1.3041875
LA_E_3864132.flac	2.98325
LA_E_3864501.flac	4.734125
LA_E_3866444.flac	1.785625
LA_E_3869309.flac	3.412625
LA_E_3871386.flac	4.7324375
LA_E_3876965.flac	2.1890625
LA_E_3877107.flac	4.4716875
LA_E_3879103.flac	3.580625
LA_E_3882965.flac	1.2445625
LA_E_3883293.flac	1.81825
LA_E_3885033.flac	2.173625
LA_E_3885469.flac	4.3931875
LA_E_3888055.flac	2.9845
LA_E_3890504.flac	2.2554375
LA_E_3894962.flac	2.7355
LA_E_3904721.flac	2.32675
LA_E_3908474.flac	2.1695625
LA_E_3908780.flac	1.2720625
LA_E_3908997.flac	4.050375
LA_E_3909862.flac	1.730875
LA_E_3910195.flac	1.3550625
LA_E_3911175.flac	3.835
LA_E_3911375.flac	3.3209375
LA_E_3911538.flac	5.6203125
LA_E_3911795.flac	4.4693125
LA_E_3914377.flac	4.1326875
LA_E_3914596.flac	0.7914375
LA_E_3915302.flac	5.704125
LA_E_3918736.flac	2.2209375
LA_E_3918808.flac	1.67925
LA_E_3919801.flac	10.0
LA_E_3923677.flac	2.7513125
LA_E_3924689.flac	3.326
LA_E_3925062.flac	3.5343125
LA_E_3926124.flac	1.5375
LA_E_3927922.flac	1.490625
LA_E_3931189.flac	2.896375
LA_E_3932473.flac	2.19925
LA_E_3937445.flac	2.2563125
LA_E_3937692.flac	4.09475
LA_E_3939911.flac	2.2439375
LA_E_3941995.flac	3.2405625
LA_E_3942685.flac	2.725
LA_E_3944458.flac	3.3275625
LA_E_3944943.flac	4.478875
LA_E_3952600.flac	2.3840625
LA_E_3953487.flac	1.4670625
LA_E_3953960.flac	2.4308125
LA_E_3955242.flac	3.2038125
LA_E_3955456.flac	2.5209375
LA_E_3956376.flac	0.98925
LA_E_3957927.flac	2.1695
LA_E_3958544.flac	2.75875
LA_E_3968505.flac	1.28225
LA_E_3971555.flac	2.169125
LA_E_3972120.flac	8.0798125
LA_E_3975001.flac	0.8925
LA_E_3978610.flac	3.0280625
LA_E_3979799.flac	3.4460625
LA_E_3986509.flac	1.6305625
LA_E_3987144.flac	2.2190625
LA_E_3988178.flac	5.223
LA_E_3988811.flac	1.2649375
LA_E_3990069.flac	7.7055
LA_E_3992275.flac	1.368875
LA_E_3995467.flac	2.5500625
LA_E_3997066.flac	3.45025
LA_E_3998898.flac	7.5831875
LA_E_4005113.flac	1.77525
LA_E_4008366.flac	1.7790625
LA_E_4009672.flac	2.432125
LA_E_4010029.flac	7.5474375
LA_E_4010312.flac	3.5405625
LA_E_4010569.flac	2.422125
LA_E_4010626.flac	3.4938125
LA_E_4010702.flac	2.29925
LA_E_4011471.flac	2.5143125
LA_E_4011687.flac	1.321125
LA_E_4014332.flac	4.9384375
LA_E_4015243.flac	4.175875
LA_E_4015855.flac	2.6813125
LA_E_4017527.flac	2.65575
LA_E_4019509.flac	2.3368125
LA_E_4019609.flac	1.4906875
LA_E_4020864.flac	2.214625
LA_E_4022756.flac	7.8834375
LA_E_4025042.flac	4.906875
LA_E_4026724.flac	4.6525625
LA_E_4028691.flac	3.36475
LA_E_4030409.flac	7.9911875
LA_E_4031175.flac	5.6268125
LA_E_4032040.flac	3.13275
LA_E_4033432.flac	2.1636875
LA_E_4034748.flac	1.748125
LA_E_4035819.flac	3.0700625
LA_E_4038178.flac	2.8548125
LA_E_4038977.flac	2.8590625
LA_E_4039162.flac	3.9005
LA_E_4039526.flac	3.69125
LA_E_4042947.flac	4.2205625
LA_E_4045912.flac	4.3456875
LA_E_4047829.flac	3.73025
LA_E_4048832.flac	4.00225
LA_E_4049888.flac	2.8943125
LA_E_4055288.flac	7.2230625
LA_E_4055460.flac	2.116875
LA_E_4056412.flac	2.166375
LA_E_4056707.flac	2.5135
LA_E_4060256.flac	1.426
LA_E_4061610.flac	3.77675
LA_E_4063863.flac	2.6899375
LA_E_4067941.flac	3.2330625
LA_E_4067969.flac	5.6381875
LA_E_4069582.flac	0.897
LA_E_4070314.flac	2.345125
LA_E_4072477.flac	3.663
LA_E_4075070.flac	3.9051875
LA_E_4075403.flac	2.606125
LA_E_4075588.flac	3.1516875
LA_E_4075599.flac	1.7789375
LA_E_4081226.flac	1.9340625
LA_E_4083711.flac	2.6483125
LA_E_4086132.flac	1.9655
LA_E_4087863.flac	2.598875
LA_E_4088839.flac	5.555875
LA_E_4089382.flac	2.579375
LA_E_4091934.flac	2.7620625
LA_E_4093138.flac	3.369375
LA_E_4094014.flac	4.736
LA_E_4095288.flac	6.2786875
LA_E_4096188.flac	4.0990625
LA_E_4098854.flac	3.387625
LA_E_4100668.flac	2.7300625
LA_E_4101718.flac	3.406875
LA_E_4103806.flac	1.38075
LA_E_4105794.flac	4.009
LA_E_4108766.flac	2.4628125
LA_E_4109381.flac	2.2815
LA_E_4109841.flac	1.2195
LA_E_4110080.flac	8.0166875
LA_E_4110341.flac	4.660375
LA_E_4110528.flac	5.0270625
LA_E_4117039.flac	1.652625
LA_E_4118414.flac	2.6573125
LA_E_4122001.flac	4.473875
LA_E_4123417.flac	1.0380625
LA_E_4125210.flac	1.0409375
LA_E_4125302.flac	3.9229375
LA_E_4125738.flac	2.6765625
LA_E_4127397.flac	3.1460625
LA_E_4133576.flac	3.6546875
LA_E_4134756.flac	1.7040625
LA_E_4135510.flac	2.262125
LA_E_4139066.flac	4.3078125
LA_E_4139293.flac	4.0055
LA_E_4144881.flac	1.7776875
LA_E_4145157.flac	1.5305625
LA_E_4145418.flac	3.444125
LA_E_4148077.flac	6.2714375
LA_E_4149038.flac	3.3235625
LA_E_4154190.flac	2.5540625
LA_E_4156462.flac	1.6669375
LA_E_4158076.flac	3.0335625
LA_E_4159308.flac	2.102875
LA_E_4160344.flac	5.9205
LA_E_4160690.flac	4.25975
LA_E_4161464.flac	4.1909375
LA_E_4162394.flac	1.824875
LA_E_4162478.flac	5.7018125
LA_E_4162711.flac	3.578875
LA_E_4162943.flac	1.603375
LA_E_4166478.flac	3.2755625
LA_E_4168492.flac	1.3399375
LA_E_4171589.flac	1.8476875
LA_E_4183489.flac	2.3380625
LA_E_4187354.flac	3.3438125
LA_E_4188581.flac	4.2241875
LA_E_4190140.flac	2.968125
LA_E_4193164.flac	1.619875
LA_E_4194072.flac	1.744625
LA_E_4194094.flac	1.94475
LA_E_4195404.flac	1.9464375
LA_E_4200961.flac	2.0926875
LA_E_4201007.flac	2.8981875
LA_E_4201376.flac	7.38275
LA_E_4201730.flac	2.08
LA_E_4203414.flac	2.4703125
LA_E_4203822.flac	5.338
LA_E_4205102.flac	2.7755625
LA_E_4209511.flac	1.5429375
LA_E_4211390.flac	3.109
LA_E_4211984.flac	3.4939375
LA_E_4214594.flac	2.5131875
LA_E_4215065.flac	1.8245625
LA_E_4215166.flac	2.3830625
LA_E_4218431.flac	4.9078125
LA_E_4218665.flac	3.8398125
LA_E_4218692.flac	2.037375
LA_E_4219307.flac	2.04375
LA_E_4220286.flac	2.2131875
LA_E_4222505.flac	3.659375
LA_E_4223148.flac	2.725
LA_E_4224979.flac	3.3656875
LA_E_4227253.flac	2.2195625
LA_E_4229201.flac	5.4569375
LA_E_4230112.flac	4.04425
LA_E_4230529.flac	2.5935
LA_E_4230786.flac	1.874125
LA_E_4231721.flac	5.503875
LA_E_4240113.flac	1.2000625
LA_E_4240286.flac	1.705125
LA_E_4243193.flac	2.3065
LA_E_4244870.flac	4.6950625
LA_E_4245100.flac	3.3928125
LA_E_4247457.flac	2.932375
LA_E_4249241.flac	6.49125
LA_E_4252384.flac	1.5275625
LA_E_4253493.flac	3.4195
LA_E_4254405.flac	1.8443125
LA_E_4255468.flac	4.558125
LA_E_4256335.flac	4.1075
LA_E_4256659.flac	3.0254375
LA_E_4257145.flac	2.0829375
LA_E_4260025.flac	0.9098125
LA_E_4260351.flac	3.19475
LA_E_4260492.flac	2.0675625
LA_E_4260822.flac	3.8303125
LA_E_4263440.flac	2.4941875
LA_E_4270370.flac	2.27025
LA_E_4271876.flac	8.3780625
LA_E_4275810.flac	2.7776875
LA_E_4282641.flac	1.897625
LA_E_4282721.flac	2.092625
LA_E_4283645.flac	3.7353125
LA_E_4285206.flac	5.49025
LA_E_4289423.flac	4.1965625
LA_E_4290424.flac	2.9046875
LA_E_4296589.flac	1.9425625
LA_E_4296886.flac	2.0821875
LA_E_4298108.flac	2.26
LA_E_4298208.flac	2.4229375
LA_E_4298750.flac	1.6116875
LA_E_4299531.flac	2.0026875
LA_E_4299978.flac	7.821
LA_E_4300178.flac	3.1163125
LA_E_4300865.flac	1.1815
LA_E_4302227.flac	2.5064375
LA_E_4303155.flac	3.2363125
LA_E_4304164.flac	2.6188125
LA_E_4306303.flac	4.496
LA_E_4307866.flac	2.8933125
LA_E_4309982.flac	4.98525
LA_E_4311728.flac	5.130875
LA_E_4314652.flac	1.6240625
LA_E_4315462.flac	1.7834375
LA_E_4317659.flac	2.2563125
LA_E_4319351.flac	2.2956875
LA_E_4319542.flac	1.6588125
LA_E_4321849.flac	4.0078125
LA_E_4323447.flac	1.74525
LA_E_4325150.flac	3.879125
LA_E_4325938.flac	2.4228125
LA_E_4327070.flac	3.38375
LA_E_4327082.flac	2.8148125
LA_E_4330523.flac	2.334375
LA_E_4332462.flac	2.20625
LA_E_4334685.flac	4.3444375
LA_E_4335770.flac	3.3175
LA_E_4335942.flac	3.284125
LA_E_4337196.flac	3.9318125
LA_E_4338937.flac	2.9305625
LA_E_4340076.flac	2.5431875
LA_E_4341536.flac	3.262875
LA_E_4342514.flac	1.9701875
LA_E_4343558.flac	1.6610625
LA_E_4345309.flac	2.7570625
LA_E_4346216.flac	1.4955625
LA_E_4346596.flac	2.18975
LA_E_4352190.flac	2.9313125
LA_E_4352964.flac	3.7935
LA_E_4353126.flac	2.5101875
LA_E_4354021.flac	5.1985625
LA_E_4354275.flac	2.39125
LA_E_4355245.flac	2.731125
LA_E_4356119.flac	2.2806875
LA_E_4361221.flac	4.9874375
LA_E_4361685.flac	2.8125625
LA_E_4362341.flac	3.4939375
LA_E_4362344.flac	3.45125
LA_E_4362475.flac	3.53825
LA_E_4366255.flac	2.6455
LA_E_4367946.flac	3.6639375
LA_E_4369617.flac	1.9654375
LA_E_4371122.flac	4.657625
LA_E_4376010.flac	1.008
LA_E_4376058.flac	2.8991875
LA_E_4378946.flac	3.5479375
LA_E_4384573.flac	1.2160625
LA_E_4385597.flac	1.8383125
LA_E_4386628.flac	1.657375
LA_E_4386883.flac	5.5
LA_E_4389833.flac	3.1930625
LA_E_4391553.flac	3.03
LA_E_4394489.flac	3.439375
LA_E_4398468.flac	1.0968125
LA_E_4400231.flac	1.5781875
LA_E_4402351.flac	3.2813125
LA_E_4407516.flac	2.58025
LA_E_4408220.flac	3.1305
LA_E_4408374.flac	4.2675
LA_E_4408837.flac	2.8964375
LA_E_4414755.flac	4.5434375
LA_E_4419558.flac	1.091625
LA_E_4419869.flac	1.6111875
LA_E_4430413.flac	1.9886875
LA_E_4437704.flac	3.347875
LA_E_4438226.flac	3.0585
LA_E_4440655.flac	3.525125
LA_E_4441300.flac	0.7340625
LA_E_4444267.flac	1.8335625
LA_E_4444647.flac	2.058
LA_E_4446740.flac	2.6875625
LA_E_4447217.flac	2.3474375
LA_E_4448446.flac	8.548
LA_E_4449440.flac	2.3581875
LA_E_4452547.flac	6.08125
LA_E_4459879.flac	5.1763125
LA_E_4464382.flac	3.10375
LA_E_4466766.flac	2.835375
LA_E_4468231.flac	4.0011875
LA_E_4469932.flac	3.153125
LA_E_4471468.flac	1.308125
LA_E_4474904.flac	1.944875
LA_E_4475799.flac	2.544375
LA_E_4479086.flac	4.977625
LA_E_4482252.flac	1.4438125
LA_E_4482507.flac	2.0131875
LA_E_4484151.flac	2.644375
LA_E_4485174.flac	4.868
LA_E_4486022.flac	1.077625
LA_E_4486663.flac	1.9883125
LA_E_4487771.flac	4.856125
LA_E_4491326.flac	2.946
LA_E_4494506.flac	2.469
LA_E_4494901.flac	2.510625
LA_E_4496879.flac	1.1189375
LA_E_4498530.flac	2.514875
LA_E_4499392.flac	1.692375
LA_E_4499699.flac	2.9325
LA_E_4501909.flac	2.00975
LA_E_4506817.flac	5.0026875
LA_E_4510443.flac	1.1579375
LA_E_4511874.flac	2.9765
LA_E_4514328.flac	1.800375
LA_E_4514431.flac	0.7299375
LA_E_4519745.flac	2.516
LA_E_4526008.flac	4.84825
LA_E_4526679.flac	2.10525
LA_E_4527336.flac	2.503125
LA_E_4534151.flac	2.899
LA_E_4534762.flac	3.069
LA_E_4534902.flac	1.532
LA_E_4535081.flac	4.01225
LA_E_4544354.flac	5.967
LA_E_4544502.flac	2.752125
LA_E_4544930.flac	2.7281875
LA_E_4547056.flac	3.5805625
LA_E_4550202.flac	3.1048125
LA_E_4550461.flac	1.6744375
LA_E_4551255.flac	3.9356875
LA_E_4553648.flac	3.270625
LA_E_4557471.flac	4.229125
LA_E_4557486.flac	1.7328125
LA_E_4558292.flac	2.06325
LA_E_4560623.flac	2.02325
LA_E_4560756.flac	2.359125
LA_E_4560821.flac	3.0055
LA_E_4562984.flac	3.298
LA_E_4570258.flac	3.2943125
LA_E_4573948.flac	2.1725
LA_E_4574855.flac	1.248375
LA_E_4576020.flac	2.6845
LA_E_4578630.flac	1.579625
LA_E_4578957.flac	6.028
LA_E_4579080.flac	2.6413125
LA_E_4580046.flac	2.01825
LA_E_4581379.flac	2.12825
LA_E_4585091.flac	2.4739375
LA_E_4586107.flac	1.1725
LA_E_4588680.flac	2.6245
LA_E_4589164.flac	7.5468125
LA_E_4592218.flac	2.595625
LA_E_4594525.flac	2.5831875
LA_E_4595589.flac	2.8301875
LA_E_4595991.flac	3.4959375
LA_E_4600993.flac	1.3593125
LA_E_4602301.flac	4.516125
LA_E_4602850.flac	4.425375
LA_E_4605550.flac	1.2760625
LA_E_4605642.flac	1.3890625
LA_E_4607316.flac	2.945625
LA_E_4608134.flac	1.074375
LA_E_4609984.flac	4.60475
LA_E_4612395.flac	2.55825
LA_E_4613806.flac	3.3230625
LA_E_4615561.flac	2.5573125
LA_E_4615588.flac	0.9928125
LA_E_4616491.flac	5.1495
LA_E_4620575.flac	3.025875
LA_E_4621980.flac	2.55875
LA_E_4623123.flac	2.971375
LA_E_4628545.flac	1.9441875
LA_E_4631645.flac	2.0409375
LA_E_4632059.flac	4.3409375
LA_E_4632521.flac	2.8211875
LA_E_4633495.flac	2.5124375
LA_E_4635127.flac	4.704
LA_E_4635996.flac	2.8931875
LA_E_4636621.flac	2.3706875
LA_E_4636630.flac	3.536875
LA_E_4638560.flac	2.866
LA_E_4641137.flac	3.5385
LA_E_4641783.flac	4.138125
LA_E_4644619.flac	4.309125
LA_E_4644881.flac	2.5134375
LA_E_4645291.flac	5.92275
LA_E_4646554.flac	4.8155
LA_E_4647932.flac	1.7305
LA_E_4648354.flac	3.056
LA_E_4648431.flac	3.9795
LA_E_4650316.flac	2.7230625
LA_E_4650657.flac	1.74775
LA_E_4655405.flac	1.4685
LA_E_4659277.flac	3.5390625
LA_E_4664103.flac	2.0243125
LA_E_4665807.flac	6.6099375
LA_E_4667928.flac	2.299875
LA_E_4672326.flac	3.58825
LA_E_4675044.flac	4.30075
LA_E_4676561.flac	1.4821875
LA_E_4676835.flac	2.557
LA_E_4677898.flac	2.4293125
LA_E_4680021.flac	1.1895
LA_E_4680035.flac	1.089375
LA_E_4680180.flac	2.038875
LA_E_4682170.flac	2.033375
LA_E_4683238.flac	1.860375
LA_E_4686836.flac	2.241
LA_E_4687724.flac	2.95475
LA_E_4687742.flac	1.8661875
LA_E_4690785.flac	1.473625
LA_E_4692719.flac	3.7418125
LA_E_4693380.flac	2.7655
LA_E_4696020.flac	2.8149375
LA_E_4699390.flac	3.3275625
LA_E_4704632.flac	4.352125
LA_E_4705549.flac	3.448
LA_E_4705706.flac	3.4594375
LA_E_4707590.flac	1.6545625
LA_E_4707940.flac	1.5963125
LA_E_4713307.flac	2.596
LA_E_4713790.flac	2.381875
LA_E_4715866.flac	2.258375
LA_E_4716734.flac	3.240125
LA_E_4724621.flac	4.5160625
LA_E_4725147.flac	4.62575
LA_E_4726326.flac	2.312875
LA_E_4728212.flac	2.7744375
LA_E_4730448.flac	4.7120625
LA_E_4731730.flac	3.570875
LA_E_4731737.flac	4.1324375
LA_E_4732233.flac	1.9759375
LA_E_4732931.flac	1.5785
LA_E_4735335.flac	3.2926875
LA_E_4735828.flac	1.48325
LA_E_4736340.flac	1.8546875
LA_E_4737940.flac	1.3734375
LA_E_4738668.flac	1.219125
LA_E_4740375.flac	2.53625
LA_E_4740684.flac	4.4699375
LA_E_4741003.flac	2.7420625
LA_E_4741733.flac	5.4485
LA_E_4750253.flac	4.905625
LA_E_4751686.flac	3.6491875
LA_E_4756933.flac	2.0910625
LA_E_4757272.flac	2.4284375
LA_E_4757653.flac	1.915125
LA_E_4759190.flac	3.835875
LA_E_4759816.flac	3.2435
LA_E_4761954.flac	4.2509375
LA_E_4764702.flac	2.827
LA_E_4766005.flac	4.5641875
LA_E_4767190.flac	2.696625
LA_E_4769463.flac	2.9826875
LA_E_4770782.flac	2.161
LA_E_4770958.flac	5.36875
LA_E_4773325.flac	1.90625
LA_E_4773943.flac	1.9448125
LA_E_4775318.flac	1.36825
LA_E_4776951.flac	5.3956875
LA_E_4778030.flac	2.38575
LA_E_4778441.flac	2.016125
LA_E_4782598.flac	4.479125
LA_E_4782945.flac	2.1405625
LA_E_4783656.flac	1.9350625
LA_E_4786877.flac	1.5569375
LA_E_4787047.flac	2.345
LA_E_4787347.flac	2.6541875
LA_E_4789980.flac	1.3783125
LA_E_4790566.flac	2.7595
LA_E_4790567.flac	2.6818125
LA_E_4793033.flac	2.131375
LA_E_4793217.flac	1.896375
LA_E_4801773.flac	5.0705625
LA_E_4805019.flac	6.5365625
LA_E_4807201.flac	2.5028125
LA_E_4808123.flac	3.156375
LA_E_4812539.flac	2.3805625
LA_E_4818058.flac	4.03325
LA_E_4818313.flac	1.8225625
LA_E_4818772.flac	4.7183125
LA_E_4820532.flac	1.644375
LA_E_4821230.flac	6.8565625
LA_E_4822814.flac	5.221
LA_E_4824658.flac	1.948625
LA_E_4829367.flac	3.011625
LA_E_4830330.flac	4.745625
LA_E_4833680.flac	1.6694375
LA_E_4834627.flac	4.27625
LA_E_4835367.flac	2.5283125
LA_E_4837413.flac	1.69525
LA_E_4837462.flac	2.86725
LA_E_4837562.flac	5.2998125
LA_E_4840037.flac	1.7005
LA_E_4842669.flac	2.383875
LA_E_4842713.flac	1.636625
LA_E_4843177.flac	1.168625
LA_E_4847907.flac	2.15425
LA_E_4850719.flac	2.104
LA_E_4852262.flac	2.8555
LA_E_4852565.flac	2.4999375
LA_E_4853385.flac	7.622
LA_E_4855153.flac	4.5845625
LA_E_4857778.flac	1.3545
LA_E_4859171.flac	2.72075
LA_E_4860347.flac	3.3619375
LA_E_4862472.flac	1.8405
LA_E_4863036.flac	3.4806875
LA_E_4864065.flac	3.1545625
LA_E_4866797.flac	1.91875
LA_E_4868592.flac	3.408125
LA_E_4870741.flac	4.264125
LA_E_4876129.flac	3.5885
LA_E_4876410.flac	4.26275
LA_E_4876975.flac	4.06325
LA_E_4877047.flac	5.9959375
LA_E_4877543.flac	4.8180625
LA_E_4880075.flac	2.9806875
LA_E_4881802.flac	3.543
LA_E_4883882.flac	4.5605625
LA_E_4894996.flac	1.915625
LA_E_4896438.flac	2.95175
LA_E_4896807.flac	3.915875
LA_E_4897299.flac	2.5790625
LA_E_4897443.flac	6.498875
LA_E_4898286.flac	2.941625
LA_E_4902993.flac	1.4895625
LA_E_4905348.flac	2.186625
LA_E_4906555.flac	3.012875
LA_E_4906639.flac	6.78475
LA_E_4914907.flac	3.6080625
LA_E_4918166.flac	6.999125
LA_E_4918447.flac	1.846125
LA_E_4918805.flac	2.7645
LA_E_4920018.flac	2.3389375
LA_E_4920751.flac	2.6425
LA_E_4923239.flac	1.7013125
LA_E_4923905.flac	1.9464375
LA_E_4923955.flac	2.8913125
LA_E_4930133.flac	3.2645625
LA_E_4931491.flac	3.100125
LA_E_4932099.flac	2.132875
LA_E_4932386.flac	4.32175
LA_E_4934362.flac	4.778875
LA_E_4934712.flac	1.506875
LA_E_4937442.flac	2.558625
LA_E_4939277.flac	2.0345
LA_E_4940951.flac	3.69125
LA_E_4941056.flac	2.3891875
LA_E_4953159.flac	5.057
LA_E_4956830.flac	1.814625
LA_E_4960323.flac	2.0829375
LA_E_4960422.flac	4.0093125
LA_E_4961010.flac	2.59375
LA_E_4961402.flac	3.4113125
LA_E_4961460.flac	2.212
LA_E_4962374.flac	2.6841875
LA_E_4969637.flac	3.685375
LA_E_4976556.flac	1.358125
LA_E_4976771.flac	1.6141875
LA_E_4977276.flac	4.069375
LA_E_4977885.flac	3.7996875
LA_E_4978292.flac	2.596375
LA_E_4978672.flac	3.5900625
LA_E_4978685.flac	2.3829375
LA_E_4980509.flac	1.8984375
LA_E_4983147.flac	4.3676875
LA_E_4984472.flac	2.7305625
LA_E_4984975.flac	3.81025
LA_E_4987367.flac	1.2906875
LA_E_4988348.flac	2.44375
LA_E_4988430.flac	2.5171875
LA_E_4990264.flac	3.3675
LA_E_4992728.flac	2.91125
LA_E_4994133.flac	1.9810625
LA_E_4995764.flac	2.7051875
LA_E_4997664.flac	1.6924375
LA_E_4998397.flac	2.3159375
LA_E_5001633.flac	2.375125
LA_E_5006599.flac	4.241125
LA_E_5007884.flac	1.41775
LA_E_5009927.flac	1.095375
LA_E_5011575.flac	1.1559375
LA_E_5012260.flac	2.706625
LA_E_5012280.flac	6.912125
LA_E_5012889.flac	3.21075
LA_E_5015729.flac	3.06375
LA_E_5020133.flac	1.78325
LA_E_5020478.flac	2.935125
LA_E_5020666.flac	2.1564375
LA_E_5020769.flac	3.7110625
LA_E_5022429.flac	1.3335625
LA_E_5028801.flac	2.424
LA_E_5029022.flac	3.9720625
LA_E_5033057.flac	3.635
LA_E_5033080.flac	2.6044375
LA_E_5033229.flac	3.412
LA_E_5034525.flac	6.5504375
LA_E_5035508.flac	2.231625
LA_E_5035687.flac	3.3161875
LA_E_5035954.flac	5.1036875
LA_E_5038893.flac	3.20125
LA_E_5041380.flac	6.0496875
LA_E_5042242.flac	6.6213125
LA_E_5042332.flac	2.2990625
LA_E_5043905.flac	2.98325
LA_E_5045335.flac	3.44775
LA_E_5047598.flac	3.4490625
LA_E_5049122.flac	3.07775
LA_E_5049397.flac	5.1566875
LA_E_5050531.flac	6.2991875
LA_E_5054367.flac	0.617
LA_E_5059968.flac	2.637875
LA_E_5063970.flac	3.109
LA_E_5065119.flac	2.667625
LA_E_5067457.flac	1.4431875
LA_E_5068425.flac	2.874125
LA_E_5070447.flac	2.25825
LA_E_5070552.flac	2.123375
LA_E_5071801.flac	4.9805
LA_E_5072399.flac	5.923875
LA_E_5074039.flac	3.2441875
LA_E_5074822.flac	1.943125
LA_E_5078634.flac	1.392
LA_E_5080311.flac	1.89875
LA_E_5090723.flac	2.9896875
LA_E_5094033.flac	1.616375
LA_E_5094290.flac	5.1130625
LA_E_5096098.flac	5.073875
LA_E_5098513.flac	2.8633125
LA_E_5099877.flac	2.857125
LA_E_5100466.flac	2.8140625
LA_E_5104493.flac	0.9284375
LA_E_5104511.flac	4.0048125
LA_E_5105656.flac	1.322375
LA_E_5107653.flac	3.0784375
LA_E_5109285.flac	5.885
LA_E_5109760.flac	2.061
LA_E_5111728.flac	4.345625
LA_E_5112674.flac	3.542
LA_E_5112728.flac	2.421375
LA_E_5112947.flac	1.405
LA_E_5113612.flac	3.5366875
LA_E_5115178.flac	4.9054375
LA_E_5115296.flac	7.5440625
LA_E_5116166.flac	2.4759375
LA_E_5116568.flac	1.5984375
LA_E_5118014.flac	2.7316875
LA_E_5118048.flac	2.165
LA_E_5120967.flac	3.9039375
LA_E_5121466.flac	6.2101875
LA_E_5122373.flac	5.8705625
LA_E_5124066.flac	2.81025
LA_E_5125396.flac	2.4383125
LA_E_5127538.flac	1.4050625
LA_E_5130852.flac	5.5416875
LA_E_5132244.flac	3.1025625
LA_E_5132279.flac	2.6994375
LA_E_5135892.flac	2.17
LA_E_5139448.flac	1.6621875
LA_E_5139708.flac	3.3885625
LA_E_5141742.flac	1.82925
LA_E_5143040.flac	1.4021875
LA_E_5150924.flac	2.671125
LA_E_5152024.flac	0.9599375
LA_E_5152178.flac	2.6175625
LA_E_5153494.flac	4.467875
LA_E_5153588.flac	4.7845625
LA_E_5154337.flac	3.6310625
LA_E_5157926.flac	8.1775
LA_E_5161206.flac	4.7005625
LA_E_5164850.flac	3.959125
LA_E_5166046.flac	3.53425
LA_E_5166927.flac	5.2396875
LA_E_5168021.flac	2.0476875
LA_E_5169792.flac	2.772375
LA_E_5172388.flac	2.830375
LA_E_5172390.flac	3.1454375
LA_E_5172928.flac	4.8588125
LA_E_5173055.flac	2.4653125
LA_E_5173520.flac	8.989625
LA_E_5177327.flac	3.0645625
LA_E_5180224.flac	1.416375
LA_E_5181991.flac	2.64075
LA_E_5182024.flac	7.6734375
LA_E_5184259.flac	3.83525
LA_E_5185449.flac	1.1801875
LA_E_5186738.flac	2.964625
LA_E_5186812.flac	6.4305625
LA_E_5190158.flac	4.62575
LA_E_5192867.flac	2.5413125
LA_E_5192926.flac	3.1039375
LA_E_5194826.flac	4.304
LA_E_5195245.flac	2.1681875
LA_E_5196602.flac	2.7725625
LA_E_5196733.flac	3.1156875
LA_E_5198595.flac	4.8281875
LA_E_5199699.flac	3.9085625
LA_E_5199825.flac	2.9855625
LA_E_5200752.flac	1.101125
LA_E_5205428.flac	1.316125
LA_E_5209656.flac	4.5598125
LA_E_5210371.flac	2.195125
LA_E_5211711.flac	4.5406875
LA_E_5216270.flac	2.2001875
LA_E_5218229.flac	3.064625
LA_E_5225016.flac	1.4618125
LA_E_5225276.flac	4.7410625
LA_E_5227225.flac	7.178
LA_E_5229947.flac	3.4059375
LA_E_5238079.flac	1.7445
LA_E_5238333.flac	1.6003125
LA_E_5241439.flac	1.3853125
LA_E_5246322.flac	4.1519375
LA_E_5248729.flac	4.419875
LA_E_5252960.flac	1.86425
LA_E_5253024.flac	2.9188125
LA_E_5253664.flac	3.2171875
LA_E_5254282.flac	2.813625
LA_E_5254368.flac	3.4200625
LA_E_5254524.flac	2.9815625
LA_E_5257487.flac	3.4025625
LA_E_5258139.flac	4.2990625
LA_E_5258402.flac	2.096125
LA_E_5259536.flac	1.741
LA_E_5259651.flac	1.1388125
LA_E_5261719.flac	7.187625
LA_E_5262789.flac	3.8120625
LA_E_5262931.flac	6.5590625
LA_E_5263726.flac	2.4818125
LA_E_5267982.flac	2.0884375
LA_E_5272845.flac	1.99375
LA_E_5273157.flac	2.5743125
LA_E_5274311.flac	1.90725
LA_E_5275370.flac	3.2665
LA_E_5276693.flac	2.6465
LA_E_5278947.flac	1.251875
LA_E_5282554.flac	3.827875
LA_E_5286972.flac	1.6255625
LA_E_5288313.flac	3.0623125
LA_E_5288472.flac	2.89775
LA_E_5289379.flac	5.057375
LA_E_5290713.flac	3.49825
LA_E_5291337.flac	1.600125
LA_E_5291521.flac	7.7343125
LA_E_5295339.flac	3.366625
LA_E_5296481.flac	2.519125
LA_E_5297089.flac	4.7978125
LA_E_5298517.flac	3.703875
LA_E_5298680.flac	2.544
LA_E_5300607.flac	2.277625
LA_E_5301997.flac	4.437625
LA_E_5305862.flac	1.519375
LA_E_5306842.flac	3.2131875
LA_E_5310762.flac	3.7741875
LA_E_5313973.flac	1.8271875
LA_E_5316231.flac	7.10525
LA_E_5317642.flac	3.9215625
LA_E_5319528.flac	2.262125
LA_E_5320014.flac	3.412625
LA_E_5320791.flac	3.542125
LA_E_5320958.flac	2.7029375
LA_E_5323454.flac	4.56
LA_E_5323652.flac	4.768875
LA_E_5325820.flac	4.1363125
LA_E_5326497.flac	1.8679375
LA_E_5326687.flac	4.0218125
LA_E_5329272.flac	2.001125
LA_E_5331309.flac	2.1711875
LA_E_5335131.flac	2.34425
LA_E_5337846.flac	5.5010625
LA_E_5340134.flac	2.7305
LA_E_5343094.flac	3.6326875
LA_E_5346901.flac	3.406875
LA_E_5353317.flac	5.02025
LA_E_5353578.flac	2.636
LA_E_5353718.flac	1.7899375
LA_E_5354143.flac	7.52925
LA_E_5355292.flac	4.0055
LA_E_5356052.flac	1.73475
LA_E_5357579.flac	3.78
LA_E_5358645.flac	5.538375
LA_E_5361363.flac	1.825
LA_E_5361630.flac	1.251875
LA_E_5362378.flac	1.594
LA_E_5363241.flac	2.1354375
LA_E_5364143.flac	1.958125
LA_E_5366752.flac	5.844125
LA_E_5367133.flac	1.69425
LA_E_5372426.flac	7.96075
LA_E_5373949.flac	4.094
LA_E_5374184.flac	1.0710625
LA_E_5375787.flac	3.2728125
LA_E_5376277.flac	2.9846875
LA_E_5378880.flac	0.9976875
LA_E_5379400.flac	1.146
LA_E_5380165.flac	2.6675625
LA_E_5382759.flac	3.6598125
LA_E_5384110.flac	2.1735
LA_E_5386568.flac	5.4979375
LA_E_5388663.flac	0.7685625
LA_E_5389379.flac	1.3395
LA_E_5392442.flac	2.276875
LA_E_5393829.flac	2.6356875
LA_E_5394154.flac	2.6160625
LA_E_5396727.flac	2.189875
LA_E_5397151.flac	1.8015
LA_E_5398186.flac	2.9818125
LA_E_5399473.flac	3.178625
LA_E_5399550.flac	3.66075
LA_E_5400327.flac	2.7295
LA_E_5406938.flac	2.069
LA_E_5407548.flac	6.64075
LA_E_5410341.flac	2.1196875
LA_E_5411867.flac	1.8535625
LA_E_5412570.flac	2.3078125
LA_E_5417823.flac	1.3275
LA_E_5418787.flac	1.6223125
LA_E_5419661.flac	4.645
LA_E_5420559.flac	6.86
LA_E_5422586.flac	3.026875
LA_E_5422913.flac	1.01425
LA_E_5423834.flac	2.109625
LA_E_5423982.flac	7.5395
LA_E_5432558.flac	1.8695625
LA_E_5433951.flac	3.702625
LA_E_5435639.flac	6.03325
LA_E_5435729.flac	1.186375
LA_E_5437735.flac	2.134375
LA_E_5438767.flac	2.2921875
LA_E_5439039.flac	3.07175
LA_E_5440945.flac	5.624125
LA_E_5441324.flac	6.084
LA_E_5442501.flac	2.933125
LA_E_5450513.flac	2.041625
LA_E_5454508.flac	2.04325
LA_E_5458259.flac	2.84775
LA_E_5460115.flac	2.9799375
LA_E_5461916.flac	4.93075
LA_E_5464649.flac	2.9925625
LA_E_5464898.flac	4.73275
LA_E_5465571.flac	2.332375
LA_E_5465657.flac	1.300875
LA_E_5470983.flac	4.226625
LA_E_5473057.flac	1.9296875
LA_E_5474159.flac	2.8571875
LA_E_5474867.flac	2.208
LA_E_5477512.flac	3.0828125
LA_E_5479759.flac	2.08925
LA_E_5483160.flac	3.154375
LA_E_5484186.flac	3.4211875
LA_E_5485406.flac	3.0373125
LA_E_5486391.flac	3.3708125
LA_E_5487358.flac	3.496375
LA_E_5489925.flac	3.1706875
LA_E_5490690.flac	3.661375
LA_E_5492355.flac	1.9579375
LA_E_5492560.flac	3.4540625
LA_E_5493233.flac	3.0301875
LA_E_5494323.flac	3.9140625
LA_E_5496764.flac	3.830375
LA_E_5498845.flac	4.46575
LA_E_5502551.flac	3.108625
LA_E_5503919.flac	5.075625
LA_E_5504227.flac	1.1328125
LA_E_5506953.flac	2.6891875
LA_E_5507843.flac	2.18275
LA_E_5509568.flac	4.9670625
LA_E_5510782.flac	3.32475
LA_E_5510910.flac	1.7679375
LA_E_5512951.flac	4.4408125
LA_E_5516353.flac	7.37375
LA_E_5516441.flac	1.929625
LA_E_5516562.flac	6.2605625
LA_E_5516706.flac	5.2866875
LA_E_5517478.flac	3.4670625
LA_E_5518989.flac	3.343875
LA_E_5521916.flac	3.004875
LA_E_5522721.flac	2.5539375
LA_E_5522885.flac	3.3309375
LA_E_5522956.flac	2.714
LA_E_5526315.flac	2.8174375
LA_E_5526484.flac	3.32975
LA_E_5528243.flac	0.96825
LA_E_5528319.flac	1.9630625
LA_E_5530561.flac	4.347125
LA_E_5533127.flac	2.5095
LA_E_5535433.flac	2.504625
LA_E_5541086.flac	2.812125
LA_E_5541367.flac	2.04275
LA_E_5543336.flac	2.440375
LA_E_5549172.flac	5.9461875
LA_E_5551187.flac	1.6995625
LA_E_5555520.flac	5.8103125
LA_E_5555908.flac	5.9294375
LA_E_5559059.flac	2.7663125
LA_E_5560328.flac	3.4081875
LA_E_5561613.flac	4.3260625
LA_E_5566156.flac	1.5015
LA_E_5570378.flac	5.3875625
LA_E_5572044.flac	2.9664375
LA_E_5573228.flac	1.59125
LA_E_5586823.flac	4.0225625
LA_E_5587495.flac	1.21575
LA_E_5588035.flac	1.4978125
LA_E_5591261.flac	2.5599375
LA_E_5593348.flac	6.5304375
LA_E_5593909.flac	3.3251875
LA_E_5595026.flac	1.752
LA_E_5597250.flac	2.38725
LA_E_5597432.flac	1.7483125
LA_E_5598212.flac	2.6861875
LA_E_5599883.flac	1.820125
LA_E_5603273.flac	2.017375
LA_E_5605376.flac	3.405625
LA_E_5611566.flac	5.8173125
LA_E_5612762.flac	4.343125
LA_E_5613445.flac	2.1868125
LA_E_5615859.flac	1.258875
LA_E_5617981.flac	4.00675
LA_E_5620705.flac	1.81175
LA_E_5624723.flac	1.4954375
LA_E_5625467.flac	4.304625
LA_E_5626932.flac	2.870625
LA_E_5634189.flac	2.263
LA_E_5637512.flac	2.112
LA_E_5637935.flac	3.646125
LA_E_5638901.flac	4.1315625
LA_E_5643865.flac	1.82025
LA_E_5645934.flac	1.754875
LA_E_5647196.flac	1.9275625
LA_E_5647315.flac	2.41425
LA_E_5648004.flac	1.28725
LA_E_5648742.flac	2.119125
LA_E_5652038.flac	1.5284375
LA_E_5652631.flac	7.9475625
LA_E_5653762.flac	4.750625
LA_E_5655772.flac	2.5608125
LA_E_5657298.flac	2.67
LA_E_5659458.flac	6.68625
LA_E_5661662.flac	2.1004375
LA_E_5663872.flac	5.3798125
LA_E_5666662.flac	3.869375
LA_E_5667435.flac	2.9785625
LA_E_5669293.flac	3.917625
LA_E_5670686.flac	5.434625
LA_E_5672089.flac	3.91975
LA_E_5675108.flac	4.3899375
LA_E_5676069.flac	2.68325
LA_E_5678434.flac	4.3040625
LA_E_5679294.flac	5.854625
LA_E_5681070.flac	3.8426875
LA_E_5681469.flac	5.7999375
LA_E_5681787.flac	2.0629375
LA_E_5682740.flac	2.104375
LA_E_5682790.flac	3.2058125
LA_E_5684280.flac	2.8914375
LA_E_5688418.flac	5.7110625
LA_E_5691081.flac	5.4959375
LA_E_5693860.flac	3.560875
LA_E_5694987.flac	4.227375
LA_E_5695985.flac	2.146375
LA_E_5699509.flac	2.383
LA_E_5699519.flac	1.276875
LA_E_5700953.flac	0.89325
LA_E_5705954.flac	4.9090625
LA_E_5707290.flac	2.7673125
LA_E_5708451.flac	1.69775
LA_E_5709777.flac	1.373
LA_E_5714850.flac	2.367375
LA_E_5715341.flac	1.804
LA_E_5717721.flac	1.562625
LA_E_5719700.flac	5.573
LA_E_5725717.flac	3.7034375
LA_E_5725746.flac	1.417625
LA_E_5728026.flac	2.190125
LA_E_5729733.flac	2.72575
LA_E_5731575.flac	5.933625
LA_E_5733971.flac	5.516125
LA_E_5734874.flac	2.8068125
LA_E_5735786.flac	1.8473125
LA_E_5739678.flac	2.391
LA_E_5742841.flac	2.6396875
LA_E_5744807.flac	1.326375
LA_E_5748559.flac	1.2479375
LA_E_5753260.flac	2.766125
LA_E_5756546.flac	6.05125
LA_E_5759385.flac	2.453
LA_E_5761384.flac	7.426875
LA_E_5764105.flac	2.217375
LA_E_5765930.flac	3.3408125
LA_E_5773948.flac	3.2375625
LA_E_5774848.flac	3.4971875
LA_E_5778752.flac	2.595875
LA_E_5779443.flac	5.627125
LA_E_5780087.flac	3.0239375
LA_E_5783307.flac	1.3323125
LA_E_5783993.flac	3.325875
LA_E_5786535.flac	0.8718125
LA_E_5790306.flac	5.4728125
LA_E_5790788.flac	5.6159375
LA_E_5796279.flac	4.3761875
LA_E_5796286.flac	3.8865
LA_E_5799031.flac	3.0655625
LA_E_5799773.flac	4.28875
LA_E_5800191.flac	2.3948125
LA_E_5802003.flac	1.0438125
LA_E_5803016.flac	2.0475625
LA_E_5806580.flac	3.0886875
LA_E_5806762.flac	3.652125
LA_E_5807766.flac	2.545125
LA_E_5809479.flac	4.6000625
LA_E_5812311.flac	5.82075
LA_E_5814201.flac	2.4560625
LA_E_5817262.flac	2.05175
LA_E_5820717.flac	2.98525
LA_E_5821103.flac	3.481375
LA_E_5821313.flac	4.261875
LA_E_5824245.flac	3.817625
LA_E_5826513.flac	1.6679375
LA_E_5830119.flac	1.011625
LA_E_5830387.flac	6.5338125
LA_E_5831824.flac	5.220875
LA_E_5833676.flac	1.7900625
LA_E_5834361.flac	3.06875
LA_E_5834589.flac	6.3568125
LA_E_5836297.flac	1.333375
LA_E_5843401.flac	1.2745
LA_E_5847051.flac	3.1179375
LA_E_5848121.flac	2.90325
LA_E_5849185.flac	4.39275
LA_E_5849311.flac	3.7465625
LA_E_5849439.flac	3.879625
LA_E_5853108.flac	2.467875
LA_E_5854743.flac	2.5476875
LA_E_5854875.flac	1.4986875
LA_E_5858180.flac	1.905
LA_E_5859240.flac	5.2005625
LA_E_5862458.flac	1.786
LA_E_5864156.flac	2.3490625
LA_E_5870898.flac	1.900625
LA_E_5871315.flac	2.302
LA_E_5871857.flac	3.3084375
LA_E_5877138.flac	5.202375
LA_E_5879395.flac	1.96825
LA_E_5879818.flac	1.8068125
LA_E_5880394.flac	1.791625
LA_E_5882709.flac	2.8960625
LA_E_5883566.flac	2.3893125
LA_E_5884357.flac	1.7399375
LA_E_5891190.flac	2.33925
LA_E_5891428.flac	4.8579375
LA_E_5894899.flac	4.058
LA_E_5895406.flac	4.821125
LA_E_5895937.flac	4.045125
LA_E_5898586.flac	3.408375
LA_E_5899505.flac	2.988375
LA_E_5901898.flac	3.2611875
LA_E_5903059.flac	6.437625
LA_E_5904777.flac	2.76175
LA_E_5905504.flac	3.139375
LA_E_5907680.flac	3.36675
LA_E_5907690.flac	3.7136875
LA_E_5908054.flac	1.9766875
LA_E_5908921.flac	2.168625
LA_E_5910222.flac	4.0485625
LA_E_5910912.flac	4.9863125
LA_E_5914783.flac	2.1703125
LA_E_5915051.flac	1.704
LA_E_5915680.flac	5.637625
LA_E_5916365.flac	3.9649375
LA_E_5916535.flac	4.1788125
LA_E_5918723.flac	6.902375
LA_E_5919308.flac	2.34375
LA_E_5921096.flac	3.5758125
LA_E_5921891.flac	2.5015
LA_E_5922080.flac	3.4605
LA_E_5923903.flac	2.3463125
LA_E_5927694.flac	4.564375
LA_E_5927944.flac	3.496625
LA_E_5932896.flac	5.80125
LA_E_5935300.flac	7.018
LA_E_5936551.flac	3.9311875
LA_E_5938232.flac	3.10525
LA_E_5947758.flac	1.3043125
LA_E_5949098.flac	2.8710625
LA_E_5950324.flac	4.0059375
LA_E_5951505.flac	1.6228125
LA_E_5955745.flac	2.3195625
LA_E_5956004.flac	5.3829375
LA_E_5956457.flac	2.1529375
LA_E_5956832.flac	5.1820625
LA_E_5957272.flac	3.256875
LA_E_5959564.flac	1.9844375
LA_E_5960915.flac	3.81325
LA_E_5967842.flac	5.643375
LA_E_5969426.flac	2.864
LA_E_5972743.flac	2.355375
LA_E_5973913.flac	3.0714375
LA_E_5978261.flac	1.4409375
LA_E_5979927.flac	1.3643125
LA_E_5980083.flac	2.6275
LA_E_5980440.flac	6.5175
LA_E_5983099.flac	1.426125
LA_E_5986045.flac	2.6885
LA_E_5987208.flac	2.6435
LA_E_5987887.flac	3.4078125
LA_E_5989625.flac	5.243625
LA_E_5994549.flac	2.595125
LA_E_5996172.flac	2.9361875
LA_E_5996757.flac	2.89225
LA_E_5998198.flac	2.462375
LA_E_5999860.flac	1.7839375
LA_E_6000552.flac	2.8143125
LA_E_6000927.flac	3.6633125
LA_E_6001657.flac	6.061125
LA_E_6004858.flac	3.4566875
LA_E_6010516.flac	2.1191875
LA_E_6015230.flac	2.1778125
LA_E_6016638.flac	5.855375
LA_E_6021301.flac	1.775625
LA_E_6024848.flac	1.8918125
LA_E_6024906.flac	1.3103125
LA_E_6030759.flac	4.774875
LA_E_6032190.flac	1.321
LA_E_6033837.flac	3.4071875
LA_E_6035046.flac	0.9896875
LA_E_6040326.flac	2.0763125
LA_E_6040844.flac	0.963625
LA_E_6041806.flac	2.2821875
LA_E_6047145.flac	5.291
LA_E_6049348.flac	3.26025
LA_E_6051489.flac	3.2381875
LA_E_6051543.flac	3.587
LA_E_6053393.flac	2.5731875
LA_E_6053670.flac	1.7389375
LA_E_6060705.flac	1.9863125
LA_E_6063720.flac	1.4208125
LA_E_6067099.flac	2.3355
LA_E_6067185.flac	3.52025
LA_E_6067961.flac	3.7905
LA_E_6073119.flac	2.8924375
LA_E_6073215.flac	5.3439375
LA_E_6074132.flac	3.8368125
LA_E_6077594.flac	3.199
LA_E_6079343.flac	1.831
LA_E_6080590.flac	3.1823125
LA_E_6082233.flac	4.9935625
LA_E_6082799.flac	2.4983125
LA_E_6083042.flac	2.9186875
LA_E_6085100.flac	1.72025
LA_E_6086881.flac	2.616
LA_E_6088426.flac	1.7523125
LA_E_6089620.flac	3.21575
LA_E_6091907.flac	2.1566875
LA_E_6092883.flac	4.983375
LA_E_6093471.flac	3.1113125
LA_E_6096517.flac	1.1168125
LA_E_6096530.flac	2.60525
LA_E_6097525.flac	1.9230625
LA_E_6097708.flac	2.468625
LA_E_6098743.flac	1.2308125
LA_E_6099703.flac	0.85375
LA_E_6104183.flac	4.261
LA_E_6107414.flac	3.66825
LA_E_6108915.flac	3.8194375
LA_E_6108982.flac	7.10075
LA_E_6109029.flac	4.134875
LA_E_6111616.flac	7.7760625
LA_E_6113066.flac	4.064
LA_E_6114045.flac	4.784
LA_E_6114989.flac	4.0009375
LA_E_6118088.flac	3.49825
LA_E_6118571.flac	4.771125
LA_E_6121160.flac	2.988875
LA_E_6121357.flac	4.0149375
LA_E_6124076.flac	4.561
LA_E_6124792.flac	3.320375
LA_E_6126831.flac	2.9694375
LA_E_6126872.flac	2.639375
LA_E_6127525.flac	3.043875
LA_E_6128784.flac	1.9175
LA_E_6130726.flac	2.10525
LA_E_6130752.flac	5.330375
LA_E_6131140.flac	3.338625
LA_E_6133317.flac	1.6498125
LA_E_6135569.flac	4.676875
LA_E_6135912.flac	2.5928125
LA_E_6136041.flac	3.4530625
LA_E_6140651.flac	2.9159375
LA_E_6146322.flac	2.86425
LA_E_6147346.flac	2.8985
LA_E_6147431.flac	3.5813125
LA_E_6147608.flac	0.9080625
LA_E_6147866.flac	2.3924375
LA_E_6148734.flac	2.25825
LA_E_6150229.flac	2.628875
LA_E_6154503.flac	4.5214375
LA_E_6154880.flac	1.377375
LA_E_6156915.flac	2.6809375
LA_E_6157502.flac	3.738875
LA_E_6162524.flac	2.094
LA_E_6163791.flac	1.8993125
LA_E_6164288.flac	4.3533125
LA_E_6164357.flac	2.5799375
LA_E_6165212.flac	1.9814375
LA_E_6172735.flac	3.0285
LA_E_6175282.flac	4.299875
LA_E_6175984.flac	5.0225
LA_E_6177254.flac	1.9010625
LA_E_6177502.flac	2.6238125
LA_E_6177509.flac	1.780625
LA_E_6179166.flac	2.2919375
LA_E_6179971.flac	1.5464375
LA_E_6180594.flac	1.9895
LA_E_6181284.flac	4.063
LA_E_6182113.flac	1.618375
LA_E_6182393.flac	2.9795
LA_E_6187040.flac	5.5780625
LA_E_6190901.flac	1.9400625
LA_E_6191436.flac	1.1653125
LA_E_6195419.flac	4.2408125
LA_E_6196004.flac	4.6728125
LA_E_6197025.flac	2.9226875
LA_E_6198337.flac	3.4923125
LA_E_6203693.flac	2.3035625
LA_E_6205021.flac	7.2135
LA_E_6206706.flac	4.2561875
LA_E_6208740.flac	2.6098125
LA_E_6210128.flac	4.4901875
LA_E_6210318.flac	2.8128125
LA_E_6212174.flac	0.7454375
LA_E_6214690.flac	1.696
LA_E_6217839.flac	2.7729375
LA_E_6222464.flac	2.9780625
LA_E_6222582.flac	2.1723125
LA_E_6223702.flac	2.98175
LA_E_6225683.flac	1.8118125
LA_E_6226411.flac	3.535875
LA_E_6227735.flac	6.6164375
LA_E_6230207.flac	2.16275
LA_E_6231780.flac	2.5568125
LA_E_6234125.flac	1.1185625
LA_E_6234775.flac	3.8384375
LA_E_6235102.flac	2.104875
LA_E_6237111.flac	3.2800625
LA_E_6242330.flac	1.2305625
LA_E_6246933.flac	3.712125
LA_E_6250011.flac	6.2029375
LA_E_6250871.flac	1.988125
LA_E_6251902.flac	1.8216875
LA_E_6254468.flac	2.427875
LA_E_6254578.flac	1.6200625
LA_E_6262749.flac	3.9008125
LA_E_6263223.flac	2.5580625
LA_E_6264645.flac	1.4453125
LA_E_6269453.flac	1.459625
LA_E_6269576.flac	5.3646875
LA_E_6270529.flac	1.8095
LA_E_6275747.flac	1.9540625
LA_E_6275954.flac	2.0269375
LA_E_6276798.flac	4.4645
LA_E_6277598.flac	3.5183125
LA_E_6280289.flac	1.29625
LA_E_6281531.flac	2.5805625
LA_E_6281867.flac	3.016125
LA_E_6286035.flac	3.598
LA_E_6286694.flac	4.1774375
LA_E_6291009.flac	1.761
LA_E_6293125.flac	5.49175
LA_E_6298488.flac	2.151875
LA_E_6300663.flac	4.244125
LA_E_6303602.flac	2.516125
LA_E_6305229.flac	1.78225
LA_E_6305629.flac	3.8353125
LA_E_6311121.flac	3.9443125
LA_E_6311383.flac	2.299875
LA_E_6314733.flac	2.2598125
LA_E_6315695.flac	2.7200625
LA_E_6317606.flac	4.101
LA_E_6319256.flac	2.1523125
LA_E_6320331.flac	5.6543125
LA_E_6320499.flac	2.12
LA_E_6321653.flac	2.6310625
LA_E_6322389.flac	2.07125
LA_E_6322548.flac	3.6264375
LA_E_6324713.flac	1.6554375
LA_E_6327067.flac	4.742625
LA_E_6327702.flac	5.149875
LA_E_6328707.flac	3.5425
LA_E_6330241.flac	3.752375
LA_E_6333219.flac	5.773875
LA_E_6333628.flac	2.384625
LA_E_6333755.flac	2.169375
LA_E_6334125.flac	2.3411875
LA_E_6340455.flac	1.182125
LA_E_6344985.flac	2.936625
LA_E_6347438.flac	1.2921875
LA_E_6348171.flac	5.2050625
LA_E_6348284.flac	3.2219375
LA_E_6348517.flac	1.5463125
LA_E_6351867.flac	5.769375
LA_E_6352151.flac	6.0985625
LA_E_6352674.flac	1.381
LA_E_6358441.flac	2.0341875
LA_E_6361874.flac	1.5811875
LA_E_6362478.flac	1.6173125
LA_E_6374717.flac	1.3753125
LA_E_6377176.flac	4.7599375
LA_E_6377508.flac	1.5089375
LA_E_6378191.flac	3.8371875
LA_E_6379082.flac	1.61975
LA_E_6380815.flac	5.8985
LA_E_6381205.flac	1.1779375
LA_E_6384268.flac	4.523375
LA_E_6384376.flac	2.4569375
LA_E_6387859.flac	2.1115625
LA_E_6391784.flac	4.7785625
LA_E_6392491.flac	2.5940625
LA_E_6394277.flac	4.681625
LA_E_6395551.flac	6.91225
LA_E_6398856.flac	1.304375
LA_E_6400767.flac	4.5656875
LA_E_6401415.flac	2.7666875
LA_E_6402839.flac	2.190375
LA_E_6404596.flac	2.7811875
LA_E_6407490.flac	2.19225
LA_E_6408085.flac	3.02175
LA_E_6410992.flac	3.029125
LA_E_6412291.flac	1.87575
LA_E_6412697.flac	0.9680625
LA_E_6412893.flac	1.8898125
LA_E_6413089.flac	3.145125
LA_E_6414956.flac	2.343125
LA_E_6417952.flac	2.68525
LA_E_6420197.flac	1.945625
LA_E_6420808.flac	1.3938125
LA_E_6422789.flac	2.22875
LA_E_6426282.flac	3.108375
LA_E_6427721.flac	2.062375
LA_E_6435471.flac	3.0594375
LA_E_6436390.flac	3.2418125
LA_E_6437039.flac	2.7960625
LA_E_6438173.flac	8.08975
LA_E_6440474.flac	5.839
LA_E_6448674.flac	0.7191875
LA_E_6450154.flac	1.206625
LA_E_6453022.flac	1.668375
LA_E_6456810.flac	2.5345625
LA_E_6457946.flac	2.0440625
LA_E_6458340.flac	2.33025
LA_E_6459142.flac	2.451875
LA_E_6460554.flac	8.6273125
LA_E_6461031.flac	5.71275
LA_E_6464551.flac	5.7379375
LA_E_6465219.flac	2.8534375
LA_E_6465403.flac	10.0
LA_E_6466070.flac	2.1143125
LA_E_6469369.flac	3.9246875
LA_E_6471498.flac	2.7638125
LA_E_6472883.flac	4.3378125
LA_E_6474616.flac	2.434125
LA_E_6474851.flac	2.0206875
LA_E_6477864.flac	2.12
LA_E_6478988.flac	2.582625
LA_E_6482808.flac	2.01925
LA_E_6483122.flac	1.316375
LA_E_6486500.flac	5.07275
LA_E_6490001.flac	2.7030625
LA_E_6491848.flac	2.0333125
LA_E_6493738.flac	3.5899375
LA_E_6494215.flac	1.5475625
LA_E_6494857.flac	3.830625
LA_E_6498377.flac	4.0464375
LA_E_6500328.flac	2.8443125
LA_E_6500771.flac	3.452375
LA_E_6502047.flac	1.869375
LA_E_6502527.flac	1.176125
LA_E_6506086.flac	3.183
LA_E_6512887.flac	5.5009375
LA_E_6513150.flac	2.2475625
LA_E_6513316.flac	4.4135625
LA_E_6517254.flac	3.9628125
LA_E_6524774.flac	2.2156875
LA_E_6525701.flac	4.99775
LA_E_6528120.flac	2.241375
LA_E_6528285.flac	2.5195
LA_E_6530013.flac	4.1926875
LA_E_6530903.flac	4.7804375
LA_E_6531513.flac	4.9468125
LA_E_6534033.flac	3.1424375
LA_E_6534629.flac	3.6888125
LA_E_6536844.flac	2.893125
LA_E_6538197.flac	2.735375
LA_E_6538349.flac	5.6189375
LA_E_6538573.flac	2.56625
LA_E_6541423.flac	1.6078125
LA_E_6543128.flac	2.3433125
LA_E_6543397.flac	2.9374375
LA_E_6543651.flac	3.02575
LA_E_6545531.flac	1.657375
LA_E_6545733.flac	4.6020625
LA_E_6546064.flac	4.6255625
LA_E_6549733.flac	4.2179375
LA_E_6550399.flac	6.05375
LA_E_6554062.flac	2.553625
LA_E_6554232.flac	4.990125
LA_E_6557161.flac	1.77875
LA_E_6557594.flac	2.6398125
LA_E_6558743.flac	1.0768125
LA_E_6560565.flac	3.4489375
LA_E_6563474.flac	4.47075
LA_E_6564642.flac	1.3205625
LA_E_6565412.flac	1.4659375
LA_E_6566155.flac	2.7675625
LA_E_6566918.flac	2.473625
LA_E_6571419.flac	1.63425
LA_E_6579001.flac	1.620875
LA_E_6583960.flac	1.153875
LA_E_6584930.flac	2.4760625
LA_E_6590829.flac	3.3816875
LA_E_6591646.flac	1.6925625
LA_E_6592171.flac	2.0050625
LA_E_6594888.flac	1.2099375
LA_E_6604598.flac	1.432625
LA_E_6604674.flac	1.8168125
LA_E_6605060.flac	1.953125
LA_E_6605148.flac	1.8225625
LA_E_6605677.flac	2.1295
LA_E_6608336.flac	1.3169375
LA_E_6611481.flac	5.2919375
LA_E_6612099.flac	2.0813125
LA_E_6612187.flac	1.95675
LA_E_6612537.flac	5.0820625
LA_E_6613183.flac	5.142
LA_E_6614587.flac	3.839875
LA_E_6618235.flac	3.9460625
LA_E_6618439.flac	2.5524375
LA_E_6618789.flac	2.1109375
LA_E_6619416.flac	2.4285625
LA_E_6622456.flac	3.7805
LA_E_6623364.flac	2.0669375
LA_E_6624193.flac	1.9175
LA_E_6624227.flac	2.495875
LA_E_6625872.flac	2.31075
LA_E_6626329.flac	3.7004375
LA_E_6629066.flac	5.0065625
LA_E_6629667.flac	1.4654375
LA_E_6629903.flac	2.316
LA_E_6630192.flac	2.725
LA_E_6631554.flac	2.4208125
LA_E_6634098.flac	2.7213125
LA_E_6634820.flac	3.9264375
LA_E_6636695.flac	3.103375
LA_E_6640235.flac	1.91625
LA_E_6644700.flac	1.5789375
LA_E_6646002.flac	2.3193125
LA_E_6646806.flac	5.7571875
LA_E_6657134.flac	2.985875
LA_E_6660515.flac	3.7216875
LA_E_6661466.flac	6.5846875
LA_E_6663453.flac	3.15375
LA_E_6666104.flac	3.6204375
LA_E_6667265.flac	3.6683125
LA_E_6667277.flac	2.676125
LA_E_6668757.flac	3.7935625
LA_E_6670031.flac	2.8958125
LA_E_6670477.flac	1.917875
LA_E_6670520.flac	1.977
LA_E_6671345.flac	1.9608125
LA_E_6671550.flac	2.6255
LA_E_6672442.flac	2.8081875
LA_E_6673166.flac	7.8745625
LA_E_6673960.flac	1.8155625
LA_E_6675341.flac	2.3866875
LA_E_6675608.flac	3.5331875
LA_E_6678373.flac	4.829
LA_E_6679590.flac	2.0399375
LA_E_6680357.flac	5.8818125
LA_E_6682722.flac	1.858375
LA_E_6682739.flac	1.5578125
LA_E_6682904.flac	3.966625
LA_E_6689240.flac	2.0970625
LA_E_6690247.flac	3.432375
LA_E_6693368.flac	2.5579375
LA_E_6694234.flac	2.7369375
LA_E_6697514.flac	4.2155625
LA_E_6698482.flac	1.774875
LA_E_6700068.flac	5.6543125
LA_E_6700133.flac	3.9266875
LA_E_6700367.flac	2.189625
LA_E_6703258.flac	2.7201875
LA_E_6703993.flac	3.347375
LA_E_6707957.flac	8.3094375
LA_E_6709691.flac	1.801375
LA_E_6712731.flac	1.7610625
LA_E_6713182.flac	3.0963125
LA_E_6714303.flac	1.957
LA_E_6714322.flac	3.62575
LA_E_6715481.flac	5.5025
LA_E_6716269.flac	2.4508125
LA_E_6717681.flac	1.7384375
LA_E_6721056.flac	3.0649375
LA_E_6721860.flac	2.6579375
LA_E_6724796.flac	1.302625
LA_E_6727037.flac	3.5793125
LA_E_6727148.flac	2.7655
LA_E_6733261.flac	1.397125
LA_E_6735323.flac	6.5091875
LA_E_6736768.flac	3.170125
LA_E_6737320.flac	1.742125
LA_E_6739280.flac	7.2200625
LA_E_6741285.flac	4.2233125
LA_E_6743083.flac	3.7529375
LA_E_6743136.flac	3.7243125
LA_E_6743299.flac	4.0968125
LA_E_6747587.flac	1.3428125
LA_E_6752855.flac	2.2108125
LA_E_6754023.flac	2.596875
LA_E_6755741.flac	2.174
LA_E_6758797.flac	2.089125
LA_E_6760074.flac	1.9128125
LA_E_6762267.flac	2.82175
LA_E_6763061.flac	3.2650625
LA_E_6763668.flac	2.4258125
LA_E_6764440.flac	2.428
LA_E_6766517.flac	2.583125
LA_E_6766763.flac	1.8136875
LA_E_6767592.flac	3.4540625
LA_E_6775011.flac	3.6985
LA_E_6775383.flac	4.78025
LA_E_6777833.flac	2.8006875
LA_E_6782316.flac	2.541625
LA_E_6782373.flac	5.41875
LA_E_6786808.flac	0.8676875
LA_E_6787784.flac	2.8994375
LA_E_6795491.flac	4.559
LA_E_6795686.flac	1.0579375
LA_E_6798209.flac	7.7826875
LA_E_6798615.flac	2.148625
LA_E_6799052.flac	6.0599375
LA_E_6799946.flac	1.908
LA_E_6800327.flac	3.1514375
LA_E_6809764.flac	4.563625
LA_E_6811188.flac	2.2173125
LA_E_6812580.flac	2.1080625
LA_E_6812818.flac	2.0930625
LA_E_6815564.flac	4.378875
LA_E_6815677.flac	8.33975
LA_E_6816952.flac	3.2615
LA_E_6819050.flac	2.185375
LA_E_6819266.flac	2.5199375
LA_E_6820919.flac	2.4644375
LA_E_6823054.flac	4.3061875
LA_E_6823908.flac	2.598875
LA_E_6824648.flac	1.5398125
LA_E_6826581.flac	2.3305625
LA_E_6826588.flac	2.919125
LA_E_6826863.flac	4.81875
LA_E_6828287.flac	1.559875
LA_E_6832541.flac	2.1439375
LA_E_6832851.flac	2.6395
LA_E_6833291.flac	1.4878125
LA_E_6834032.flac	1.1828125
LA_E_6835683.flac	2.4271875
LA_E_6837798.flac	3.4631875
LA_E_6838726.flac	2.1044375
LA_E_6839162.flac	1.668125
LA_E_6840152.flac	1.719875
LA_E_6841754.flac	2.691625
LA_E_6842104.flac	2.543125
LA_E_6842643.flac	1.2004375
LA_E_6844136.flac	4.2549375
LA_E_6846202.flac	3.584125
LA_E_6846596.flac	3.4011875
LA_E_6847544.flac	1.1141875
LA_E_6849724.flac	2.881875
LA_E_6849727.flac	2.2138125
LA_E_6851179.flac	2.4585625
LA_E_6852611.flac	3.5051875
LA_E_6853859.flac	3.8465
LA_E_6854885.flac	2.6669375
LA_E_6855979.flac	2.5654375
LA_E_6858795.flac	2.547
LA_E_6860936.flac	1.5075
LA_E_6861072.flac	2.420125
LA_E_6862390.flac	1.4520625
LA_E_6862584.flac	1.7761875
LA_E_6864860.flac	2.3794375
LA_E_6865189.flac	2.469375
LA_E_6869555.flac	4.041875
LA_E_6872001.flac	2.8199375
LA_E_6876802.flac	2.8785
LA_E_6881396.flac	3.3245625
LA_E_6888125.flac	5.459625
LA_E_6889075.flac	2.136875
LA_E_6890212.flac	1.967625
LA_E_6890699.flac	3.116625
LA_E_6891184.flac	1.09675
LA_E_6891817.flac	3.27225
LA_E_6892496.flac	4.638875
LA_E_6896678.flac	1.8176875
LA_E_6900044.flac	4.65925
LA_E_6901748.flac	0.7640625
LA_E_6901928.flac	3.111625
LA_E_6902405.flac	1.3924375
LA_E_6903888.flac	3.544375
LA_E_6913896.flac	1.82
LA_E_6914835.flac	6.1525
LA_E_6915836.flac	2.54325
LA_E_6915967.flac	1.7855625
LA_E_6917279.flac	2.821
LA_E_6917841.flac	3.023875
LA_E_6923970.flac	5.6255
LA_E_6925972.flac	2.518875
LA_E_6926399.flac	6.091375
LA_E_6927147.flac	5.937375
LA_E_6927814.flac	3.23725
LA_E_6928826.flac	3.228
LA_E_6928990.flac	2.734
LA_E_6930116.flac	3.4039375
LA_E_6932082.flac	1.0730625
LA_E_6932370.flac	5.762375
LA_E_6932495.flac	2.3855
LA_E_6935470.flac	2.394875
LA_E_6936076.flac	3.3086875
LA_E_6936336.flac	2.344375
LA_E_6936388.flac	2.3740625
LA_E_6937210.flac	3.466
LA_E_6937274.flac	2.742875
LA_E_6939003.flac	1.816625
LA_E_6940028.flac	1.93875
LA_E_6940274.flac	1.7850625
LA_E_6941375.flac	1.8410625
LA_E_6941948.flac	2.717875
LA_E_6942222.flac	2.558625
LA_E_6945617.flac	4.008125
LA_E_6946986.flac	4.342625
LA_E_6947347.flac	3.63975
LA_E_6958911.flac	5.15625
LA_E_6959003.flac	1.6331875
LA_E_6961871.flac	2.6456875
LA_E_6962976.flac	1.3410625
LA_E_6964855.flac	3.5786875
LA_E_6970360.flac	3.33825
LA_E_6971142.flac	3.4120625
LA_E_6973544.flac	3.3375625
LA_E_6977360.flac	1.962
LA_E_6978476.flac	1.58075
LA_E_6985640.flac	4.600375
LA_E_6987590.flac	4.9818125
LA_E_6988595.flac	4.453375
LA_E_6990126.flac	4.2548125
LA_E_6993403.flac	5.804
LA_E_6993883.flac	5.0274375
LA_E_6997994.flac	2.461625
LA_E_7000451.flac	2.1101875
LA_E_7005172.flac	3.10975
LA_E_7005531.flac	2.7799375
LA_E_7007530.flac	1.7896875
LA_E_7008766.flac	2.38425
LA_E_7008866.flac	2.5000625
LA_E_7010038.flac	3.62075
LA_E_7010960.flac	2.8069375
LA_E_7011326.flac	2.686875
LA_E_7013460.flac	2.7288125
LA_E_7015618.flac	4.6435625
LA_E_7015869.flac	2.683875
LA_E_7015986.flac	5.947625
LA_E_7021090.flac	3.495875
LA_E_7021103.flac	2.2905625
LA_E_7023373.flac	1.482875
LA_E_7026040.flac	3.6309375
LA_E_7027534.flac	5.82275
LA_E_7029003.flac	3.3804375
LA_E_7029916.flac	4.0045625
LA_E_7033540.flac	2.9065625
LA_E_7033851.flac	5.5040625
LA_E_7035803.flac	3.319
LA_E_7035858.flac	2.5243125
LA_E_7037148.flac	2.8499375
LA_E_7039349.flac	2.5148125
LA_E_7040714.flac	3.2185
LA_E_7040729.flac	3.1436875
LA_E_7040813.flac	1.7695625
LA_E_7042547.flac	4.0591875
LA_E_7043918.flac	2.4235
LA_E_7044717.flac	1.3390625
LA_E_7044888.flac	1.7781875
LA_E_7050082.flac	2.6479375
LA_E_7052719.flac	2.9899375
LA_E_7056223.flac	2.2088125
LA_E_7056254.flac	2.3993125
LA_E_7056845.flac	3.581375
LA_E_7060739.flac	3.38725
LA_E_7065964.flac	6.108125
LA_E_7069231.flac	2.4295
LA_E_7069517.flac	2.30375
LA_E_7069826.flac	1.5615
LA_E_7071790.flac	2.7715
LA_E_7072688.flac	2.2129375
LA_E_7073207.flac	3.492625
LA_E_7075375.flac	3.7824375
LA_E_7078051.flac	2.4039375
LA_E_7078099.flac	2.7694375
LA_E_7080274.flac	2.8303125
LA_E_7083585.flac	1.815375
LA_E_7086427.flac	3.4075625
LA_E_7086679.flac	3.3016875
LA_E_7088461.flac	4.684125
LA_E_7089129.flac	2.44725
LA_E_7090503.flac	3.3058125
LA_E_7091616.flac	1.2961875
LA_E_7091795.flac	4.917875
LA_E_7092727.flac	4.476875
LA_E_7093561.flac	2.5288125
LA_E_7101242.flac	3.0225625
LA_E_7101785.flac	2.5144375
LA_E_7102147.flac	1.254125
LA_E_7105138.flac	7.0739375
LA_E_7105264.flac	5.5909375
LA_E_7108469.flac	2.163375
LA_E_7109379.flac	4.2373125
LA_E_7111621.flac	6.09225
LA_E_7111931.flac	1.1798125
LA_E_7114141.flac	2.423375
LA_E_7114312.flac	2.0643125
LA_E_7115826.flac	0.976125
LA_E_7118208.flac	1.9273125
LA_E_7120843.flac	2.7599375
LA_E_7120892.flac	3.3105625
LA_E_7121601.flac	2.46125
LA_E_7121730.flac	4.0325
LA_E_7125272.flac	3.1829375
LA_E_7127059.flac	4.902375
LA_E_7131679.flac	3.5369375
LA_E_7131768.flac	3.5786875
LA_E_7132313.flac	2.143125
LA_E_7133328.flac	3.3059375
LA_E_7140339.flac	3.1326875
LA_E_7141383.flac	4.3490625
LA_E_7142399.flac	1.3581875
LA_E_7148584.flac	2.0354375
LA_E_7148802.flac	2.823
LA_E_7149662.flac	4.0033125
LA_E_7151686.flac	3.5441875
LA_E_7156467.flac	1.902
LA_E_7157393.flac	1.153
LA_E_7158573.flac	2.26275
LA_E_7162326.flac	1.689375
LA_E_7167069.flac	3.4955
LA_E_7169620.flac	4.3456875
LA_E_7170114.flac	4.045
LA_E_7170190.flac	2.7699375
LA_E_7172190.flac	2.2200625
LA_E_7174925.flac	3.6219375
LA_E_7175917.flac	1.344125
LA_E_7180218.flac	2.5053125
LA_E_7181452.flac	1.2185625
LA_E_7184368.flac	3.408875
LA_E_7185036.flac	6.2188125
LA_E_7192318.flac	4.86025
LA_E_7192618.flac	4.2625625
LA_E_7193573.flac	3.2639375
LA_E_7195478.flac	3.1084375
LA_E_7195650.flac	7.8128125
LA_E_7198219.flac	2.6836875
LA_E_7199119.flac	3.7518125
LA_E_7201880.flac	1.0268125
LA_E_7202338.flac	2.3818125
LA_E_7203940.flac	2.4419375
LA_E_7205247.flac	3.3685625
LA_E_7205743.flac	1.9220625
LA_E_7206782.flac	1.6818125
LA_E_7210306.flac	1.94425
LA_E_7210471.flac	6.5568125
LA_E_7215224.flac	3.8031875
LA_E_7217178.flac	2.8405625
LA_E_7218200.flac	3.2794375
LA_E_7221379.flac	2.298625
LA_E_7223010.flac	3.3354375
LA_E_7224206.flac	0.729125
LA_E_7225884.flac	3.4394375
LA_E_7230082.flac	3.00525
LA_E_7233536.flac	4.1741875
LA_E_7242657.flac	4.6069375
LA_E_7243029.flac	4.0494375
LA_E_7245357.flac	3.2836875
LA_E_7245666.flac	4.9733125
LA_E_7245677.flac	0.841875
LA_E_7249013.flac	1.78525
LA_E_7249494.flac	4.827
LA_E_7251638.flac	3.66725
LA_E_7253723.flac	2.2035
LA_E_7255033.flac	5.5873125
LA_E_7255595.flac	3.150125
LA_E_7257422.flac	2.8425625
LA_E_7258857.flac	3.703875
LA_E_7260799.flac	1.5406875
LA_E_7264644.flac	3.1983125
LA_E_7264712.flac	2.21525
LA_E_7265697.flac	1.528
LA_E_7269861.flac	2.898625
LA_E_7271625.flac	2.5449375
LA_E_7274791.flac	3.140125
LA_E_7277692.flac	1.6675
LA_E_7283330.flac	3.5459375
LA_E_7283951.flac	2.0283125
LA_E_7285905.flac	2.0445
LA_E_7291384.flac	0.9696875
LA_E_7293531.flac	2.0236875
LA_E_7295584.flac	1.3708125
LA_E_7301511.flac	3.5729375
LA_E_7301525.flac	1.7301875
LA_E_7303469.flac	2.75075
LA_E_7305016.flac	2.207125
LA_E_7305496.flac	1.404375
LA_E_7306017.flac	4.5121875
LA_E_7307031.flac	3.283875
LA_E_7307073.flac	1.9903125
LA_E_7308689.flac	2.9966875
LA_E_7310850.flac	1.707875
LA_E_7311063.flac	4.80275
LA_E_7312160.flac	3.1829375
LA_E_7312742.flac	2.2613125
LA_E_7314204.flac	4.9915
LA_E_7317188.flac	2.728125
LA_E_7320481.flac	2.8980625
LA_E_7327749.flac	7.0624375
LA_E_7327904.flac	4.45525
LA_E_7329667.flac	9.98075
LA_E_7329887.flac	2.766625
LA_E_7338300.flac	2.3089375
LA_E_7344119.flac	2.8160625
LA_E_7344468.flac	2.472
LA_E_7345326.flac	2.4929375
LA_E_7345424.flac	4.04675
LA_E_7346383.flac	2.3393125
LA_E_7348188.flac	3.9486875
LA_E_7349274.flac	4.478125
LA_E_7350340.flac	1.342375
LA_E_7354362.flac	2.4129375
LA_E_7355101.flac	4.0469375
LA_E_7355163.flac	1.410125
LA_E_7355806.flac	4.0465
LA_E_7357545.flac	1.2664375
LA_E_7358132.flac	3.2851875
LA_E_7358688.flac	2.8529375
LA_E_7359399.flac	1.574875
LA_E_7360187.flac	2.293125
LA_E_7361996.flac	1.821625
LA_E_7365019.flac	4.3749375
LA_E_7367548.flac	2.00825
LA_E_7369408.flac	3.196625
LA_E_7370114.flac	2.274
LA_E_7373086.flac	1.491625
LA_E_7374753.flac	3.849625
LA_E_7375523.flac	3.102875
LA_E_7375595.flac	3.0149375
LA_E_7377457.flac	2.425875
LA_E_7378842.flac	1.2553125
LA_E_7383206.flac	2.42025
LA_E_7385689.flac	1.301125
LA_E_7388854.flac	3.45075
LA_E_7391570.flac	7.772625
LA_E_7392079.flac	1.9490625
LA_E_7392863.flac	1.9105625
LA_E_7396859.flac	2.61575
LA_E_7402680.flac	4.096875
LA_E_7404234.flac	5.9305
LA_E_7404410.flac	4.69125
LA_E_7405314.flac	4.86175
LA_E_7411665.flac	3.666875
LA_E_7412133.flac	3.0635625
LA_E_7413352.flac	4.002375
LA_E_7413935.flac	2.2161875
LA_E_7414011.flac	2.6685
LA_E_7415084.flac	2.13125
LA_E_7416235.flac	1.5821875
LA_E_7417072.flac	5.48825
LA_E_7418800.flac	2.0853125
LA_E_7419946.flac	6.181625
LA_E_7420183.flac	4.090125
LA_E_7420912.flac	2.7293125
LA_E_7424359.flac	3.7315
LA_E_7424659.flac	0.728625
LA_E_7433825.flac	2.3959375
LA_E_7436651.flac	3.70525
LA_E_7437110.flac	2.019
LA_E_7437328.flac	2.2291875
LA_E_7437615.flac	5.163125
LA_E_7440122.flac	3.336125
LA_E_7441290.flac	4.85475
LA_E_7445949.flac	9.534625
LA_E_7447475.flac	3.3644375
LA_E_7449255.flac	0.64525
LA_E_7450918.flac	2.2576875
LA_E_7451878.flac	3.6300625
LA_E_7452185.flac	3.6610625
LA_E_7454400.flac	3.66675
LA_E_7455595.flac	5.3300625
LA_E_7458476.flac	2.798125
LA_E_7461692.flac	1.83175
LA_E_7462445.flac	1.70075
LA_E_7463697.flac	2.34075
LA_E_7466053.flac	3.940125
LA_E_7468425.flac	1.125
LA_E_7468466.flac	2.4965
LA_E_7469167.flac	4.4818125
LA_E_7470680.flac	4.39125
LA_E_7472133.flac	2.8565
LA_E_7472335.flac	3.3790625
LA_E_7473103.flac	1.8943125
LA_E_7474146.flac	3.1906875
LA_E_7482404.flac	4.1286875
LA_E_7482442.flac	6.5265
LA_E_7484380.flac	2.679125
LA_E_7486925.flac	2.891375
LA_E_7487309.flac	3.7128125
LA_E_7487825.flac	0.89725
LA_E_7489347.flac	0.9493125
LA_E_7489471.flac	2.14225
LA_E_7490545.flac	4.854
LA_E_7491071.flac	8.614625
LA_E_7491832.flac	4.383875
LA_E_7495210.flac	3.7764375
LA_E_7498267.flac	3.4964375
LA_E_7498639.flac	1.27925
LA_E_7501961.flac	4.2235625
LA_E_7502451.flac	2.716125
LA_E_7503879.flac	2.381125
LA_E_7509462.flac	3.7335
LA_E_7511615.flac	1.6604375
LA_E_7512355.flac	2.59975
LA_E_7514854.flac	5.3050625
LA_E_7516832.flac	5.5285625
LA_E_7517580.flac	4.609
LA_E_7521031.flac	2.9379375
LA_E_7524164.flac	1.8653125
LA_E_7525485.flac	2.288875
LA_E_7527751.flac	3.140875
LA_E_7528744.flac	2.5611875
LA_E_7528771.flac	3.5391875
LA_E_7529100.flac	3.6211875
LA_E_7529288.flac	3.1083125
LA_E_7529966.flac	2.598625
LA_E_7534628.flac	2.3146875
LA_E_7535126.flac	3.465375
LA_E_7535142.flac	3.1161875
LA_E_7535167.flac	6.547625
LA_E_7535961.flac	3.7578125
LA_E_7540120.flac	2.6009375
LA_E_7541157.flac	3.0456875
LA_E_7542205.flac	2.727625
LA_E_7542451.flac	2.856375
LA_E_7544019.flac	1.6155625
LA_E_7546380.flac	1.329
LA_E_7548673.flac	1.6189375
LA_E_7548832.flac	2.3859375
LA_E_7551608.flac	2.4551875
LA_E_7551742.flac	3.2645
LA_E_7552985.flac	4.35175
LA_E_7553846.flac	2.40075
LA_E_7554676.flac	1.45325
LA_E_7557617.flac	3.1523125
LA_E_7557651.flac	4.9466875
LA_E_7559812.flac	1.9786875
LA_E_7566648.flac	1.7544375
LA_E_7566841.flac	6.222
LA_E_7569092.flac	4.392125
LA_E_7571183.flac	1.6346875
LA_E_7578367.flac	2.465875
LA_E_7580724.flac	1.1623125
LA_E_7583863.flac	2.5939375
LA_E_7584007.flac	4.60375
LA_E_7585491.flac	3.67575
LA_E_7586560.flac	2.2493125
LA_E_7587270.flac	6.9771875
LA_E_7590420.flac	2.894875
LA_E_7592122.flac	2.94125
LA_E_7592843.flac	2.526875
LA_E_7595958.flac	2.101375
LA_E_7596138.flac	2.2338125
LA_E_7601183.flac	4.895125
LA_E_7602365.flac	4.7790625
LA_E_7603877.flac	2.796875
LA_E_7605991.flac	1.7305625
LA_E_7606432.flac	6.6378125
LA_E_7606639.flac	4.7986875
LA_E_7607004.flac	2.2485
LA_E_7607438.flac	6.256625
LA_E_7610239.flac	3.110875
LA_E_7610339.flac	6.4409375
LA_E_7611503.flac	2.9643125
LA_E_7614506.flac	2.73
LA_E_7614883.flac	1.93625
LA_E_7615361.flac	4.904875
LA_E_7616492.flac	2.687625
LA_E_7618772.flac	5.4559375
LA_E_7623422.flac	4.778125
LA_E_7623730.flac	2.14775
LA_E_7624028.flac	3.020125
LA_E_7624233.flac	7.3143125
LA_E_7626122.flac	1.8995
LA_E_7629426.flac	3.9120625
LA_E_7634241.flac	2.218375
LA_E_7634652.flac	1.25475
LA_E_7634666.flac	5.4165
LA_E_7636989.flac	0.82275
LA_E_7641990.flac	4.7303125
LA_E_7642353.flac	1.966125
LA_E_7642882.flac	0.979
LA_E_7655061.flac	3.9149375
LA_E_7655544.flac	3.6138125
LA_E_7660191.flac	2.213125
LA_E_7661565.flac	1.8825
LA_E_7665967.flac	3.8366875
LA_E_7668503.flac	5.016125
LA_E_7671573.flac	4.342625
LA_E_7681024.flac	3.3885625
LA_E_7683004.flac	1.47175
LA_E_7684024.flac	1.45725
LA_E_7684855.flac	3.0273125
LA_E_7687170.flac	1.3845
LA_E_7689482.flac	3.26075
LA_E_7691888.flac	3.1063125
LA_E_7692989.flac	1.484375
LA_E_7696344.flac	2.1830625
LA_E_7696822.flac	3.44375
LA_E_7699535.flac	3.6671875
LA_E_7699932.flac	3.421625
LA_E_7701668.flac	3.781
LA_E_7702330.flac	7.1233125
LA_E_7702386.flac	3.0199375
LA_E_7704222.flac	5.2125625
LA_E_7706438.flac	2.491875
LA_E_7714243.flac	1.844625
LA_E_7715335.flac	5.3808125
LA_E_7720415.flac	2.2973125
LA_E_7720483.flac	2.7723125
LA_E_7720667.flac	4.7625
LA_E_7721307.flac	1.371625
LA_E_7722367.flac	6.0429375
LA_E_7723822.flac	3.54475
LA_E_7724381.flac	5.097875
LA_E_7724776.flac	1.056
LA_E_7726733.flac	3.4156875
LA_E_7727649.flac	1.8180625
LA_E_7728665.flac	2.7285
LA_E_7729583.flac	3.6285625
LA_E_7729810.flac	7.81775
LA_E_7733250.flac	2.15575
LA_E_7733353.flac	3.0614375
LA_E_7735753.flac	1.48875
LA_E_7738711.flac	2.68575
LA_E_7738972.flac	2.22625
LA_E_7739965.flac	1.7831875
LA_E_7742876.flac	4.661
LA_E_7745420.flac	1.266
LA_E_7747662.flac	3.8953125
LA_E_7752538.flac	3.4954375
LA_E_7752811.flac	1.4585625
LA_E_7753114.flac	2.429375
LA_E_7753858.flac	3.4009375
LA_E_7755773.flac	1.3065625
LA_E_7756520.flac	7.327125
LA_E_7758229.flac	2.7374375
LA_E_7765096.flac	2.8130625
LA_E_7767620.flac	2.9585
LA_E_7769271.flac	2.7669375
LA_E_7770214.flac	3.38325
LA_E_7771217.flac	2.78225
LA_E_7771730.flac	3.9294375
LA_E_7772919.flac	2.5374375
LA_E_7773674.flac	2.345875
LA_E_7773800.flac	3.25575
LA_E_7773844.flac	1.76975
LA_E_7774254.flac	2.8815625
LA_E_7775814.flac	3.377625
LA_E_7775931.flac	1.64175
LA_E_7778862.flac	5.8695625
LA_E_7779557.flac	2.7510625
LA_E_7780045.flac	3.4208125
LA_E_7783830.flac	3.2879375
LA_E_7784874.flac	2.2290625
LA_E_7785519.flac	2.4361875
LA_E_7787040.flac	2.6814375
LA_E_7790800.flac	2.8535625
LA_E_7803754.flac	2.4431875
LA_E_7805823.flac	2.9801875
LA_E_7806069.flac	1.775875
LA_E_7809750.flac	5.8205625
LA_E_7809906.flac	3.36725
LA_E_7814255.flac	3.198125
LA_E_7818681.flac	3.6203125
LA_E_7824929.flac	2.7693125
LA_E_7826347.flac	1.7438125
LA_E_7826582.flac	1.40475
LA_E_7827613.flac	1.5069375
LA_E_7828699.flac	2.0894375
LA_E_7829235.flac	2.257625
LA_E_7829576.flac	3.858875
LA_E_7831234.flac	2.90775
LA_E_7834050.flac	2.8933125
LA_E_7834133.flac	3.03225
LA_E_7836212.flac	2.9339375
LA_E_7836634.flac	2.1431875
LA_E_7837457.flac	1.4735625
LA_E_7842660.flac	4.569
LA_E_7843046.flac	4.952375
LA_E_7844012.flac	2.3123125
LA_E_7844518.flac	2.683875
LA_E_7845407.flac	3.0250625
LA_E_7852233.flac	1.9284375
LA_E_7853094.flac	3.1068125
LA_E_7853101.flac	4.1825625
LA_E_7853349.flac	3.8060625
LA_E_7862687.flac	2.8979375
LA_E_7867761.flac	2.4299375
LA_E_7869944.flac	3.4409375
LA_E_7871476.flac	1.3058125
LA_E_7876916.flac	3.2910625
LA_E_7878868.flac	1.4968125
LA_E_7879165.flac	3.1599375
LA_E_7888707.flac	3.7781875
LA_E_7889402.flac	5.0608125
LA_E_7890846.flac	6.9989375
LA_E_7893394.flac	1.939375
LA_E_7895492.flac	7.200625
LA_E_7897549.flac	2.313625
LA_E_7898190.flac	2.9323125
LA_E_7898197.flac	2.5430625
LA_E_7899033.flac	4.1798125
LA_E_7899279.flac	2.3579375
LA_E_7900414.flac	1.3395
LA_E_7901118.flac	2.1228125
LA_E_7903427.flac	1.81575
LA_E_7903991.flac	1.741875
LA_E_7905661.flac	2.771375
LA_E_7906673.flac	2.74725
LA_E_7906966.flac	2.00375
LA_E_7911970.flac	8.018375
LA_E_7911971.flac	2.269625
LA_E_7920266.flac	2.106
LA_E_7925288.flac	1.55325
LA_E_7926472.flac	2.083625
LA_E_7926926.flac	5.1041875
LA_E_7927400.flac	2.83275
LA_E_7928410.flac	2.3519375
LA_E_7929918.flac	2.9765
LA_E_7929992.flac	2.7439375
LA_E_7933052.flac	1.660625
LA_E_7933372.flac	2.217875
LA_E_7935847.flac	3.1918125
LA_E_7936776.flac	2.64
LA_E_7938345.flac	2.8956875
LA_E_7947688.flac	2.4196875
LA_E_7948263.flac	2.6359375
LA_E_7953889.flac	1.5141875
LA_E_7954793.flac	3.635875
LA_E_7955880.flac	2.727625
LA_E_7956786.flac	1.4543125
LA_E_7956933.flac	2.683125
LA_E_7957992.flac	6.496
LA_E_7961794.flac	2.130125
LA_E_7963134.flac	3.3904375
LA_E_7965742.flac	3.287875
LA_E_7966542.flac	1.5379375
LA_E_7966888.flac	6.782625
LA_E_7968148.flac	5.04475
LA_E_7968782.flac	1.542
LA_E_7969621.flac	4.04875
LA_E_7970801.flac	2.296875
LA_E_7972980.flac	4.2271875
LA_E_7974034.flac	3.6571875
LA_E_7974081.flac	2.506375
LA_E_7974334.flac	7.1866875
LA_E_7975910.flac	1.3033125
LA_E_7976116.flac	1.1068125
LA_E_7978103.flac	4.9496875
LA_E_7978316.flac	2.168875
LA_E_7980580.flac	1.1073125
LA_E_7980905.flac	1.339375
LA_E_7982332.flac	1.75425
LA_E_7983465.flac	3.1901875
LA_E_7984100.flac	6.3415625
LA_E_7988753.flac	1.0381875
LA_E_7988971.flac	5.0495625
LA_E_7989402.flac	2.5333125
LA_E_7989524.flac	3.1031875
LA_E_7989797.flac	1.5371875
LA_E_7990424.flac	4.0876875
LA_E_7993665.flac	2.33625
LA_E_7993804.flac	2.9003125
LA_E_7994609.flac	2.7074375
LA_E_7995881.flac	1.5154375
LA_E_7999038.flac	2.598125
LA_E_8001082.flac	5.3270625
LA_E_8003395.flac	2.295625
LA_E_8005309.flac	2.4209375
LA_E_8010282.flac	1.685625
LA_E_8010325.flac	3.4785
LA_E_8013167.flac	5.139125
LA_E_8015197.flac	1.592375
LA_E_8016071.flac	3.016625
LA_E_8019085.flac	5.4171875
LA_E_8019593.flac	2.1683125
LA_E_8022678.flac	3.3251875
LA_E_8024088.flac	5.61625
LA_E_8025311.flac	3.2334375
LA_E_8025898.flac	2.89725
LA_E_8027285.flac	2.3356875
LA_E_8033805.flac	1.5186875
LA_E_8034560.flac	2.21475
LA_E_8036754.flac	8.7745
LA_E_8037761.flac	1.879875
LA_E_8037962.flac	1.883625
LA_E_8040017.flac	1.660375
LA_E_8041591.flac	3.4075
LA_E_8045824.flac	1.8991875
LA_E_8048543.flac	2.8555625
LA_E_8052711.flac	3.6134375
LA_E_8052914.flac	4.8093125
LA_E_8053918.flac	4.433
LA_E_8054129.flac	3.231625
LA_E_8057423.flac	1.87325
LA_E_8058877.flac	5.2864375
LA_E_8059687.flac	4.0260625
LA_E_8062096.flac	2.5981875
LA_E_8063353.flac	1.5325
LA_E_8067625.flac	1.9925
LA_E_8067955.flac	2.148875
LA_E_8071098.flac	3.9798125
LA_E_8071260.flac	2.4159375
LA_E_8071445.flac	4.284625
LA_E_8073719.flac	2.646375
LA_E_8074149.flac	1.500375
LA_E_8076347.flac	2.705
LA_E_8077956.flac	3.1524375
LA_E_8080058.flac	6.3473125
LA_E_8080502.flac	4.2130625
LA_E_8080518.flac	2.931125
LA_E_8081142.flac	4.9076875
LA_E_8082032.flac	1.3799375
LA_E_8088757.flac	3.1959375
LA_E_8091568.flac	1.84425
LA_E_8091641.flac	3.28425
LA_E_8091702.flac	0.88825
LA_E_8092028.flac	1.983625
LA_E_8092597.flac	2.2205625
LA_E_8093162.flac	3.8199375
LA_E_8093524.flac	2.9835
LA_E_8094709.flac	2.0835625
LA_E_8098760.flac	2.216875
LA_E_8103691.flac	0.9985625
LA_E_8104163.flac	2.4656875
LA_E_8107216.flac	2.97875
LA_E_8110643.flac	3.6075625
LA_E_8112065.flac	2.60475
LA_E_8114955.flac	3.58475
LA_E_8116046.flac	1.109
LA_E_8116111.flac	2.167
LA_E_8119648.flac	1.2716875
LA_E_8121055.flac	2.4733125
LA_E_8123580.flac	2.984375
LA_E_8124433.flac	4.5465
LA_E_8125468.flac	1.686375
LA_E_8125672.flac	1.3525
LA_E_8127949.flac	4.14625
LA_E_8129742.flac	2.2636875
LA_E_8130140.flac	1.9446875
LA_E_8131346.flac	2.1425625
LA_E_8132183.flac	4.7691875
LA_E_8133176.flac	2.81125
LA_E_8135378.flac	2.289875
LA_E_8141759.flac	2.1366875
LA_E_8142595.flac	3.6166875
LA_E_8143576.flac	3.6594375
LA_E_8145526.flac	2.2795625
LA_E_8146673.flac	6.043
LA_E_8148343.flac	5.541125
LA_E_8155315.flac	2.3028125
LA_E_8158151.flac	4.2965625
LA_E_8161304.flac	2.8495625
LA_E_8165749.flac	3.0293125
LA_E_8165974.flac	3.120125
LA_E_8166486.flac	2.6866875
LA_E_8166676.flac	2.9825625
LA_E_8166884.flac	4.861375
LA_E_8168542.flac	2.0549375
LA_E_8170881.flac	3.453375
LA_E_8171325.flac	3.5366875
LA_E_8171472.flac	1.17425
LA_E_8173963.flac	2.4716875
LA_E_8176602.flac	1.647625
LA_E_8177958.flac	5.6296875
LA_E_8178042.flac	2.9551875
LA_E_8178330.flac	4.1376875
LA_E_8178487.flac	1.83025
LA_E_8179051.flac	4.8035625
LA_E_8179906.flac	1.1815625
LA_E_8182588.flac	2.3948125
LA_E_8182810.flac	3.845
LA_E_8183962.flac	0.9788125
LA_E_8189776.flac	4.0935
LA_E_8189792.flac	2.9015625
LA_E_8190016.flac	4.5046875
LA_E_8190107.flac	2.003125
LA_E_8192548.flac	2.8934375
LA_E_8192605.flac	2.3483125
LA_E_8192703.flac	1.4059375
LA_E_8193548.flac	1.2245
LA_E_8194735.flac	1.3025
LA_E_8195560.flac	4.5996875
LA_E_8199227.flac	5.7559375
LA_E_8200655.flac	2.090875
LA_E_8202042.flac	2.0619375
LA_E_8202624.flac	2.98425
LA_E_8202648.flac	3.5433125
LA_E_8204720.flac	5.6080625
LA_E_8204966.flac	2.0915625
LA_E_8209786.flac	3.534875
LA_E_8210449.flac	2.807875
LA_E_8210577.flac	1.09075
LA_E_8212463.flac	3.44775
LA_E_8215054.flac	1.327875
LA_E_8216357.flac	1.8535
LA_E_8217469.flac	4.241875
LA_E_8220852.flac	4.829625
LA_E_8221617.flac	1.790875
LA_E_8225502.flac	3.33025
LA_E_8225965.flac	5.3705
LA_E_8227977.flac	2.5160625
LA_E_8228779.flac	2.174375
LA_E_8231561.flac	3.8698125
LA_E_8235766.flac	3.143625
LA_E_8240695.flac	4.0041875
LA_E_8241198.flac	2.966875
LA_E_8245900.flac	2.971
LA_E_8247451.flac	4.9836875
LA_E_8248877.flac	1.2748125
LA_E_8249225.flac	3.0920625
LA_E_8249275.flac	2.2086875
LA_E_8250108.flac	3.743625
LA_E_8251462.flac	1.3275
LA_E_8251923.flac	7.1685625
LA_E_8255234.flac	1.9821875
LA_E_8256627.flac	2.5160625
LA_E_8258114.flac	6.0205
LA_E_8258385.flac	5.7169375
LA_E_8260926.flac	2.9831875
LA_E_8261559.flac	2.5094375
LA_E_8264202.flac	2.502625
LA_E_8265036.flac	2.814
LA_E_8265411.flac	3.325875
LA_E_8265904.flac	2.595
LA_E_8269981.flac	2.2011875
LA_E_8271513.flac	1.509125
LA_E_8275947.flac	5.0256875
LA_E_8278317.flac	2.307625
LA_E_8280645.flac	3.383
LA_E_8281985.flac	3.7404375
LA_E_8285179.flac	4.0213125
LA_E_8289113.flac	5.942875
LA_E_8290318.flac	3.8166875
LA_E_8292345.flac	4.2204375
LA_E_8292980.flac	3.0624375
LA_E_8293178.flac	5.1139375
LA_E_8294205.flac	2.43075
LA_E_8297219.flac	1.433125
LA_E_8298547.flac	2.78775
LA_E_8300598.flac	2.118625
LA_E_8302699.flac	4.5585625
LA_E_8303442.flac	3.9680625
LA_E_8308606.flac	2.1475
LA_E_8309808.flac	5.7365625
LA_E_8309979.flac	3.9621875
LA_E_8310484.flac	4.0480625
LA_E_8311666.flac	1.7366875
LA_E_8316155.flac	6.0138125
LA_E_8316618.flac	1.794375
LA_E_8317440.flac	1.294625
LA_E_8317443.flac	1.864875
LA_E_8321249.flac	2.2451875
LA_E_8322259.flac	5.494875
LA_E_8325002.flac	1.506375
LA_E_8326212.flac	3.395125
LA_E_8326492.flac	2.501875
LA_E_8328224.flac	3.1935625
LA_E_8328874.flac	1.5493125
LA_E_8330194.flac	2.3749375
LA_E_8330636.flac	3.6183125
LA_E_8331956.flac	3.1421875
LA_E_8334807.flac	4.605
LA_E_8336452.flac	3.92075
LA_E_8336806.flac	4.4325625
LA_E_8338696.flac	1.3424375
LA_E_8339197.flac	1.456625
LA_E_8340119.flac	2.7716875
LA_E_8344500.flac	3.9299375
LA_E_8347895.flac	2.1235625
LA_E_8349153.flac	4.43925
LA_E_8349434.flac	2.0775625
LA_E_8350195.flac	2.4269375
LA_E_8351361.flac	2.593625
LA_E_8354339.flac	3.9175625
LA_E_8356060.flac	1.25675
LA_E_8357084.flac	3.664625
LA_E_8361009.flac	3.6491875
LA_E_8366343.flac	1.1226875
LA_E_8374078.flac	2.6204375
LA_E_8376231.flac	6.683
LA_E_8377817.flac	5.4825625
LA_E_8380278.flac	2.0541875
LA_E_8380973.flac	4.7875
LA_E_8381200.flac	1.6239375
LA_E_8382407.flac	2.0816875
LA_E_8389732.flac	1.7758125
LA_E_8390405.flac	2.747
LA_E_8391675.flac	4.1681875
LA_E_8392996.flac	2.516625
LA_E_8393005.flac	1.602375
LA_E_8394751.flac	3.027375
LA_E_8398042.flac	2.1084375
LA_E_8398583.flac	2.9733125
LA_E_8399265.flac	2.639625
LA_E_8402758.flac	2.8253125
LA_E_8403354.flac	5.28025
LA_E_8403791.flac	3.2176875
LA_E_8403814.flac	2.3024375
LA_E_8405837.flac	3.450625
LA_E_8407834.flac	4.3924375
LA_E_8410320.flac	3.35075
LA_E_8414488.flac	3.19675
LA_E_8417255.flac	3.2809375
LA_E_8420807.flac	2.10325
LA_E_8421723.flac	1.993875
LA_E_8424331.flac	3.700125
LA_E_8425403.flac	3.177125
LA_E_8425668.flac	3.7835625
LA_E_8427476.flac	3.681
LA_E_8429177.flac	2.4636875
LA_E_8432180.flac	2.684625
LA_E_8433980.flac	3.4933125
LA_E_8439581.flac	1.546
LA_E_8439668.flac	3.027
LA_E_8444421.flac	3.6239375
LA_E_8445257.flac	1.9286875
LA_E_8446876.flac	3.5255
LA_E_8447249.flac	3.3348125
LA_E_8448182.flac	3.58825
LA_E_8449593.flac	2.4851875
LA_E_8450317.flac	1.822
LA_E_8453771.flac	2.9789375
LA_E_8459130.flac	2.2925625
LA_E_8459928.flac	4.439625
LA_E_8461469.flac	1.8180625
LA_E_8461516.flac	2.836625
LA_E_8463157.flac	1.3775625
LA_E_8465945.flac	0.7864375
LA_E_8467949.flac	1.444
LA_E_8468002.flac	3.742625
LA_E_8469141.flac	2.992875
LA_E_8469160.flac	4.1348125
LA_E_8469925.flac	1.6150625
LA_E_8472726.flac	1.7440625
LA_E_8475043.flac	3.746
LA_E_8476437.flac	5.40875
LA_E_8477263.flac	1.565625
LA_E_8478574.flac	3.79625
LA_E_8480911.flac	4.0793125
LA_E_8480931.flac	2.0450625
LA_E_8481706.flac	1.8955625
LA_E_8484267.flac	5.57875
LA_E_8485186.flac	2.662125
LA_E_8487695.flac	1.759
LA_E_8487848.flac	1.527375
LA_E_8488000.flac	2.7259375
LA_E_8491935.flac	1.99325
LA_E_8495716.flac	6.779375
LA_E_8496426.flac	1.9365
LA_E_8496705.flac	2.992375
LA_E_8500356.flac	3.0244375
LA_E_8502490.flac	2.8584375
LA_E_8506338.flac	5.2905625
LA_E_8507380.flac	1.8901875
LA_E_8509360.flac	1.827625
LA_E_8509617.flac	1.040875
LA_E_8510463.flac	1.127875
LA_E_8512605.flac	5.973125
LA_E_8513518.flac	2.1070625
LA_E_8513681.flac	3.0723125
LA_E_8513845.flac	5.094375
LA_E_8517767.flac	1.91825
LA_E_8517864.flac	6.0545625
LA_E_8518520.flac	2.0664375
LA_E_8520720.flac	2.314125
LA_E_8521745.flac	2.553875
LA_E_8522062.flac	2.13975
LA_E_8522874.flac	2.6020625
LA_E_8525002.flac	2.77075
LA_E_8525235.flac	1.9863125
LA_E_8531546.flac	4.3033125
LA_E_8532008.flac	4.05025
LA_E_8533155.flac	1.54275
LA_E_8533952.flac	4.3915
LA_E_8534064.flac	3.007125
LA_E_8534622.flac	0.91175
LA_E_8535826.flac	4.26875
LA_E_8536145.flac	1.8635625
LA_E_8538851.flac	1.11825
LA_E_8541934.flac	3.5390625
LA_E_8544944.flac	4.132375
LA_E_8545149.flac	2.046625
LA_E_8546366.flac	2.6474375
LA_E_8548442.flac	1.44625
LA_E_8550589.flac	3.72225
LA_E_8553498.flac	2.341375
LA_E_8554117.flac	6.4631875
LA_E_8556497.flac	4.2343125
LA_E_8558923.flac	3.622125
LA_E_8560070.flac	3.537375
LA_E_8560803.flac	2.651125
LA_E_8562955.flac	1.3346875
LA_E_8563452.flac	4.8731875
LA_E_8564871.flac	1.458625
LA_E_8565560.flac	3.7541875
LA_E_8572945.flac	2.7468125
LA_E_8575465.flac	2.8076875
LA_E_8577624.flac	3.641
LA_E_8579433.flac	2.5645625
LA_E_8581819.flac	2.6028125
LA_E_8585851.flac	1.410625
LA_E_8587908.flac	2.63725
LA_E_8588852.flac	2.1214375
LA_E_8590033.flac	2.0348125
LA_E_8593614.flac	4.3068125
LA_E_8594408.flac	3.922
LA_E_8595324.flac	2.58975
LA_E_8599199.flac	2.017375
LA_E_8599355.flac	3.6895625
LA_E_8600069.flac	1.785875
LA_E_8603018.flac	1.6604375
LA_E_8603691.flac	1.8081875
LA_E_8605057.flac	1.3250625
LA_E_8607046.flac	1.4859375
LA_E_8610522.flac	3.0235625
LA_E_8614578.flac	1.7458125
LA_E_8614899.flac	2.94075
LA_E_8616074.flac	1.473875
LA_E_8617121.flac	4.60275
LA_E_8620955.flac	1.9523125
LA_E_8623985.flac	2.98475
LA_E_8629975.flac	3.81825
LA_E_8630072.flac	2.8948125
LA_E_8631553.flac	3.60075
LA_E_8632976.flac	4.264375
LA_E_8635843.flac	5.1355
LA_E_8635934.flac	2.4670625
LA_E_8636666.flac	8.256375
LA_E_8637006.flac	5.738375
LA_E_8638856.flac	0.9431875
LA_E_8639906.flac	4.677
LA_E_8640811.flac	1.4709375
LA_E_8643182.flac	2.594
LA_E_8651178.flac	4.2183125
LA_E_8655634.flac	6.2566875
LA_E_8656600.flac	2.6105
LA_E_8657710.flac	7.8384375
LA_E_8658165.flac	1.902375
LA_E_8658369.flac	2.181375
LA_E_8662014.flac	4.563375
LA_E_8665300.flac	2.64325
LA_E_8666909.flac	2.979125
LA_E_8667381.flac	2.091
LA_E_8667965.flac	4.283375
LA_E_8670076.flac	2.426
LA_E_8670614.flac	4.561625
LA_E_8670800.flac	2.2958125
LA_E_8672894.flac	3.5829375
LA_E_8673335.flac	0.9413125
LA_E_8674515.flac	3.81675
LA_E_8678037.flac	4.4775625
LA_E_8680038.flac	2.9605625
LA_E_8680650.flac	3.7351875
LA_E_8689459.flac	4.180875
LA_E_8690099.flac	1.9920625
LA_E_8696873.flac	2.5158125
LA_E_8697552.flac	1.722875
LA_E_8699280.flac	1.9434375
LA_E_8703684.flac	4.4855625
LA_E_8708810.flac	2.9835
LA_E_8709536.flac	4.4514375
LA_E_8710031.flac	2.8516875
LA_E_8710836.flac	3.4324375
LA_E_8713676.flac	3.067375
LA_E_8721536.flac	3.7099375
LA_E_8721975.flac	3.3033125
LA_E_8724383.flac	4.567
LA_E_8725018.flac	1.5035625
LA_E_8725705.flac	7.179375
LA_E_8726297.flac	2.0843125
LA_E_8727031.flac	1.1521875
LA_E_8730039.flac	3.138875
LA_E_8730247.flac	2.145625
LA_E_8732967.flac	3.065
LA_E_8734813.flac	4.30475
LA_E_8734945.flac	1.102625
LA_E_8737040.flac	2.7434375
LA_E_8737558.flac	3.3235625
LA_E_8737976.flac	3.8628125
LA_E_8738388.flac	3.152125
LA_E_8738730.flac	1.57875
LA_E_8739004.flac	2.73125
LA_E_8744180.flac	3.5376875
LA_E_8745170.flac	3.415
LA_E_8748841.flac	4.881625
LA_E_8749893.flac	4.417125
LA_E_8751714.flac	1.858
LA_E_8763616.flac	2.2328125
LA_E_8765201.flac	2.6525625
LA_E_8765270.flac	2.4631875
LA_E_8767294.flac	2.682125
LA_E_8768398.flac	1.3550625
LA_E_8769526.flac	2.518625
LA_E_8770170.flac	3.027625
LA_E_8773197.flac	3.4671875
LA_E_8773300.flac	3.6250625
LA_E_8773823.flac	2.396125
LA_E_8779496.flac	4.4348125
LA_E_8780380.flac	2.852125
LA_E_8782715.flac	3.26425
LA_E_8785597.flac	2.8119375
LA_E_8787897.flac	3.1519375
LA_E_8788518.flac	1.910375
LA_E_8789890.flac	2.7390625
LA_E_8790346.flac	3.1854375
LA_E_8792833.flac	2.094875
LA_E_8796577.flac	3.743
LA_E_8799129.flac	1.6584375
LA_E_8800127.flac	2.474625
LA_E_8801635.flac	3.2333125
LA_E_8806575.flac	1.3724375
LA_E_8807631.flac	1.58225
LA_E_8811894.flac	2.172
LA_E_8814547.flac	2.2140625
LA_E_8815028.flac	3.07025
LA_E_8816099.flac	2.89775
LA_E_8816429.flac	3.1126875
LA_E_8816717.flac	5.0765625
LA_E_8816742.flac	2.7729375
LA_E_8819488.flac	4.9656875
LA_E_8820780.flac	2.5143125
LA_E_8826157.flac	2.0041875
LA_E_8829965.flac	2.42625
LA_E_8831194.flac	2.7273125
LA_E_8831392.flac	1.371
LA_E_8833085.flac	3.7558125
LA_E_8835334.flac	1.256
LA_E_8838698.flac	2.696625
LA_E_8839963.flac	2.0131875
LA_E_8842207.flac	4.9649375
LA_E_8844552.flac	4.122
LA_E_8846662.flac	2.347875
LA_E_8847167.flac	3.6698125
LA_E_8847733.flac	1.65825
LA_E_8848495.flac	3.495625
LA_E_8853792.flac	1.5176875
LA_E_8859944.flac	3.1533125
LA_E_8862303.flac	3.02675
LA_E_8863893.flac	4.1365625
LA_E_8864124.flac	1.07075
LA_E_8864606.flac	1.829125
LA_E_8865033.flac	2.78925
LA_E_8868070.flac	2.659375
LA_E_8868279.flac	5.4188125
LA_E_8869026.flac	2.9831875
LA_E_8872199.flac	2.6343125
LA_E_8874378.flac	2.96475
LA_E_8877452.flac	3.9764375
LA_E_8880137.flac	4.003
LA_E_8881049.flac	3.59675
LA_E_8881352.flac	2.771375
LA_E_8885331.flac	1.9375
LA_E_8887423.flac	1.477375
LA_E_8887555.flac	2.97425
LA_E_8891664.flac	3.0711875
LA_E_8891671.flac	2.1808125
LA_E_8893587.flac	3.0764375
LA_E_8895283.flac	1.4280625
LA_E_8898032.flac	2.2714375
LA_E_8900326.flac	2.623125
LA_E_8900452.flac	2.992125
LA_E_8905116.flac	1.7044375
LA_E_8909086.flac	7.0045625
LA_E_8910750.flac	2.384875
LA_E_8911287.flac	3.299125
LA_E_8917694.flac	1.76025
LA_E_8918056.flac	2.153
LA_E_8920100.flac	5.9271875
LA_E_8920893.flac	2.292125
LA_E_8921283.flac	6.500375
LA_E_8923451.flac	2.33175
LA_E_8923639.flac	1.4455
LA_E_8925219.flac	2.184375
LA_E_8926022.flac	4.0551875
LA_E_8931623.flac	4.5559375
LA_E_8932014.flac	2.55675
LA_E_8933340.flac	5.9736875
LA_E_8933736.flac	2.8013125
LA_E_8936464.flac	2.424125
LA_E_8938459.flac	1.9294375
LA_E_8941036.flac	4.138
LA_E_8945158.flac	1.3809375
LA_E_8946450.flac	1.554625
LA_E_8949362.flac	1.9653125
LA_E_8949561.flac	1.6501875
LA_E_8952219.flac	3.4310625
LA_E_8960297.flac	2.404625
LA_E_8961296.flac	2.055625
LA_E_8967581.flac	1.4060625
LA_E_8967962.flac	1.816
LA_E_8968540.flac	2.26375
LA_E_8969062.flac	5.7645
LA_E_8970410.flac	1.3079375
LA_E_8973272.flac	1.7788125
LA_E_8975081.flac	5.4570625
LA_E_8975100.flac	2.576625
LA_E_8975210.flac	4.2969375
LA_E_8979583.flac	9.823375
LA_E_8985539.flac	1.152125
LA_E_8986192.flac	2.145
LA_E_8989601.flac	3.066
LA_E_8992110.flac	2.019375
LA_E_8992946.flac	1.3135
LA_E_8997675.flac	4.3004375
LA_E_8997782.flac	2.9475625
LA_E_9001594.flac	1.7545625
LA_E_9002576.flac	2.5350625
LA_E_9003748.flac	2.771
LA_E_9004026.flac	2.099
LA_E_9005141.flac	2.33625
LA_E_9009632.flac	3.7893125
LA_E_9009960.flac	2.94025
LA_E_9011990.flac	3.1073125
LA_E_9012266.flac	5.4963125
LA_E_9013340.flac	3.55575
LA_E_9014201.flac	4.2154375
LA_E_9014277.flac	4.132625
LA_E_9014434.flac	1.6580625
LA_E_9019707.flac	3.45725
LA_E_9019872.flac	3.295875
LA_E_9020889.flac	3.4929375
LA_E_9021198.flac	1.9145
LA_E_9022467.flac	2.2793125
LA_E_9022647.flac	2.876625
LA_E_9023086.flac	1.7164375
LA_E_9024532.flac	2.9615
LA_E_9028824.flac	5.583125
LA_E_9030808.flac	2.827125
LA_E_9031963.flac	2.198875
LA_E_9031999.flac	2.4731875
LA_E_9032071.flac	1.9789375
LA_E_9032915.flac	2.3490625
LA_E_9033329.flac	2.3150625
LA_E_9038184.flac	2.426625
LA_E_9039296.flac	1.8146875
LA_E_9044707.flac	3.0263125
LA_E_9048798.flac	2.2544375
LA_E_9049453.flac	4.269625
LA_E_9049899.flac	2.6586875
LA_E_9050668.flac	4.9016875
LA_E_9050896.flac	1.6585
LA_E_9053445.flac	4.8195625
LA_E_9053711.flac	2.9018125
LA_E_9054580.flac	6.951625
LA_E_9056541.flac	3.33225
LA_E_9056686.flac	7.8585
LA_E_9057239.flac	3.964875
LA_E_9057966.flac	2.0756875
LA_E_9060068.flac	2.213875
LA_E_9061699.flac	1.6045
LA_E_9061872.flac	1.5794375
LA_E_9063014.flac	2.215375
LA_E_9065069.flac	4.8791875
LA_E_9067234.flac	2.7730625
LA_E_9069603.flac	4.0135
LA_E_9070743.flac	4.0033125
LA_E_9072241.flac	6.478125
LA_E_9074575.flac	1.380875
LA_E_9079866.flac	3.9409375
LA_E_9080927.flac	2.899875
LA_E_9082372.flac	1.1820625
LA_E_9084292.flac	5.5046875
LA_E_9085850.flac	1.2848125
LA_E_9088738.flac	3.4534375
LA_E_9089407.flac	1.8481875
LA_E_9090262.flac	4.3871875
LA_E_9094395.flac	2.2615
LA_E_9097702.flac	2.254375
LA_E_9097767.flac	3.88525
LA_E_9098424.flac	3.4118125
LA_E_9100077.flac	2.030625
LA_E_9102815.flac	3.0143125
LA_E_9103340.flac	3.576875
LA_E_9105563.flac	1.8720625
LA_E_9106574.flac	1.10125
LA_E_9106870.flac	3.535125
LA_E_9110091.flac	7.7329375
LA_E_9110846.flac	2.303125
LA_E_9112176.flac	2.9310625
LA_E_9115913.flac	2.6695625
LA_E_9116952.flac	4.895
LA_E_9120891.flac	1.3063125
LA_E_9125355.flac	2.4571875
LA_E_9125868.flac	2.7065
LA_E_9129430.flac	5.022125
LA_E_9129515.flac	4.2436875
LA_E_9132759.flac	2.0033125
LA_E_9133518.flac	2.219125
LA_E_9135098.flac	3.68
LA_E_9135506.flac	4.7378125
LA_E_9138488.flac	1.936125
LA_E_9139269.flac	4.9864375
LA_E_9139644.flac	5.429625
LA_E_9139950.flac	7.459125
LA_E_9140267.flac	1.6998125
LA_E_9144299.flac	3.3738125
LA_E_9145829.flac	3.1926875
LA_E_9147080.flac	2.6030625
LA_E_9148543.flac	3.02875
LA_E_9149150.flac	1.241
LA_E_9155671.flac	3.5791875
LA_E_9157999.flac	2.7261875
LA_E_9158742.flac	2.5999375
LA_E_9159452.flac	4.275375
LA_E_9161847.flac	2.606375
LA_E_9164318.flac	3.2950625
LA_E_9164582.flac	2.411125
LA_E_9165283.flac	2.8936875
LA_E_9166764.flac	2.942625
LA_E_9167747.flac	5.2554375
LA_E_9168738.flac	2.7864375
LA_E_9169246.flac	4.780625
LA_E_9175808.flac	2.013875
LA_E_9175864.flac	2.435
LA_E_9175983.flac	1.4270625
LA_E_9177311.flac	3.1586875
LA_E_9178798.flac	2.7410625
LA_E_9180942.flac	1.8755625
LA_E_9182250.flac	9.2626875
LA_E_9187229.flac	2.7198125
LA_E_9192392.flac	2.3676875
LA_E_9195169.flac	4.6051875
LA_E_9195444.flac	3.0185625
LA_E_9197172.flac	1.2625625
LA_E_9201365.flac	1.5721875
LA_E_9203884.flac	2.473
LA_E_9205858.flac	1.71525
LA_E_9206614.flac	4.68225
LA_E_9209263.flac	2.72175
LA_E_9210968.flac	1.94275
LA_E_9211667.flac	3.83825
LA_E_9214577.flac	2.596375
LA_E_9218502.flac	2.8986875
LA_E_9218643.flac	3.791875
LA_E_9219120.flac	2.8964375
LA_E_9224868.flac	1.1409375
LA_E_9230617.flac	5.907375
LA_E_9231015.flac	3.38025
LA_E_9232004.flac	3.9341875
LA_E_9234337.flac	5.5025625
LA_E_9234846.flac	3.3244375
LA_E_9237057.flac	2.943
LA_E_9237178.flac	1.8630625
LA_E_9242675.flac	2.7685
LA_E_9247320.flac	1.9621875
LA_E_9249133.flac	5.5061875
LA_E_9250763.flac	1.1595625
LA_E_9251287.flac	1.805875
LA_E_9251290.flac	2.7698125
LA_E_9251837.flac	3.0578125
LA_E_9252711.flac	1.6945625
LA_E_9254712.flac	2.2328125
LA_E_9255544.flac	2.621625
LA_E_9255864.flac	3.9146875
LA_E_9257030.flac	2.7230625
LA_E_9257570.flac	6.93875
LA_E_9259290.flac	3.65975
LA_E_9259498.flac	1.5925
LA_E_9259629.flac	7.1546875
LA_E_9260911.flac	1.3421875
LA_E_9266084.flac	4.09175
LA_E_9266831.flac	2.9838125
LA_E_9271455.flac	4.9351875
LA_E_9272074.flac	3.842375
LA_E_9273175.flac	2.8781875
LA_E_9274391.flac	2.3460625
LA_E_9276097.flac	2.49375
LA_E_9279611.flac	3.478375
LA_E_9281826.flac	2.2085625
LA_E_9281860.flac	2.5334375
LA_E_9283743.flac	2.897875
LA_E_9284761.flac	2.172875
LA_E_9284928.flac	2.0975625
LA_E_9289036.flac	2.1315
LA_E_9290841.flac	3.5348125
LA_E_9294038.flac	3.3113125
LA_E_9298625.flac	1.29675
LA_E_9299846.flac	2.17625
LA_E_9300592.flac	1.188
LA_E_9302957.flac	3.1138125
LA_E_9304484.flac	5.23875
LA_E_9304529.flac	3.9198125
LA_E_9308704.flac	2.2760625
LA_E_9308987.flac	3.7916875
LA_E_9309205.flac	2.893625
LA_E_9309364.flac	7.5811875
LA_E_9315360.flac	2.8568125
LA_E_9316916.flac	3.75225
LA_E_9318500.flac	5.369875
LA_E_9319113.flac	6.4905625
LA_E_9319377.flac	4.344
LA_E_9321431.flac	1.933125
LA_E_9325917.flac	1.8354375
LA_E_9326629.flac	1.9145
LA_E_9327441.flac	4.14325
LA_E_9328266.flac	3.238
LA_E_9330342.flac	2.17725
LA_E_9331242.flac	2.64125
LA_E_9333140.flac	1.39125
LA_E_9342092.flac	2.1308125
LA_E_9345508.flac	4.648875
LA_E_9347318.flac	3.4458125
LA_E_9348205.flac	5.586125
LA_E_9348797.flac	1.6969375
LA_E_9350862.flac	4.303625
LA_E_9351839.flac	1.908625
LA_E_9355244.flac	6.5611875
LA_E_9355726.flac	3.5388125
LA_E_9356401.flac	3.5783125
LA_E_9358075.flac	3.324875
LA_E_9358361.flac	4.0913125
LA_E_9361098.flac	1.6975
LA_E_9362499.flac	3.16425
LA_E_9365015.flac	2.2623125
LA_E_9366516.flac	4.5805
LA_E_9367632.flac	3.0819375
LA_E_9369098.flac	4.9058125
LA_E_9372882.flac	1.0826875
LA_E_9373648.flac	0.8870625
LA_E_9374301.flac	7.3961875
LA_E_9375638.flac	3.2139375
LA_E_9375648.flac	3.304125
LA_E_9378189.flac	4.003
LA_E_9378528.flac	2.299375
LA_E_9381107.flac	3.37375
LA_E_9382115.flac	4.006125
LA_E_9389248.flac	2.9246875
LA_E_9389462.flac	2.1494375
LA_E_9391413.flac	1.446375
LA_E_9394353.flac	2.94275
LA_E_9396969.flac	3.32425
LA_E_9398311.flac	3.628625
LA_E_9398902.flac	3.984375
LA_E_9401464.flac	2.4288125
LA_E_9401604.flac	5.004
LA_E_9401716.flac	1.392375
LA_E_9404721.flac	5.374125
LA_E_9405547.flac	1.6044375
LA_E_9406002.flac	2.0379375
LA_E_9406940.flac	1.79325
LA_E_9409303.flac	3.6869375
LA_E_9410474.flac	5.416875
LA_E_9410541.flac	2.3856875
LA_E_9410564.flac	1.9878125
LA_E_9413642.flac	3.3276875
LA_E_9414149.flac	1.51675
LA_E_9417263.flac	2.01625
LA_E_9419854.flac	4.2195625
LA_E_9420017.flac	2.644375
LA_E_9420063.flac	2.9035625
LA_E_9420959.flac	1.5795
LA_E_9421336.flac	2.270125
LA_E_9425200.flac	1.2899375
LA_E_9428167.flac	5.065
LA_E_9431255.flac	4.5279375
LA_E_9431278.flac	2.6455625
LA_E_9433024.flac	3.2528125
LA_E_9436249.flac	2.169375
LA_E_9437040.flac	3.6613125
LA_E_9440155.flac	4.1376875
LA_E_9441149.flac	1.5934375
LA_E_9441740.flac	2.90725
LA_E_9443754.flac	2.4319375
LA_E_9444582.flac	1.7506875
LA_E_9445818.flac	1.7148125
LA_E_9449422.flac	1.0460625
LA_E_9452054.flac	7.4195
LA_E_9452979.flac	4.986875
LA_E_9454238.flac	3.2428125
LA_E_9455238.flac	3.2086875
LA_E_9456981.flac	4.93975
LA_E_9458863.flac	3.75175
LA_E_9459573.flac	2.8969375
LA_E_9462018.flac	2.432375
LA_E_9464877.flac	2.210375
LA_E_9465585.flac	2.172
LA_E_9467505.flac	2.1420625
LA_E_9468275.flac	5.9858125
LA_E_9469332.flac	3.91575
LA_E_9469431.flac	2.3793125
LA_E_9470174.flac	3.1918125
LA_E_9472623.flac	2.0265
LA_E_9472752.flac	2.783
LA_E_9473460.flac	3.82925
LA_E_9474108.flac	2.3188125
LA_E_9476112.flac	1.718
LA_E_9476162.flac	1.866375
LA_E_9476637.flac	2.463125
LA_E_9476709.flac	2.6374375
LA_E_9477263.flac	1.1050625
LA_E_9478374.flac	1.61
LA_E_9479740.flac	1.33175
LA_E_9480588.flac	1.8995625
LA_E_9482564.flac	3.3645625
LA_E_9483336.flac	1.1985625
LA_E_9487881.flac	2.408
LA_E_9489526.flac	2.8165
LA_E_9489604.flac	4.023125
LA_E_9489707.flac	1.828625
LA_E_9490251.flac	1.8739375
LA_E_9490657.flac	2.9386875
LA_E_9492175.flac	2.959125
LA_E_9496183.flac	2.2533125
LA_E_9496747.flac	4.7454375
LA_E_9497664.flac	3.8063125
LA_E_9500282.flac	5.8516875
LA_E_9500557.flac	1.403875
LA_E_9501058.flac	3.4953125
LA_E_9501183.flac	2.2865625
LA_E_9501805.flac	2.0118125
LA_E_9506363.flac	4.652875
LA_E_9507681.flac	0.9083125
LA_E_9508397.flac	1.2651875
LA_E_9516364.flac	3.500375
LA_E_9518312.flac	3.795625
LA_E_9519495.flac	2.6859375
LA_E_9523574.flac	6.6541875
LA_E_9525524.flac	5.136625
LA_E_9528365.flac	1.379375
LA_E_9528968.flac	3.112375
LA_E_9529933.flac	2.561
LA_E_9533145.flac	2.9158125
LA_E_9538027.flac	3.6561875
LA_E_9538836.flac	3.41675
LA_E_9539654.flac	2.782375
LA_E_9541091.flac	1.7378125
LA_E_9541824.flac	3.4603125
LA_E_9542920.flac	2.7183125
LA_E_9543455.flac	3.6341875
LA_E_9544869.flac	4.21875
LA_E_9545892.flac	2.64375
LA_E_9545907.flac	1.8771875
LA_E_9546016.flac	1.068375
LA_E_9546127.flac	2.389
LA_E_9546882.flac	3.422
LA_E_9549306.flac	1.1455
LA_E_9550303.flac	3.4980625
LA_E_9552199.flac	1.5109375
LA_E_9552991.flac	1.383375
LA_E_9554412.flac	2.56875
LA_E_9554720.flac	2.5093125
LA_E_9557535.flac	4.2179375
LA_E_9557876.flac	1.9344375
LA_E_9561074.flac	1.7081875
LA_E_9562857.flac	2.6395625
LA_E_9563673.flac	1.619625
LA_E_9564152.flac	2.6201875
LA_E_9566273.flac	2.894875
LA_E_9569988.flac	2.419125
LA_E_9570275.flac	2.8601875
LA_E_9570449.flac	2.1783125
LA_E_9572435.flac	1.3724375
LA_E_9573047.flac	1.3019375
LA_E_9573115.flac	8.656125
LA_E_9575608.flac	1.9533125
LA_E_9577092.flac	1.322
LA_E_9577105.flac	1.622125
LA_E_9577167.flac	4.776
LA_E_9578023.flac	5.2979375
LA_E_9578227.flac	2.4718125
LA_E_9578602.flac	1.8780625
LA_E_9578672.flac	2.8105625
LA_E_9578902.flac	3.8680625
LA_E_9579470.flac	2.69325
LA_E_9579868.flac	1.6286875
LA_E_9580036.flac	1.94125
LA_E_9580856.flac	3.5793125
LA_E_9584176.flac	2.48425
LA_E_9584774.flac	1.3284375
LA_E_9585172.flac	2.5915625
LA_E_9588641.flac	2.6396875
LA_E_9591689.flac	1.3089375
LA_E_9596429.flac	2.171
LA_E_9598081.flac	1.8761875
LA_E_9600463.flac	3.4886875
LA_E_9601831.flac	3.925625
LA_E_9610899.flac	3.6966875
LA_E_9611204.flac	3.4619375
LA_E_9613917.flac	1.9366875
LA_E_9615325.flac	5.67025
LA_E_9616916.flac	5.6988125
LA_E_9617785.flac	2.5549375
LA_E_9617894.flac	2.9798125
LA_E_9622619.flac	1.304125
LA_E_9628030.flac	1.4460625
LA_E_9629824.flac	2.0985
LA_E_9629881.flac	3.7906875
LA_E_9632320.flac	4.175375
LA_E_9634234.flac	2.8555
LA_E_9635096.flac	2.3870625
LA_E_9635335.flac	5.2833125
LA_E_9641065.flac	4.029375
LA_E_9641883.flac	3.6603125
LA_E_9646851.flac	7.6024375
LA_E_9653155.flac	4.35575
LA_E_9653349.flac	2.2659375
LA_E_9655204.flac	2.298
LA_E_9661345.flac	2.638625
LA_E_9664691.flac	2.2731875
LA_E_9669033.flac	3.14975
LA_E_9669110.flac	1.2334375
LA_E_9669415.flac	3.0798125
LA_E_9669594.flac	5.1153125
LA_E_9670886.flac	1.634
LA_E_9671886.flac	2.068375
LA_E_9672753.flac	1.2280625
LA_E_9679489.flac	2.4763125
LA_E_9679623.flac	1.117375
LA_E_9683053.flac	1.6960625
LA_E_9683426.flac	3.37
LA_E_9685686.flac	3.316375
LA_E_9686154.flac	1.394
LA_E_9686710.flac	2.45625
LA_E_9687068.flac	3.1891875
LA_E_9688483.flac	2.986125
LA_E_9689749.flac	2.06075
LA_E_9691199.flac	1.97375
LA_E_9695181.flac	3.452375
LA_E_9695591.flac	4.307125
LA_E_9698577.flac	2.5105
LA_E_9699829.flac	2.597375
LA_E_9700814.flac	2.672
LA_E_9704138.flac	2.845
LA_E_9711562.flac	2.5114375
LA_E_9712280.flac	2.9551875
LA_E_9714876.flac	0.8763125
LA_E_9716942.flac	3.626375
LA_E_9720434.flac	1.8708125
LA_E_9720477.flac	2.898125
LA_E_9721785.flac	5.885625
LA_E_9722569.flac	1.5179375
LA_E_9723884.flac	2.37775
LA_E_9724819.flac	1.2645
LA_E_9724970.flac	1.545375
LA_E_9725417.flac	1.701875
LA_E_9727788.flac	3.338375
LA_E_9738502.flac	2.6395625
LA_E_9740822.flac	2.601
LA_E_9744446.flac	3.1073125
LA_E_9747547.flac	3.1011875
LA_E_9748028.flac	2.1019375
LA_E_9748900.flac	1.995625
LA_E_9748984.flac	3.29975
LA_E_9751325.flac	2.0050625
LA_E_9752426.flac	3.719625
LA_E_9752985.flac	2.1744375
LA_E_9755088.flac	7.5185
LA_E_9756979.flac	1.968625
LA_E_9763476.flac	2.118875
LA_E_9765088.flac	3.4098125
LA_E_9766259.flac	3.6656875
LA_E_9766486.flac	2.50025
LA_E_9767268.flac	4.6844375
LA_E_9767427.flac	4.22075
LA_E_9768611.flac	2.635875
LA_E_9769191.flac	3.750125
LA_E_9769442.flac	1.033
LA_E_9775126.flac	2.3809375
LA_E_9780016.flac	3.635625
LA_E_9781533.flac	1.6856875
LA_E_9781717.flac	3.0676875
LA_E_9782296.flac	1.618
LA_E_9784720.flac	4.2613125
LA_E_9786193.flac	1.646875
LA_E_9791536.flac	1.2239375
LA_E_9791582.flac	1.3726875
LA_E_9792352.flac	1.81675
LA_E_9797865.flac	4.213625
LA_E_9804952.flac	1.4978125
LA_E_9809209.flac	3.1163125
LA_E_9810814.flac	4.2254375
LA_E_9812574.flac	3.5994375
LA_E_9813732.flac	2.07225
LA_E_9816102.flac	1.6423125
LA_E_9816568.flac	2.26225
LA_E_9817776.flac	2.591375
LA_E_9817821.flac	2.3264375
LA_E_9818733.flac	2.8573125
LA_E_9821381.flac	3.537375
LA_E_9823006.flac	2.7420625
LA_E_9824708.flac	3.7668125
LA_E_9827115.flac	1.374375
LA_E_9830496.flac	4.7355
LA_E_9831475.flac	2.387375
LA_E_9835412.flac	5.25975
LA_E_9836191.flac	4.216375
LA_E_9836233.flac	2.42625
LA_E_9836548.flac	2.515875
LA_E_9837996.flac	1.4430625
LA_E_9841867.flac	2.3899375
LA_E_9842291.flac	2.544
LA_E_9845174.flac	2.7439375
LA_E_9847743.flac	3.529875
LA_E_9848033.flac	1.662625
LA_E_9848915.flac	5.7151875
LA_E_9849269.flac	0.6725625
LA_E_9852029.flac	2.21225
LA_E_9852226.flac	3.4150625
LA_E_9853957.flac	1.848625
LA_E_9856837.flac	1.9345625
LA_E_9858062.flac	1.9005
LA_E_9859405.flac	2.697625
LA_E_9862567.flac	0.7391875
LA_E_9862588.flac	3.362875
LA_E_9864435.flac	1.109375
LA_E_9865349.flac	3.4936875
LA_E_9865623.flac	1.917125
LA_E_9867158.flac	1.06175
LA_E_9871030.flac	4.6566875
LA_E_9875753.flac	5.36325
LA_E_9876543.flac	1.0065625
LA_E_9878615.flac	2.3008125
LA_E_9882928.flac	2.40025
LA_E_9883339.flac	1.76925
LA_E_9884605.flac	2.39075
LA_E_9888114.flac	3.0243125
LA_E_9888471.flac	2.6905
LA_E_9892674.flac	1.786125
LA_E_9893070.flac	6.507875
LA_E_9893191.flac	3.2739375
LA_E_9893355.flac	4.2158125
LA_E_9893422.flac	5.893875
LA_E_9893728.flac	2.72025
LA_E_9897022.flac	2.43375
LA_E_9902918.flac	3.0651875
LA_E_9905142.flac	4.7215625
LA_E_9905312.flac	3.987375
LA_E_9905321.flac	3.6688125
LA_E_9911769.flac	3.6223125
LA_E_9911780.flac	2.0384375
LA_E_9912461.flac	2.643875
LA_E_9914102.flac	4.649
LA_E_9916491.flac	1.38625
LA_E_9916517.flac	3.6616875
LA_E_9918664.flac	2.3345625
LA_E_9921607.flac	2.757375
LA_E_9921618.flac	3.9950625
LA_E_9922201.flac	4.089875
LA_E_9922817.flac	3.664
LA_E_9926658.flac	6.0444375
LA_E_9927228.flac	2.34725
LA_E_9928854.flac	1.8493125
LA_E_9929456.flac	2.58975
LA_E_9930093.flac	2.0814375
LA_E_9931820.flac	3.4568125
LA_E_9934257.flac	2.4930625
LA_E_9936778.flac	1.8863125
LA_E_9940229.flac	3.5045
LA_E_9940551.flac	3.9208125
LA_E_9941106.flac	3.2345625
LA_E_9941606.flac	3.5050625
LA_E_9942291.flac	2.8429375
LA_E_9944556.flac	4.5735625
LA_E_9948171.flac	1.496625
LA_E_9950075.flac	1.721125
LA_E_9950431.flac	3.7035625
LA_E_9954560.flac	7.07525
LA_E_9955287.flac	1.865375
LA_E_9957599.flac	5.1185625
LA_E_9958575.flac	2.370125
LA_E_9959149.flac	1.330875
LA_E_9961262.flac	2.9858125
LA_E_9961877.flac	4.3063125
LA_E_9962476.flac	1.092
LA_E_9965571.flac	3.215
LA_E_9972127.flac	3.824
LA_E_9976376.flac	3.3
LA_E_9977288.flac	2.992375
LA_E_9979372.flac	1.6835
LA_E_9980306.flac	2.8693125
LA_E_9985950.flac	3.8799375
LA_E_9989698.flac	3.6523125
LA_E_9990379.flac	2.4011875
LA_E_9992081.flac	6.6965625
LA_E_9992534.flac	1.975125
LA_E_9993418.flac	2.740125
LA_E_9994014.flac	2.515875
LA_E_9994368.flac	4.395375
LA_E_9995041.flac	1.746875
LA_E_9997458.flac	2.1138125
LA_E_9999487.flac	1.622125
